time_s,accel_m_s2,accel_g
0.0000,0.008009,0.000817
0.0100,0.007976,0.000813
0.0200,0.007930,0.000809
0.0300,0.007859,0.000801
0.0400,0.007780,0.000793
0.0500,0.007679,0.000783
0.0600,0.007617,0.000777
0.0700,0.007858,0.000801
0.0800,0.007739,0.000789
0.0900,0.008007,0.000816
0.1000,0.007218,0.000736
0.1100,0.007020,0.000716
0.1200,0.007188,0.000733
0.1300,0.006582,0.000671
0.1400,0.006289,0.000641
0.1500,0.006388,0.000651
0.1600,0.006074,0.000619
0.1700,0.006845,0.000698
0.1800,0.007365,0.000751
0.1900,0.007050,0.000719
0.2000,0.009018,0.000920
0.2100,0.010843,0.001106
0.2200,0.009379,0.000956
0.2300,0.006514,0.000664
0.2400,0.008107,0.000827
0.2500,0.005007,0.000511
0.2600,0.000085,0.000009
0.2700,-0.004471,-0.000456
0.2800,-0.002925,-0.000298
0.2900,-0.001215,-0.000124
0.3000,0.002234,0.000228
0.3100,0.004519,0.000461
0.3200,0.007566,0.000772
0.3300,0.012535,0.001278
0.3400,0.014019,0.001429
0.3500,0.014310,0.001459
0.3600,0.018980,0.001935
0.3700,0.017020,0.001736
0.3800,0.019570,0.001996
0.3900,0.019800,0.002019
0.4000,0.023793,0.002426
0.4100,0.011655,0.001188
0.4200,0.019474,0.001986
0.4300,0.028425,0.002899
0.4400,0.027478,0.002802
0.4500,0.038112,0.003886
0.4600,0.041112,0.004192
0.4700,0.033534,0.003419
0.4800,0.025237,0.002573
0.4900,0.029247,0.002982
0.5000,0.049804,0.005079
0.5100,0.060775,0.006197
0.5200,0.041437,0.004225
0.5300,0.037045,0.003778
0.5400,0.042103,0.004293
0.5500,0.036768,0.003749
0.5600,0.020117,0.002051
0.5700,0.001632,0.000166
0.5800,0.012553,0.001280
0.5900,-0.004764,-0.000486
0.6000,-0.002489,-0.000254
0.6100,-0.002124,-0.000217
0.6200,0.013665,0.001393
0.6300,0.029403,0.002998
0.6400,0.020239,0.002064
0.6500,0.020741,0.002115
0.6600,0.000467,0.000048
0.6700,-0.022721,-0.002317
0.6800,-0.068876,-0.007023
0.6900,-0.091491,-0.009329
0.7000,-0.114850,-0.011711
0.7100,-0.151868,-0.015486
0.7200,-0.151848,-0.015484
0.7300,-0.157621,-0.016073
0.7400,-0.165656,-0.016892
0.7500,-0.181681,-0.018526
0.7600,-0.204074,-0.020810
0.7700,-0.209968,-0.021411
0.7800,-0.218882,-0.022320
0.7900,-0.206746,-0.021082
0.8000,-0.146634,-0.014952
0.8100,-0.130224,-0.013279
0.8200,-0.074230,-0.007569
0.8300,-0.065710,-0.006701
0.8400,-0.064104,-0.006537
0.8500,-0.106636,-0.010874
0.8600,-0.136804,-0.013950
0.8700,-0.108705,-0.011085
0.8800,-0.078736,-0.008029
0.8900,-0.087019,-0.008873
0.9000,-0.065335,-0.006662
0.9100,-0.045051,-0.004594
0.9200,0.024568,0.002505
0.9300,0.050394,0.005139
0.9400,0.062906,0.006415
0.9500,0.100275,0.010225
0.9600,0.139486,0.014224
0.9700,0.065284,0.006657
0.9800,0.073335,0.007478
0.9900,0.056414,0.005753
1.0000,0.106932,0.010904
1.0100,0.158412,0.016154
1.0200,0.087289,0.008901
1.0300,0.137017,0.013972
1.0400,0.103576,0.010562
1.0500,0.124601,0.012706
1.0600,0.180560,0.018412
1.0700,0.207634,0.021173
1.0800,0.171255,0.017463
1.0900,0.124348,0.012680
1.1000,0.116821,0.011912
1.1100,0.083908,0.008556
1.1200,0.030333,0.003093
1.1300,-0.038333,-0.003909
1.1400,-0.069211,-0.007058
1.1500,-0.024117,-0.002459
1.1600,-0.049407,-0.005038
1.1700,0.013282,0.001354
1.1800,-0.016918,-0.001725
1.1900,-0.025535,-0.002604
1.2000,0.060757,0.006196
1.2100,0.082886,0.008452
1.2200,0.029553,0.003014
1.2300,-0.131109,-0.013369
1.2400,-0.132343,-0.013495
1.2500,-0.055536,-0.005663
1.2600,-0.090082,-0.009186
1.2700,-0.125430,-0.012790
1.2800,-0.069065,-0.007043
1.2900,0.051290,0.005230
1.3000,0.033896,0.003456
1.3100,-0.031950,-0.003258
1.3200,0.048061,0.004901
1.3300,0.001301,0.000133
1.3400,-0.058791,-0.005995
1.3500,-0.149998,-0.015296
1.3600,-0.057625,-0.005876
1.3700,-0.051235,-0.005224
1.3800,-0.092505,-0.009433
1.3900,-0.024627,-0.002511
1.4000,-0.070511,-0.007190
1.4100,-0.059056,-0.006022
1.4200,-0.020375,-0.002078
1.4300,-0.107473,-0.010959
1.4400,-0.162176,-0.016537
1.4500,-0.099344,-0.010130
1.4600,-0.174510,-0.017795
1.4700,-0.224983,-0.022942
1.4800,-0.359833,-0.036693
1.4900,-0.246115,-0.025097
1.5000,-0.204652,-0.020869
1.5100,-0.316135,-0.032237
1.5200,-0.251609,-0.025657
1.5300,-0.082137,-0.008376
1.5400,-0.071259,-0.007266
1.5500,-0.123199,-0.012563
1.5600,-0.090649,-0.009244
1.5700,-0.036131,-0.003684
1.5800,0.083884,0.008554
1.5900,0.165137,0.016839
1.6000,0.130399,0.013297
1.6100,0.080925,0.008252
1.6200,-0.072361,-0.007379
1.6300,-0.271545,-0.027690
1.6400,-0.299684,-0.030559
1.6500,-0.371700,-0.037903
1.6600,-0.311814,-0.031796
1.6700,-0.356271,-0.036330
1.6800,-0.332391,-0.033894
1.6900,-0.248177,-0.025307
1.7000,-0.256552,-0.026161
1.7100,-0.069332,-0.007070
1.7200,-0.092934,-0.009477
1.7300,-0.034154,-0.003483
1.7400,-0.064068,-0.006533
1.7500,-0.021480,-0.002190
1.7600,0.100801,0.010279
1.7700,0.153543,0.015657
1.7800,0.266478,0.027173
1.7900,0.450048,0.045892
1.8000,0.434834,0.044341
1.8100,0.421721,0.043004
1.8200,0.562454,0.057354
1.8300,0.535955,0.054652
1.8400,0.519610,0.052986
1.8500,0.494792,0.050455
1.8600,0.706940,0.072088
1.8700,0.991066,0.101061
1.8800,0.879307,0.089664
1.8900,0.788441,0.080399
1.9000,0.882827,0.090023
1.9100,0.702370,0.071622
1.9200,0.664811,0.067792
1.9300,0.579998,0.059143
1.9400,0.549000,0.055982
1.9500,0.323097,0.032947
1.9600,0.293253,0.029903
1.9700,0.272697,0.027807
1.9800,0.251389,0.025635
1.9900,0.299120,0.030502
2.0000,0.138409,0.014114
2.0100,0.023049,0.002350
2.0200,-0.038581,-0.003934
2.0300,-0.028673,-0.002924
2.0400,0.046770,0.004769
2.0500,0.070756,0.007215
2.0600,0.154828,0.015788
2.0700,0.096451,0.009835
2.0800,0.076402,0.007791
2.0900,0.096216,0.009811
2.1000,0.050048,0.005104
2.1100,0.132637,0.013525
2.1200,0.351057,0.035798
2.1300,0.456112,0.046510
2.1400,0.506802,0.051679
2.1500,0.558224,0.056923
2.1600,0.524254,0.053459
2.1700,0.462646,0.047177
2.1800,0.443871,0.045262
2.1900,0.589709,0.060134
2.2000,0.528876,0.053930
2.2100,0.481004,0.049049
2.2200,0.316886,0.032313
2.2300,-0.167667,-0.017097
2.2400,-0.284166,-0.028977
2.2500,-0.300608,-0.030653
2.2600,-0.330936,-0.033746
2.2700,-0.497686,-0.050750
2.2800,-0.463492,-0.047263
2.2900,-0.236838,-0.024151
2.3000,-0.516778,-0.052697
2.3100,-0.482596,-0.049211
2.3200,-0.472028,-0.048133
2.3300,-0.487640,-0.049725
2.3400,-0.494565,-0.050432
2.3500,-0.459351,-0.046841
2.3600,-0.171799,-0.017519
2.3700,-0.056420,-0.005753
2.3800,0.097381,0.009930
2.3900,0.355979,0.036300
2.4000,0.410973,0.041908
2.4100,0.313746,0.031993
2.4200,0.087995,0.008973
2.4300,0.107718,0.010984
2.4400,0.261556,0.026671
2.4500,0.274259,0.027967
2.4600,0.109195,0.011135
2.4700,-0.107562,-0.010968
2.4800,-0.262701,-0.026788
2.4900,-0.086783,-0.008849
2.5000,0.004353,0.000444
2.5100,-0.085121,-0.008680
2.5200,0.100438,0.010242
2.5300,0.246995,0.025186
2.5400,0.081163,0.008276
2.5500,-0.142804,-0.014562
2.5600,-0.116734,-0.011904
2.5700,-0.232559,-0.023714
2.5800,-0.230217,-0.023476
2.5900,-0.333381,-0.033995
2.6000,-0.400607,-0.040851
2.6100,-0.468608,-0.047785
2.6200,-0.660301,-0.067332
2.6300,-0.561651,-0.057272
2.6400,-0.371252,-0.037857
2.6500,-0.596733,-0.060850
2.6600,-0.623786,-0.063608
2.6700,-0.440756,-0.044945
2.6800,-0.231611,-0.023618
2.6900,-0.468593,-0.047783
2.7000,-0.699622,-0.071342
2.7100,-0.801647,-0.081745
2.7200,-0.549844,-0.056069
2.7300,-0.375314,-0.038271
2.7400,-0.428677,-0.043713
2.7500,-0.409548,-0.041762
2.7600,-0.166307,-0.016959
2.7700,-0.383371,-0.039093
2.7800,-0.419866,-0.042814
2.7900,-0.484040,-0.049358
2.8000,-0.344145,-0.035093
2.8100,-0.554576,-0.056551
2.8200,-0.424291,-0.043266
2.8300,-0.145804,-0.014868
2.8400,-0.096633,-0.009854
2.8500,-0.075244,-0.007673
2.8600,0.221784,0.022616
2.8700,0.066348,0.006766
2.8800,0.115391,0.011767
2.8900,0.603939,0.061585
2.9000,0.871259,0.088844
2.9100,0.882720,0.090012
2.9200,0.746869,0.076159
2.9300,0.739705,0.075429
2.9400,0.910442,0.092839
2.9500,0.882652,0.090005
2.9600,0.631469,0.064392
2.9700,0.412019,0.042014
2.9800,0.387060,0.039469
2.9900,0.165529,0.016879
3.0000,0.196282,0.020015
3.0100,-0.069530,-0.007090
3.0200,-0.221222,-0.022558
3.0300,-0.250959,-0.025591
3.0400,0.134682,0.013734
3.0500,0.233872,0.023848
3.0600,0.027409,0.002795
3.0700,0.401507,0.040942
3.0800,0.203781,0.020780
3.0900,-0.054882,-0.005596
3.1000,-0.204574,-0.020861
3.1100,-0.376621,-0.038405
3.1200,-0.496130,-0.050591
3.1300,-0.530421,-0.054088
3.1400,-0.291899,-0.029765
3.1500,-0.584997,-0.059653
3.1600,-0.354811,-0.036181
3.1700,-0.530972,-0.054144
3.1800,-0.587718,-0.059931
3.1900,-0.187600,-0.019130
3.2000,-0.274791,-0.028021
3.2100,-0.394329,-0.040210
3.2200,-0.651138,-0.066398
3.2300,-0.959220,-0.097813
3.2400,-0.982742,-0.100212
3.2500,-0.986657,-0.100611
3.2600,-1.069870,-0.109096
3.2700,-0.808176,-0.082411
3.2800,-0.954793,-0.097362
3.2900,-0.716304,-0.073043
3.3000,-0.798352,-0.081409
3.3100,-0.439795,-0.044847
3.3200,0.158440,0.016156
3.3300,0.388956,0.039662
3.3400,0.710012,0.072401
3.3500,0.917834,0.093593
3.3600,0.165085,0.016834
3.3700,0.197928,0.020183
3.3800,0.578463,0.058987
3.3900,0.731105,0.074552
3.4000,0.589761,0.060139
3.4100,0.429962,0.043844
3.4200,-0.178353,-0.018187
3.4300,-0.405933,-0.041394
3.4400,-0.060788,-0.006199
3.4500,0.011589,0.001182
3.4600,-0.406516,-0.041453
3.4700,-0.960929,-0.097988
3.4800,-0.690884,-0.070451
3.4900,-0.621605,-0.063386
3.5000,-0.487934,-0.049755
3.5100,0.341014,0.034774
3.5200,0.330954,0.033748
3.5300,0.289453,0.029516
3.5400,0.398071,0.040592
3.5500,0.067583,0.006892
3.5600,0.017824,0.001818
3.5700,-0.029725,-0.003031
3.5800,0.194863,0.019870
3.5900,-0.226606,-0.023107
3.6000,-0.565106,-0.057625
3.6100,-0.502876,-0.051279
3.6200,-0.588010,-0.059960
3.6300,-0.190163,-0.019391
3.6400,-0.440916,-0.044961
3.6500,-0.891477,-0.090905
3.6600,-1.282252,-0.130753
3.6700,-1.051087,-0.107181
3.6800,-0.984819,-0.100424
3.6900,-0.666384,-0.067952
3.7000,-0.242853,-0.024764
3.7100,-0.426257,-0.043466
3.7200,-0.394912,-0.040270
3.7300,-0.560394,-0.057144
3.7400,-0.503550,-0.051348
3.7500,-0.377565,-0.038501
3.7600,-0.602982,-0.061487
3.7700,-0.568844,-0.058006
3.7800,-0.243277,-0.024807
3.7900,0.042672,0.004351
3.8000,0.102947,0.010498
3.8100,0.356151,0.036317
3.8200,0.448921,0.045777
3.8300,-0.036556,-0.003728
3.8400,-0.116261,-0.011855
3.8500,-0.440748,-0.044944
3.8600,-1.112371,-0.113430
3.8700,-0.944909,-0.096354
3.8800,-0.928543,-0.094685
3.8900,-1.051176,-0.107190
3.9000,-0.284186,-0.028979
3.9100,-0.276365,-0.028181
3.9200,-0.282335,-0.028790
3.9300,-0.866721,-0.088381
3.9400,-0.729486,-0.074387
3.9500,-0.328363,-0.033484
3.9600,-0.626553,-0.063891
3.9700,-0.911725,-0.092970
3.9800,-1.160805,-0.118369
3.9900,-1.078982,-0.110026
4.0000,-1.225440,-0.124960
4.0100,-1.404951,-0.143265
4.0200,-1.576596,-0.160768
4.0300,-1.338582,-0.136497
4.0400,-1.216610,-0.124060
4.0500,-0.740385,-0.075498
4.0600,-0.798408,-0.081415
4.0700,-0.389341,-0.039702
4.0800,-0.587476,-0.059906
4.0900,-0.693187,-0.070685
4.1000,-0.509788,-0.051984
4.1100,-0.657531,-0.067050
4.1200,-0.444274,-0.045303
4.1300,-0.714035,-0.072811
4.1400,-0.267431,-0.027270
4.1500,-0.012098,-0.001234
4.1600,-0.518751,-0.052898
4.1700,-0.825573,-0.084185
4.1800,-0.842673,-0.085929
4.1900,-0.204854,-0.020889
4.2000,-0.491073,-0.050075
4.2100,-0.724028,-0.073830
4.2200,-0.442769,-0.045150
4.2300,0.197876,0.020178
4.2400,0.351638,0.035857
4.2500,0.383754,0.039132
4.2600,0.141103,0.014388
4.2700,0.443449,0.045219
4.2800,0.015088,0.001539
4.2900,0.304482,0.031049
4.3000,0.715150,0.072925
4.3100,1.049234,0.106992
4.3200,0.737587,0.075213
4.3300,0.434230,0.044279
4.3400,0.393880,0.040165
4.3500,0.744986,0.075967
4.3600,0.606435,0.061839
4.3700,0.390179,0.039787
4.3800,0.979911,0.099923
4.3900,0.839639,0.085619
4.4000,0.819493,0.083565
4.4100,0.944659,0.096328
4.4200,1.208058,0.123188
4.4300,1.671938,0.170490
4.4400,1.972509,0.201140
4.4500,1.401316,0.142895
4.4600,1.533828,0.156407
4.4700,1.385354,0.141267
4.4800,0.768759,0.078392
4.4900,0.855812,0.087269
4.5000,1.338518,0.136491
4.5100,1.713495,0.174728
4.5200,1.729244,0.176334
4.5300,1.623906,0.165592
4.5400,1.037540,0.105800
4.5500,0.983412,0.100280
4.5600,0.838871,0.085541
4.5700,0.444804,0.045357
4.5800,0.429358,0.043782
4.5900,-0.053843,-0.005490
4.6000,-0.340218,-0.034693
4.6100,-0.400031,-0.040792
4.6200,-0.223187,-0.022759
4.6300,0.150746,0.015372
4.6400,-0.048986,-0.004995
4.6500,0.033957,0.003463
4.6600,0.268981,0.027428
4.6700,0.046848,0.004777
4.6800,0.733819,0.074829
4.6900,0.103047,0.010508
4.7000,0.328678,0.033516
4.7100,0.416468,0.042468
4.7200,0.402183,0.041011
4.7300,0.019670,0.002006
4.7400,-0.309769,-0.031588
4.7500,-0.293356,-0.029914
4.7600,0.072429,0.007386
4.7700,0.500383,0.051025
4.7800,0.738472,0.075303
4.7900,0.822192,0.083840
4.8000,0.859853,0.087681
4.8100,0.823062,0.083929
4.8200,0.869343,0.088648
4.8300,1.772498,0.180744
4.8400,1.123219,0.114536
4.8500,0.648444,0.066123
4.8600,0.160796,0.016397
4.8700,-0.452005,-0.046092
4.8800,-0.846156,-0.086284
4.8900,-1.089273,-0.111075
4.9000,-0.964783,-0.098381
4.9100,-0.479576,-0.048903
4.9200,-0.746956,-0.076168
4.9300,-0.594948,-0.060668
4.9400,-0.311182,-0.031732
4.9500,-0.000479,-0.000049
4.9600,0.587215,0.059879
4.9700,0.465874,0.047506
4.9800,-0.192346,-0.019614
4.9900,0.069866,0.007124
5.0000,0.047781,0.004872
5.0100,-0.241408,-0.024617
5.0200,0.146062,0.014894
5.0300,0.577689,0.058908
5.0400,1.241224,0.126570
5.0500,1.702240,0.173580
5.0600,2.020218,0.206005
5.0700,2.392062,0.243922
5.0800,2.119081,0.216086
5.0900,2.175694,0.221859
5.1000,2.121131,0.216295
5.1100,1.726145,0.176018
5.1200,2.137148,0.217928
5.1300,2.499150,0.254842
5.1400,2.360429,0.240697
5.1500,1.827820,0.186386
5.1600,1.098026,0.111967
5.1700,1.151095,0.117379
5.1800,1.328290,0.135448
5.1900,0.737995,0.075255
5.2000,0.663691,0.067678
5.2100,0.332909,0.033947
5.2200,0.030955,0.003157
5.2300,-0.004420,-0.000451
5.2400,-0.028094,-0.002865
5.2500,-0.445466,-0.045425
5.2600,0.014738,0.001503
5.2700,0.221053,0.022541
5.2800,0.293409,0.029919
5.2900,0.861935,0.087893
5.3000,0.725207,0.073951
5.3100,0.643785,0.065648
5.3200,0.886660,0.090414
5.3300,1.271681,0.129675
5.3400,1.304205,0.132992
5.3500,0.887349,0.090484
5.3600,0.568981,0.058020
5.3700,0.681101,0.069453
5.3800,0.720400,0.073460
5.3900,1.016765,0.103681
5.4000,0.652040,0.066490
5.4100,-0.382748,-0.039029
5.4200,-0.527362,-0.053776
5.4300,-0.917349,-0.093544
5.4400,-1.355700,-0.138243
5.4500,-1.111816,-0.113374
5.4600,-0.343890,-0.035067
5.4700,-0.431541,-0.044005
5.4800,-0.269535,-0.027485
5.4900,-0.307570,-0.031363
5.5000,-0.299947,-0.030586
5.5100,0.195091,0.019894
5.5200,-0.193537,-0.019735
5.5300,-0.375029,-0.038242
5.5400,-0.792961,-0.080859
5.5500,0.067713,0.006905
5.5600,0.453976,0.046293
5.5700,0.584299,0.059582
5.5800,1.144421,0.116699
5.5900,0.741595,0.075622
5.6000,1.075163,0.109636
5.6100,0.654548,0.066745
5.6200,0.334778,0.034138
5.6300,0.396857,0.040468
5.6400,0.350720,0.035763
5.6500,0.544852,0.055559
5.6600,0.164970,0.016822
5.6700,-0.247037,-0.025191
5.6800,-0.246968,-0.025184
5.6900,-0.664613,-0.067772
5.7000,-0.855563,-0.087243
5.7100,-0.707060,-0.072100
5.7200,0.254859,0.025988
5.7300,0.025569,0.002607
5.7400,0.373563,0.038093
5.7500,0.469980,0.047925
5.7600,0.129081,0.013163
5.7700,0.010381,0.001059
5.7800,0.230341,0.023488
5.7900,0.927223,0.094550
5.8000,1.301457,0.132712
5.8100,0.858583,0.087551
5.8200,0.598783,0.061059
5.8300,0.078258,0.007980
5.8400,-0.576253,-0.058761
5.8500,-1.225112,-0.124927
5.8600,-1.321943,-0.134801
5.8700,-0.740681,-0.075528
5.8800,-0.742790,-0.075744
5.8900,-0.363782,-0.037095
5.9000,-0.551995,-0.056288
5.9100,-0.952759,-0.097154
5.9200,-0.798165,-0.081390
5.9300,-0.420659,-0.042895
5.9400,-0.200262,-0.020421
5.9500,-0.580819,-0.059227
5.9600,-0.684346,-0.069784
5.9700,-1.061988,-0.108293
5.9800,-1.504902,-0.153457
5.9900,-1.321217,-0.134727
6.0000,-0.856100,-0.087298
6.0100,-1.484266,-0.151353
6.0200,-1.017386,-0.103744
6.0300,-0.340089,-0.034679
6.0400,-0.225135,-0.022957
6.0500,0.640171,0.065279
6.0600,1.491120,0.152052
6.0700,1.971769,0.201064
6.0800,2.292179,0.233737
6.0900,2.017275,0.205705
6.1000,1.558260,0.158898
6.1100,1.472696,0.150173
6.1200,1.573461,0.160448
6.1300,1.449558,0.147814
6.1400,1.219118,0.124315
6.1500,1.548014,0.157854
6.1600,1.257193,0.128198
6.1700,0.195825,0.019969
6.1800,-0.588518,-0.060012
6.1900,-0.800553,-0.081634
6.2000,-0.833549,-0.084998
6.2100,-1.511977,-0.154179
6.2200,-2.408746,-0.245624
6.2300,-2.477223,-0.252606
6.2400,-2.051967,-0.209242
6.2500,-1.676991,-0.171005
6.2600,-1.108756,-0.113062
6.2700,-0.452764,-0.046169
6.2800,-0.253923,-0.025893
6.2900,-0.887255,-0.090475
6.3000,-0.893482,-0.091110
6.3100,-0.417621,-0.042585
6.3200,0.225235,0.022968
6.3300,0.362370,0.036951
6.3400,-0.089876,-0.009165
6.3500,-0.270053,-0.027538
6.3600,-0.163175,-0.016639
6.3700,0.356009,0.036303
6.3800,0.979367,0.099868
6.3900,1.340045,0.136647
6.4000,1.060028,0.108093
6.4100,0.293692,0.029948
6.4200,0.481010,0.049049
6.4300,0.248636,0.025354
6.4400,0.261551,0.026671
6.4500,0.487033,0.049664
6.4600,1.848333,0.188478
6.4700,3.368263,0.343467
6.4800,3.028638,0.308835
6.4900,2.952242,0.301045
6.5000,2.130935,0.217295
6.5100,2.071805,0.211265
6.5200,1.944809,0.198315
6.5300,1.352649,0.137932
6.5400,0.952403,0.097118
6.5500,0.337295,0.034395
6.5600,-0.269961,-0.027528
6.5700,-0.495992,-0.050577
6.5800,-0.964814,-0.098384
6.5900,-0.882085,-0.089948
6.6000,-0.777154,-0.079248
6.6100,-0.495535,-0.050531
6.6200,-0.018710,-0.001908
6.6300,0.018110,0.001847
6.6400,-0.692122,-0.070577
6.6500,-0.182917,-0.018652
6.6600,0.116731,0.011903
6.6700,-0.713194,-0.072726
6.6800,-0.864550,-0.088160
6.6900,-0.356185,-0.036321
6.7000,-0.204503,-0.020853
6.7100,-0.445915,-0.045471
6.7200,-1.690697,-0.172403
6.7300,-1.625356,-0.165740
6.7400,-1.929154,-0.196719
6.7500,-0.889019,-0.090655
6.7600,-0.127014,-0.012952
6.7700,0.649788,0.066260
6.7800,0.198086,0.020199
6.7900,-0.883319,-0.090073
6.8000,-1.589325,-0.162066
6.8100,-1.788329,-0.182359
6.8200,-1.151152,-0.117385
6.8300,-1.623073,-0.165507
6.8400,-1.340869,-0.136731
6.8500,-0.418801,-0.042706
6.8600,-0.342628,-0.034938
6.8700,-0.032342,-0.003298
6.8800,0.703216,0.071708
6.8900,0.394104,0.040187
6.9000,-0.451616,-0.046052
6.9100,-0.715372,-0.072948
6.9200,-1.756309,-0.179094
6.9300,-1.527057,-0.155716
6.9400,-1.991395,-0.203066
6.9500,-1.810546,-0.184624
6.9600,-2.322053,-0.236783
6.9700,-2.548693,-0.259894
6.9800,-2.204375,-0.224784
6.9900,-2.617742,-0.266935
7.0000,-2.060016,-0.210063
7.0100,-1.425984,-0.145410
7.0200,-1.304874,-0.133060
7.0300,-1.475370,-0.150446
7.0400,-0.704036,-0.071792
7.0500,-0.386909,-0.039454
7.0600,-0.716838,-0.073097
7.0700,-1.442533,-0.147097
7.0800,-1.383231,-0.141050
7.0900,-0.784436,-0.079990
7.1000,-0.660106,-0.067312
7.1100,-1.733367,-0.176754
7.1200,-2.298987,-0.234431
7.1300,-2.031763,-0.207182
7.1400,-1.899498,-0.193695
7.1500,-1.875192,-0.191216
7.1600,-2.274899,-0.231975
7.1700,-1.704635,-0.173824
7.1800,-1.719601,-0.175351
7.1900,-1.378578,-0.140576
7.2000,-0.698327,-0.071210
7.2100,-1.563297,-0.159412
7.2200,-1.464673,-0.149355
7.2300,-2.685018,-0.273796
7.2400,-2.754709,-0.280902
7.2500,-2.474704,-0.252350
7.2600,-2.503268,-0.255262
7.2700,-3.099336,-0.316044
7.2800,-3.803570,-0.387856
7.2900,-3.634719,-0.370638
7.3000,-2.992601,-0.305160
7.3100,-3.120427,-0.318195
7.3200,-2.497594,-0.254684
7.3300,-2.592653,-0.264377
7.3400,-2.104396,-0.214589
7.3500,-0.527303,-0.053770
7.3600,0.282203,0.028777
7.3700,0.217354,0.022164
7.3800,0.770864,0.078606
7.3900,-0.035158,-0.003585
7.4000,0.357312,0.036436
7.4100,0.017546,0.001789
7.4200,-0.507826,-0.051784
7.4300,-0.928944,-0.094726
7.4400,-1.166696,-0.118970
7.4500,-0.970007,-0.098913
7.4600,-1.056999,-0.107784
7.4700,-1.068273,-0.108934
7.4800,-0.938152,-0.095665
7.4900,-0.710570,-0.072458
7.5000,-0.154089,-0.015713
7.5100,-0.071907,-0.007332
7.5200,-0.025158,-0.002565
7.5300,0.343222,0.034999
7.5400,-0.382605,-0.039015
7.5500,0.265695,0.027093
7.5600,0.975128,0.099435
7.5700,1.913467,0.195119
7.5800,1.976814,0.201579
7.5900,2.288728,0.233385
7.6000,1.559919,0.159067
7.6100,1.760003,0.179470
7.6200,0.315603,0.032183
7.6300,0.927659,0.094595
7.6400,1.727621,0.176168
7.6500,2.220994,0.226478
7.6600,2.264475,0.230912
7.6700,2.105984,0.214751
7.6800,2.039160,0.207936
7.6900,1.530836,0.156102
7.7000,1.986314,0.202548
7.7100,1.853893,0.189044
7.7200,1.372475,0.139953
7.7300,2.051695,0.209215
7.7400,2.250536,0.229491
7.7500,2.738093,0.279208
7.7600,1.457577,0.148632
7.7700,1.615127,0.164697
7.7800,2.215750,0.225944
7.7900,1.768882,0.180376
7.8000,1.430578,0.145878
7.8100,1.538894,0.156924
7.8200,1.501159,0.153076
7.8300,1.120931,0.114303
7.8400,1.582769,0.161397
7.8500,1.338068,0.136445
7.8600,1.334103,0.136041
7.8700,1.540579,0.157095
7.8800,1.462023,0.149085
7.8900,1.648116,0.168061
7.9000,1.338184,0.136457
7.9100,0.766885,0.078200
7.9200,-0.171609,-0.017499
7.9300,-0.412624,-0.042076
7.9400,0.152180,0.015518
7.9500,0.493947,0.050369
7.9600,-0.449144,-0.045800
7.9700,-0.830240,-0.084661
7.9800,-1.141619,-0.116413
7.9900,-0.862604,-0.087961
8.0000,-1.295749,-0.132130
8.0100,-1.506286,-0.153598
8.0200,-1.205318,-0.122908
8.0300,-1.773463,-0.180843
8.0400,-2.059365,-0.209997
8.0500,-1.641026,-0.167338
8.0600,-2.049911,-0.209033
8.0700,-2.099188,-0.214058
8.0800,-1.857736,-0.189436
8.0900,-1.763438,-0.179821
8.1000,-1.083541,-0.110490
8.1100,-1.675968,-0.170901
8.1200,-1.356853,-0.138360
8.1300,-2.055250,-0.209577
8.1400,-2.065055,-0.210577
8.1500,-1.050675,-0.107139
8.1600,-0.728056,-0.074241
8.1700,-1.265563,-0.129051
8.1800,-0.845596,-0.086227
8.1900,0.148714,0.015165
8.2000,0.977235,0.099650
8.2100,1.788482,0.182374
8.2200,2.516666,0.256628
8.2300,2.572492,0.262321
8.2400,1.683133,0.171632
8.2500,0.968006,0.098709
8.2600,1.783951,0.181912
8.2700,2.167788,0.221053
8.2800,1.691945,0.172530
8.2900,3.309752,0.337501
8.3000,2.886506,0.294342
8.3100,2.711601,0.276506
8.3200,2.588436,0.263947
8.3300,2.488117,0.253717
8.3400,1.993330,0.203263
8.3500,1.872767,0.190969
8.3600,1.832504,0.186863
8.3700,2.188366,0.223151
8.3800,2.717377,0.277095
8.3900,2.597280,0.264849
8.4000,3.177377,0.324002
8.4100,3.643992,0.371584
8.4200,3.938570,0.401622
8.4300,3.798291,0.387318
8.4400,3.461256,0.352950
8.4500,3.144566,0.320657
8.4600,3.656936,0.372904
8.4700,3.684700,0.375735
8.4800,5.021005,0.512000
8.4900,4.123510,0.420481
8.5000,3.545447,0.361535
8.5100,2.617037,0.266864
8.5200,2.025144,0.206507
8.5300,1.757119,0.179176
8.5400,2.115993,0.215771
8.5500,2.011285,0.205094
8.5600,2.166939,0.220966
8.5700,2.126812,0.216874
8.5800,1.966395,0.200516
8.5900,2.555100,0.260548
8.6000,2.084966,0.212607
8.6100,1.554996,0.158565
8.6200,0.896903,0.091459
8.6300,0.632887,0.064537
8.6400,0.476536,0.048593
8.6500,0.122327,0.012474
8.6600,-0.339713,-0.034641
8.6700,0.404300,0.041227
8.6800,-0.507219,-0.051722
8.6900,-0.618872,-0.063107
8.7000,-1.406375,-0.143410
8.7100,-1.327217,-0.135338
8.7200,-0.921076,-0.093924
8.7300,-0.384463,-0.039204
8.7400,-0.458241,-0.046728
8.7500,-1.226934,-0.125112
8.7600,-1.848807,-0.188526
8.7700,-2.103905,-0.214539
8.7800,-1.318586,-0.134458
8.7900,-0.752065,-0.076689
8.8000,-1.940077,-0.197833
8.8100,-2.184451,-0.222752
8.8200,-1.755199,-0.178980
8.8300,-0.512839,-0.052295
8.8400,-0.236009,-0.024066
8.8500,-0.160312,-0.016347
8.8600,-0.083408,-0.008505
8.8700,-0.903958,-0.092178
8.8800,-1.594151,-0.162558
8.8900,-2.626994,-0.267879
8.9000,-2.423208,-0.247098
8.9100,-2.600573,-0.265185
8.9200,-2.822511,-0.287816
8.9300,-2.829816,-0.288561
8.9400,-1.367299,-0.139426
8.9500,-0.173730,-0.017715
8.9600,-0.723762,-0.073803
8.9700,-0.199003,-0.020293
8.9800,0.058616,0.005977
8.9900,1.070920,0.109203
9.0000,0.269120,0.027443
9.0100,0.017510,0.001786
9.0200,-1.435654,-0.146396
9.0300,-2.874134,-0.293080
9.0400,-2.386646,-0.243370
9.0500,-1.403423,-0.143109
9.0600,-0.076594,-0.007810
9.0700,0.466613,0.047581
9.0800,1.440114,0.146851
9.0900,0.983764,0.100316
9.1000,1.677721,0.171080
9.1100,1.285185,0.131052
9.1200,1.337476,0.136385
9.1300,1.086888,0.110832
9.1400,-0.039856,-0.004064
9.1500,-0.199944,-0.020389
9.1600,0.206900,0.021098
9.1700,0.909655,0.092759
9.1800,1.914619,0.195237
9.1900,1.122596,0.114473
9.2000,0.098598,0.010054
9.2100,-0.244504,-0.024932
9.2200,-1.335429,-0.136176
9.2300,-1.311365,-0.133722
9.2400,-1.387839,-0.141520
9.2500,-1.003841,-0.102363
9.2600,-1.809949,-0.184563
9.2700,-3.313900,-0.337924
9.2800,-3.969003,-0.404726
9.2900,-4.321880,-0.440709
9.3000,-4.417374,-0.450447
9.3100,-4.082949,-0.416345
9.3200,-3.870323,-0.394663
9.3300,-3.098887,-0.315999
9.3400,-2.589318,-0.264037
9.3500,-3.480731,-0.354936
9.3600,-2.935527,-0.299340
9.3700,-2.492656,-0.254180
9.3800,-1.390630,-0.141805
9.3900,-0.203230,-0.020724
9.4000,-0.573759,-0.058507
9.4100,-0.185075,-0.018872
9.4200,0.276150,0.028159
9.4300,0.554049,0.056497
9.4400,1.506312,0.153601
9.4500,1.687625,0.172090
9.4600,2.929037,0.298679
9.4700,3.131967,0.319372
9.4800,2.900633,0.295782
9.4900,2.352851,0.239924
9.5000,2.019035,0.205884
9.5100,2.877195,0.293392
9.5200,1.995622,0.203497
9.5300,1.890564,0.192784
9.5400,1.109477,0.113135
9.5500,0.750409,0.076520
9.5600,0.410891,0.041899
9.5700,-1.019942,-0.104005
9.5800,-1.989412,-0.202864
9.5900,-2.399604,-0.244691
9.6000,-1.434525,-0.146281
9.6100,-1.664654,-0.169747
9.6200,-1.698497,-0.173198
9.6300,-1.038248,-0.105872
9.6400,-1.318296,-0.134429
9.6500,-2.000582,-0.204003
9.6600,-1.807087,-0.184272
9.6700,-2.363107,-0.240970
9.6800,-2.925564,-0.298325
9.6900,-3.977401,-0.405582
9.7000,-3.808891,-0.388399
9.7100,-2.805420,-0.286073
9.7200,-2.058741,-0.209933
9.7300,-2.084428,-0.212553
9.7400,-2.088816,-0.213000
9.7500,-1.930598,-0.196866
9.7600,-1.845536,-0.188192
9.7700,-2.271749,-0.231654
9.7800,-2.035313,-0.207544
9.7900,-1.161701,-0.118460
9.8000,-0.102468,-0.010449
9.8100,-0.292256,-0.029802
9.8200,0.588421,0.060002
9.8300,0.624570,0.063688
9.8400,0.415758,0.042396
9.8500,0.713605,0.072767
9.8600,0.366916,0.037415
9.8700,0.028516,0.002908
9.8800,-0.116933,-0.011924
9.8900,-1.254014,-0.127874
9.9000,-1.093848,-0.111541
9.9100,-1.250948,-0.127561
9.9200,-1.629582,-0.166171
9.9300,-1.607407,-0.163910
9.9400,-1.505463,-0.153514
9.9500,-1.430800,-0.145901
9.9600,-1.930324,-0.196838
9.9700,-1.972585,-0.201148
9.9800,-1.699331,-0.173284
9.9900,-1.742373,-0.177673
10.0000,-2.336890,-0.238296
10.0100,-1.471143,-0.150015
10.0200,-0.410664,-0.041876
10.0300,-0.328427,-0.033490
10.0400,-0.052764,-0.005380
10.0500,0.738137,0.075269
10.0600,1.051083,0.107181
10.0700,0.977306,0.099657
10.0800,1.163366,0.118630
10.0900,0.839005,0.085555
10.1000,2.275183,0.232004
10.1100,2.619407,0.267105
10.1200,2.313369,0.235898
10.1300,1.505000,0.153467
10.1400,1.256058,0.128082
10.1500,1.730891,0.176502
10.1600,2.126103,0.216802
10.1700,3.022943,0.308254
10.1800,4.606867,0.469770
10.1900,3.422387,0.348986
10.2000,3.944626,0.402240
10.2100,4.265720,0.434982
10.2200,4.115922,0.419707
10.2300,3.818496,0.389378
10.2400,3.561464,0.363168
10.2500,2.720123,0.277375
10.2600,2.585463,0.263644
10.2700,2.474810,0.252360
10.2800,1.848803,0.188525
10.2900,1.287262,0.131264
10.3000,0.587881,0.059947
10.3100,0.018433,0.001880
10.3200,-0.259132,-0.026424
10.3300,-0.920390,-0.093854
10.3400,-0.886540,-0.090402
10.3500,-1.074275,-0.109546
10.3600,-1.003453,-0.102324
10.3700,-1.138229,-0.116067
10.3800,-0.472280,-0.048159
10.3900,-0.313450,-0.031963
10.4000,0.567875,0.057907
10.4100,1.005677,0.102550
10.4200,1.410946,0.143876
10.4300,1.614390,0.164622
10.4400,1.564229,0.159507
10.4500,1.333516,0.135981
10.4600,1.168909,0.119196
10.4700,2.300977,0.234634
10.4800,3.500908,0.356993
10.4900,3.498714,0.356770
10.5000,3.177441,0.324009
10.5100,1.893587,0.193092
10.5200,1.793077,0.182843
10.5300,2.237311,0.228142
10.5400,2.540174,0.259026
10.5500,2.572196,0.262291
10.5600,2.254427,0.229888
10.5700,1.772047,0.180699
10.5800,1.445532,0.147403
10.5900,2.165303,0.220799
10.6000,2.370492,0.241723
10.6100,1.804133,0.183970
10.6200,1.458642,0.148740
10.6300,1.112497,0.113443
10.6400,-0.214391,-0.021862
10.6500,-0.566149,-0.057731
10.6600,-0.845521,-0.086219
10.6700,-1.821157,-0.185706
10.6800,-2.126315,-0.216824
10.6900,-2.132320,-0.217436
10.7000,-2.398655,-0.244595
10.7100,-2.194640,-0.223791
10.7200,-2.616662,-0.266825
10.7300,-3.057945,-0.311824
10.7400,-2.572602,-0.262332
10.7500,-3.010369,-0.306972
10.7600,-3.173854,-0.323643
10.7700,-2.716535,-0.277010
10.7800,-1.819907,-0.185579
10.7900,-1.215959,-0.123993
10.8000,-1.691214,-0.172456
10.8100,-2.008817,-0.204842
10.8200,-2.612397,-0.266390
10.8300,-2.820518,-0.287613
10.8400,-2.777171,-0.283193
10.8500,-2.461145,-0.250967
10.8600,-2.400201,-0.244752
10.8700,-1.589992,-0.162134
10.8800,-1.553275,-0.158390
10.8900,-1.608737,-0.164046
10.9000,-1.073385,-0.109455
10.9100,0.497797,0.050761
10.9200,0.599192,0.061101
10.9300,0.341127,0.034785
10.9400,0.187705,0.019141
10.9500,0.302205,0.030816
10.9600,0.958569,0.097747
10.9700,0.684332,0.069782
10.9800,1.279086,0.130430
10.9900,1.659760,0.169248
11.0000,1.619368,0.165130
11.0100,2.019553,0.205937
11.0200,1.403502,0.143117
11.0300,0.794241,0.080990
11.0400,1.680353,0.171348
11.0500,1.606035,0.163770
11.0600,1.169306,0.119236
11.0700,1.083972,0.110534
11.0800,0.888705,0.090623
11.0900,0.797497,0.081322
11.1000,-0.016148,-0.001647
11.1100,-0.309943,-0.031605
11.1200,-0.592051,-0.060372
11.1300,-1.162161,-0.118507
11.1400,-0.804221,-0.082008
11.1500,0.396454,0.040427
11.1600,0.494934,0.050469
11.1700,-0.978303,-0.099759
11.1800,-1.584115,-0.161535
11.1900,-2.202124,-0.224554
11.2000,-2.581141,-0.263203
11.2100,-3.267493,-0.333192
11.2200,-3.718576,-0.379189
11.2300,-3.864122,-0.394031
11.2400,-2.948461,-0.300659
11.2500,-1.794274,-0.182965
11.2600,-1.044554,-0.106515
11.2700,-0.120075,-0.012244
11.2800,1.155415,0.117819
11.2900,2.067166,0.210792
11.3000,2.194612,0.223788
11.3100,2.932080,0.298989
11.3200,2.684580,0.273751
11.3300,3.186566,0.324939
11.3400,3.243856,0.330781
11.3500,2.228694,0.227264
11.3600,1.980067,0.201911
11.3700,1.380683,0.140790
11.3800,1.229525,0.125377
11.3900,0.508707,0.051874
11.4000,0.376979,0.038441
11.4100,0.437553,0.044618
11.4200,0.081526,0.008313
11.4300,-0.077064,-0.007858
11.4400,-0.699843,-0.071364
11.4500,-0.260363,-0.026550
11.4600,0.700928,0.071475
11.4700,0.673255,0.068653
11.4800,0.607861,0.061985
11.4900,0.406050,0.041406
11.5000,-0.436708,-0.044532
11.5100,-0.944442,-0.096306
11.5200,-0.692791,-0.070645
11.5300,-1.890474,-0.192775
11.5400,-1.787192,-0.182243
11.5500,-2.038464,-0.207865
11.5600,-2.362003,-0.240857
11.5700,-2.175828,-0.221873
11.5800,-1.757790,-0.179245
11.5900,-1.446476,-0.147500
11.6000,-1.451152,-0.147976
11.6100,-1.167143,-0.119015
11.6200,-0.001844,-0.000188
11.6300,0.708488,0.072246
11.6400,1.235072,0.125942
11.6500,1.746670,0.178111
11.6600,1.737430,0.177169
11.6700,0.053037,0.005408
11.6800,-0.087140,-0.008886
11.6900,-0.307472,-0.031353
11.7000,-0.730646,-0.074505
11.7100,-0.642810,-0.065548
11.7200,-0.615872,-0.062801
11.7300,-0.740870,-0.075548
11.7400,-0.149616,-0.015257
11.7500,-0.865019,-0.088207
11.7600,-1.546752,-0.157725
11.7700,-1.330691,-0.135693
11.7800,-1.444786,-0.147327
11.7900,-1.880867,-0.191795
11.8000,-2.119272,-0.216106
11.8100,-1.586501,-0.161778
11.8200,-1.112114,-0.113404
11.8300,-2.003125,-0.204262
11.8400,-1.356137,-0.138287
11.8500,-0.240759,-0.024551
11.8600,0.421347,0.042965
11.8700,0.174874,0.017832
11.8800,0.166927,0.017022
11.8900,-0.067791,-0.006913
11.9000,-0.015776,-0.001609
11.9100,1.204398,0.122814
11.9200,1.531071,0.156126
11.9300,1.787128,0.182236
11.9400,0.614815,0.062694
11.9500,-0.589888,-0.060152
11.9600,-0.649432,-0.066224
11.9700,-0.781683,-0.079709
11.9800,-1.183028,-0.120635
11.9900,-0.322806,-0.032917
12.0000,0.370273,0.037757
12.0100,0.833096,0.084952
12.0200,0.774784,0.079006
12.0300,0.948879,0.096759
12.0400,1.823708,0.185966
12.0500,0.899481,0.091722
12.0600,0.639828,0.065244
12.0700,1.307541,0.133332
12.0800,1.657049,0.168972
12.0900,1.824460,0.186043
12.1000,1.872420,0.190934
12.1100,1.401996,0.142964
12.1200,1.248301,0.127291
12.1300,0.640625,0.065326
12.1400,1.428754,0.145692
12.1500,0.970613,0.098975
12.1600,0.161089,0.016427
12.1700,-0.549146,-0.055997
12.1800,-0.360250,-0.036735
12.1900,-0.660600,-0.067362
12.2000,-1.215092,-0.123905
12.2100,-1.590587,-0.162195
12.2200,-1.339942,-0.136636
12.2300,-1.066761,-0.108779
12.2400,-1.243299,-0.126781
12.2500,-0.780145,-0.079553
12.2600,-0.675971,-0.068930
12.2700,-0.091100,-0.009290
12.2800,0.229245,0.023376
12.2900,0.864818,0.088187
12.3000,1.263801,0.128872
12.3100,2.453890,0.250227
12.3200,2.904565,0.296183
12.3300,1.599608,0.163115
12.3400,1.305183,0.133092
12.3500,0.117046,0.011935
12.3600,-1.819683,-0.185556
12.3700,-2.212173,-0.225579
12.3800,-2.627782,-0.267959
12.3900,-3.425086,-0.349262
12.4000,-2.809364,-0.286475
12.4100,-1.527434,-0.155755
12.4200,-0.930999,-0.094935
12.4300,-0.942067,-0.096064
12.4400,-1.803230,-0.183878
12.4500,-1.213538,-0.123746
12.4600,-0.605158,-0.061709
12.4700,-1.186536,-0.120993
12.4800,-0.693428,-0.070710
12.4900,-0.841218,-0.085780
12.5000,-0.541578,-0.055226
12.5100,-0.431395,-0.043990
12.5200,-0.499031,-0.050887
12.5300,-1.228578,-0.125280
12.5400,-1.419758,-0.144775
12.5500,-0.722229,-0.073647
12.5600,-0.678648,-0.069203
12.5700,-0.800267,-0.081605
12.5800,-1.062675,-0.108363
12.5900,-0.765137,-0.078022
12.6000,-0.431486,-0.043999
12.6100,-1.053661,-0.107443
12.6200,-1.122395,-0.114452
12.6300,-1.237964,-0.126237
12.6400,-0.374450,-0.038183
12.6500,-0.672984,-0.068625
12.6600,-1.649108,-0.168162
12.6700,-1.029980,-0.105029
12.6800,-0.821679,-0.083788
12.6900,0.247004,0.025187
12.7000,0.579703,0.059113
12.7100,0.923155,0.094136
12.7200,0.669304,0.068250
12.7300,0.143743,0.014658
12.7400,0.810421,0.082640
12.7500,0.746652,0.076137
12.7600,1.545189,0.157565
12.7700,1.065529,0.108654
12.7800,0.372863,0.038021
12.7900,1.275285,0.130043
12.8000,1.692772,0.172615
12.8100,1.868874,0.190572
12.8200,1.902795,0.194031
12.8300,1.365510,0.139243
12.8400,0.398756,0.040662
12.8500,0.748226,0.076298
12.8600,0.157894,0.016101
12.8700,0.228751,0.023326
12.8800,0.749586,0.076436
12.8900,0.920021,0.093816
12.9000,0.157091,0.016019
12.9100,0.481373,0.049086
12.9200,0.850964,0.086774
12.9300,0.879061,0.089639
12.9400,0.599072,0.061088
12.9500,0.210506,0.021466
12.9600,0.150607,0.015358
12.9700,-0.652594,-0.066546
12.9800,-0.929625,-0.094795
12.9900,-1.212056,-0.123595
13.0000,-1.469571,-0.149855
13.0100,0.130334,0.013290
13.0200,-0.278097,-0.028358
13.0300,0.036553,0.003727
13.0400,-0.226310,-0.023077
13.0500,0.901414,0.091919
13.0600,0.163178,0.016639
13.0700,-0.852842,-0.086966
13.0800,-0.906600,-0.092447
13.0900,-1.096460,-0.111808
13.1000,-2.077638,-0.211860
13.1100,-1.694902,-0.172832
13.1200,-1.926590,-0.196458
13.1300,-2.030706,-0.207074
13.1400,-1.787580,-0.182282
13.1500,-1.335182,-0.136151
13.1600,-0.612006,-0.062407
13.1700,-0.905277,-0.092313
13.1800,-1.133016,-0.115535
13.1900,-1.963457,-0.200217
13.2000,-0.928911,-0.094723
13.2100,-0.531073,-0.054154
13.2200,0.041791,0.004262
13.2300,0.753277,0.076813
13.2400,1.398320,0.142589
13.2500,1.467245,0.149617
13.2600,2.369657,0.241638
13.2700,2.883148,0.293999
13.2800,3.394066,0.346098
13.2900,2.673427,0.272614
13.3000,2.138352,0.218051
13.3100,1.639138,0.167146
13.3200,1.864365,0.190112
13.3300,1.428858,0.145703
13.3400,2.299906,0.234525
13.3500,1.857580,0.189420
13.3600,1.479395,0.150856
13.3700,1.517276,0.154719
13.3800,1.506874,0.153658
13.3900,1.646869,0.167934
13.4000,1.377642,0.140480
13.4100,0.731943,0.074637
13.4200,1.032584,0.105294
13.4300,0.766358,0.078147
13.4400,0.641680,0.065433
13.4500,0.735492,0.074999
13.4600,0.627986,0.064037
13.4700,0.349621,0.035651
13.4800,0.537804,0.054841
13.4900,0.697219,0.071097
13.5000,0.340692,0.034741
13.5100,-0.051297,-0.005231
13.5200,0.218511,0.022282
13.5300,0.944292,0.096291
13.5400,0.713230,0.072729
13.5500,1.384904,0.141221
13.5600,1.423591,0.145166
13.5700,0.906118,0.092398
13.5800,0.723694,0.073796
13.5900,0.344413,0.035120
13.6000,-0.208148,-0.021225
13.6100,-0.560673,-0.057173
13.6200,-0.342081,-0.034883
13.6300,-0.370209,-0.037751
13.6400,-0.652688,-0.066556
13.6500,-1.734199,-0.176839
13.6600,-2.167929,-0.221067
13.6700,-1.666070,-0.169892
13.6800,-0.959689,-0.097861
13.6900,-1.195570,-0.121914
13.7000,-0.626004,-0.063835
13.7100,-0.072261,-0.007369
13.7200,-0.215170,-0.021941
13.7300,-0.596360,-0.060812
13.7400,-0.550845,-0.056171
13.7500,-0.851049,-0.086783
13.7600,-0.958445,-0.097734
13.7700,-0.509233,-0.051927
13.7800,-0.369525,-0.037681
13.7900,-0.731799,-0.074623
13.8000,-1.003440,-0.102322
13.8100,-1.114274,-0.113624
13.8200,-0.850092,-0.086685
13.8300,-0.531288,-0.054176
13.8400,-0.385913,-0.039352
13.8500,0.273561,0.027895
13.8600,0.681999,0.069545
13.8700,0.722417,0.073666
13.8800,0.831144,0.084753
13.8900,0.691276,0.070491
13.9000,1.282687,0.130798
13.9100,1.939413,0.197765
13.9200,1.836016,0.187222
13.9300,1.247575,0.127217
13.9400,1.049813,0.107051
13.9500,1.132998,0.115534
13.9600,0.990625,0.101016
13.9700,0.991368,0.101091
13.9800,0.839959,0.085652
13.9900,1.597453,0.162895
14.0000,1.221471,0.124555
14.0100,1.171800,0.119490
14.0200,0.230143,0.023468
14.0300,0.063686,0.006494
14.0400,-0.708717,-0.072269
14.0500,-1.093190,-0.111474
14.0600,-1.022608,-0.104277
14.0700,-0.552824,-0.056372
14.0800,-0.031915,-0.003254
14.0900,-0.955063,-0.097389
14.1000,-1.397277,-0.142483
14.1100,-1.213933,-0.123787
14.1200,-1.287420,-0.131280
14.1300,-0.824218,-0.084047
14.1400,-0.684676,-0.069818
14.1500,0.321467,0.032781
14.1600,0.717107,0.073125
14.1700,0.172949,0.017636
14.1800,1.286324,0.131169
14.1900,1.078687,0.109995
14.2000,0.695274,0.070898
14.2100,-0.082697,-0.008433
14.2200,-0.397437,-0.040527
14.2300,-0.442891,-0.045162
14.2400,-0.598354,-0.061015
14.2500,-1.468476,-0.149743
14.2600,-2.127530,-0.216948
14.2700,-2.409401,-0.245691
14.2800,-1.439177,-0.146755
14.2900,-1.807276,-0.184291
14.3000,-1.978735,-0.201775
14.3100,-1.751208,-0.178574
14.3200,-2.523900,-0.257366
14.3300,-1.468220,-0.149717
14.3400,-1.347881,-0.137446
14.3500,-0.174257,-0.017769
14.3600,0.661159,0.067419
14.3700,0.962442,0.098142
14.3800,0.837493,0.085401
14.3900,0.592760,0.060445
14.4000,0.697536,0.071129
14.4100,0.249871,0.025480
14.4200,0.848260,0.086498
14.4300,1.908921,0.194656
14.4400,1.245136,0.126969
14.4500,1.106881,0.112870
14.4600,1.174716,0.119788
14.4700,2.198120,0.224146
14.4800,3.136105,0.319794
14.4900,2.094743,0.213604
14.5000,1.198377,0.122200
14.5100,1.174127,0.119728
14.5200,0.972839,0.099202
14.5300,1.771527,0.180645
14.5400,1.785562,0.182077
14.5500,0.796238,0.081194
14.5600,0.489111,0.049875
14.5700,0.387867,0.039551
14.5800,-0.020011,-0.002041
14.5900,-0.539815,-0.055046
14.6000,-1.153344,-0.117608
14.6100,-1.322250,-0.134832
14.6200,-1.698837,-0.173233
14.6300,-1.082657,-0.110400
14.6400,-0.850573,-0.086734
14.6500,-1.069857,-0.109095
14.6600,-0.669440,-0.068264
14.6700,-0.509965,-0.052002
14.6800,-0.323386,-0.032976
14.6900,-0.507540,-0.051755
14.7000,-0.336164,-0.034279
14.7100,-0.290656,-0.029639
14.7200,-0.726052,-0.074037
14.7300,-0.900444,-0.091820
14.7400,-1.668775,-0.170168
14.7500,-1.679443,-0.171256
14.7600,-1.048947,-0.106963
14.7700,-1.356018,-0.138275
14.7800,-0.953219,-0.097201
14.7900,-0.422047,-0.043037
14.8000,-0.169162,-0.017250
14.8100,-0.744247,-0.075892
14.8200,-1.314978,-0.134090
14.8300,-0.888336,-0.090585
14.8400,-0.781979,-0.079740
14.8500,-1.120024,-0.114211
14.8600,-0.810407,-0.082638
14.8700,-1.076422,-0.109765
14.8800,0.069599,0.007097
14.8900,0.180901,0.018447
14.9000,0.290576,0.029630
14.9100,0.244172,0.024899
14.9200,0.483253,0.049278
14.9300,0.358931,0.036601
14.9400,-0.229315,-0.023384
14.9500,0.013659,0.001393
14.9600,-0.046689,-0.004761
14.9700,-0.448546,-0.045739
14.9800,0.334722,0.034132
14.9900,0.412606,0.042074
15.0000,0.536043,0.054661
15.0100,0.098534,0.010048
15.0200,-0.102685,-0.010471
15.0300,0.372734,0.038008
15.0400,0.677396,0.069075
15.0500,1.410893,0.143871
15.0600,1.776117,0.181114
15.0700,1.363643,0.139053
15.0800,1.080375,0.110168
15.0900,0.939313,0.095783
15.1000,0.871939,0.088913
15.1100,0.710915,0.072493
15.1200,0.021869,0.002230
15.1300,0.820409,0.083658
15.1400,1.293581,0.131909
15.1500,1.415953,0.144387
15.1600,1.754040,0.178862
15.1700,1.430723,0.145893
15.1800,1.641906,0.167428
15.1900,1.906732,0.194433
15.2000,2.326046,0.237191
15.2100,2.857708,0.291405
15.2200,2.806510,0.286184
15.2300,3.448816,0.351681
15.2400,3.382983,0.344968
15.2500,3.281081,0.334577
15.2600,2.887742,0.294468
15.2700,2.265073,0.230973
15.2800,1.742350,0.177670
15.2900,0.996499,0.101615
15.3000,-0.124660,-0.012712
15.3100,-0.574249,-0.058557
15.3200,-0.951777,-0.097054
15.3300,-1.647712,-0.168020
15.3400,-2.104432,-0.214592
15.3500,-1.809919,-0.184560
15.3600,-1.618901,-0.165082
15.3700,-1.332578,-0.135885
15.3800,-1.952254,-0.199074
15.3900,-1.603323,-0.163493
15.4000,-1.159359,-0.118222
15.4100,-0.862400,-0.087940
15.4200,0.140105,0.014287
15.4300,0.305772,0.031180
15.4400,0.109997,0.011217
15.4500,0.196342,0.020021
15.4600,-0.281638,-0.028719
15.4700,-0.450294,-0.045917
15.4800,-0.017722,-0.001807
15.4900,-0.432495,-0.044102
15.5000,-1.150091,-0.117277
15.5100,-1.237213,-0.126161
15.5200,-1.476674,-0.150579
15.5300,-1.702341,-0.173590
15.5400,-1.571249,-0.160223
15.5500,-2.057169,-0.209773
15.5600,-2.583368,-0.263430
15.5700,-1.547525,-0.157804
15.5800,-1.366658,-0.139360
15.5900,-1.066642,-0.108767
15.6000,-0.392059,-0.039979
15.6100,-0.250947,-0.025589
15.6200,-0.569625,-0.058086
15.6300,-0.729548,-0.074393
15.6400,-1.257301,-0.128209
15.6500,-1.227406,-0.125161
15.6600,-1.747711,-0.178217
15.6700,-0.421414,-0.042972
15.6800,-0.571702,-0.058297
15.6900,-1.074942,-0.109614
15.7000,-0.639505,-0.065211
15.7100,-0.806573,-0.082248
15.7200,-0.763540,-0.077859
15.7300,-0.276582,-0.028204
15.7400,0.482049,0.049155
15.7500,0.443748,0.045250
15.7600,1.012328,0.103229
15.7700,1.434224,0.146250
15.7800,1.333539,0.135983
15.7900,2.063742,0.210443
15.8000,2.161527,0.220414
15.8100,1.833102,0.186924
15.8200,1.694518,0.172793
15.8300,1.321347,0.134740
15.8400,0.969236,0.098835
15.8500,0.707491,0.072144
15.8600,1.007366,0.102723
15.8700,1.551480,0.158207
15.8800,1.534597,0.156485
15.8900,2.025884,0.206583
15.9000,2.115637,0.215735
15.9100,1.406789,0.143453
15.9200,1.200315,0.122398
15.9300,1.813754,0.184951
15.9400,1.030291,0.105060
15.9500,0.245193,0.025003
15.9600,0.250073,0.025500
15.9700,0.790877,0.080647
15.9800,0.448421,0.045726
15.9900,0.312581,0.031874
16.0000,0.485593,0.049517
16.0100,-0.328615,-0.033509
16.0200,-0.511103,-0.052118
16.0300,-0.493257,-0.050298
16.0400,-0.556658,-0.056763
16.0500,-1.212781,-0.123669
16.0600,-1.426023,-0.145414
16.0700,-2.150600,-0.219300
16.0800,-2.494110,-0.254328
16.0900,-2.673941,-0.272666
16.1000,-2.787169,-0.284212
16.1100,-2.468935,-0.251761
16.1200,-2.575800,-0.262659
16.1300,-2.866681,-0.292320
16.1400,-1.994432,-0.203375
16.1500,-1.412692,-0.144054
16.1600,-1.236186,-0.126056
16.1700,-0.789394,-0.080496
16.1800,-0.594144,-0.060586
16.1900,-0.566225,-0.057739
16.2000,-0.467587,-0.047681
16.2100,-0.180421,-0.018398
16.2200,0.035716,0.003642
16.2300,-0.317910,-0.032418
16.2400,-0.528697,-0.053912
16.2500,-1.128435,-0.115068
16.2600,-1.000893,-0.102063
16.2700,-0.998507,-0.101819
16.2800,-0.764842,-0.077992
16.2900,-0.430523,-0.043901
16.3000,-0.514474,-0.052462
16.3100,-0.864436,-0.088148
16.3200,-0.787462,-0.080299
16.3300,0.133718,0.013635
16.3400,0.142849,0.014567
16.3500,0.034259,0.003493
16.3600,0.527203,0.053760
16.3700,0.777051,0.079237
16.3800,1.403275,0.143094
16.3900,2.115533,0.215724
16.4000,1.710442,0.174417
16.4100,1.073068,0.109422
16.4200,1.219478,0.124352
16.4300,1.403199,0.143086
16.4400,1.660334,0.169307
16.4500,2.005836,0.204538
16.4600,2.026105,0.206605
16.4700,2.003501,0.204300
16.4800,2.023735,0.206364
16.4900,1.828539,0.186459
16.5000,1.662405,0.169518
16.5100,0.984642,0.100406
16.5200,0.375971,0.038338
16.5300,0.611310,0.062336
16.5400,0.292373,0.029814
16.5500,0.704528,0.071842
16.5600,0.903259,0.092107
16.5700,0.408959,0.041702
16.5800,0.108007,0.011014
16.5900,-0.390471,-0.039817
16.6000,0.415155,0.042334
16.6100,0.143614,0.014645
16.6200,0.103086,0.010512
16.6300,0.029906,0.003050
16.6400,-0.288237,-0.029392
16.6500,-0.421406,-0.042971
16.6600,-0.486949,-0.049655
16.6700,-0.700570,-0.071438
16.6800,-0.756754,-0.077167
16.6900,-0.371102,-0.037842
16.7000,-1.490685,-0.152008
16.7100,-1.256133,-0.128090
16.7200,-0.858566,-0.087549
16.7300,-0.543001,-0.055371
16.7400,-0.530514,-0.054097
16.7500,-0.732907,-0.074736
16.7600,0.161952,0.016515
16.7700,0.235129,0.023977
16.7800,-0.108608,-0.011075
16.7900,-0.293010,-0.029879
16.8000,-0.568954,-0.058017
16.8100,-0.198160,-0.020207
16.8200,-0.247838,-0.025272
16.8300,0.059187,0.006035
16.8400,0.235385,0.024003
16.8500,0.486105,0.049569
16.8600,0.563588,0.057470
16.8700,0.277206,0.028267
16.8800,1.123582,0.114573
16.8900,1.604975,0.163662
16.9000,1.139746,0.116222
16.9100,0.051016,0.005202
16.9200,-0.361211,-0.036833
16.9300,-0.663196,-0.067627
16.9400,-1.070801,-0.109191
16.9500,-0.939001,-0.095751
16.9600,-0.817825,-0.083395
16.9700,-1.031884,-0.105223
16.9800,-1.000101,-0.101982
16.9900,-1.581459,-0.161264
17.0000,-1.137052,-0.115947
17.0100,-0.682501,-0.069596
17.0200,-0.776043,-0.079134
17.0300,-0.681699,-0.069514
17.0400,-0.569878,-0.058111
17.0500,-0.670549,-0.068377
17.0600,-0.641372,-0.065402
17.0700,0.005907,0.000602
17.0800,0.472902,0.048223
17.0900,0.684249,0.069774
17.1000,0.719105,0.073328
17.1100,0.411180,0.041929
17.1200,0.795458,0.081114
17.1300,-0.014836,-0.001513
17.1400,-0.581703,-0.059317
17.1500,-0.233510,-0.023811
17.1600,-0.510191,-0.052025
17.1700,-0.450206,-0.045908
17.1800,0.338995,0.034568
17.1900,1.032688,0.105305
17.2000,0.707324,0.072127
17.2100,0.548823,0.055964
17.2200,1.435286,0.146358
17.2300,1.667028,0.169990
17.2400,1.467445,0.149638
17.2500,0.769398,0.078457
17.2600,0.829516,0.084587
17.2700,0.730823,0.074523
17.2800,0.851927,0.086872
17.2900,0.830398,0.084677
17.3000,1.110011,0.113190
17.3100,0.553388,0.056430
17.3200,0.014361,0.001464
17.3300,0.248045,0.025294
17.3400,-0.218778,-0.022309
17.3500,-1.068985,-0.109006
17.3600,-1.676989,-0.171005
17.3700,-1.347593,-0.137416
17.3800,-1.180945,-0.120423
17.3900,-0.943735,-0.096234
17.4000,-0.487028,-0.049663
17.4100,-0.654972,-0.066789
17.4200,-0.999087,-0.101878
17.4300,-1.137087,-0.115951
17.4400,-1.346384,-0.137293
17.4500,-0.882936,-0.090034
17.4600,-0.769717,-0.078489
17.4700,-1.109390,-0.113126
17.4800,-1.066413,-0.108744
17.4900,-1.218411,-0.124243
17.5000,-0.742072,-0.075670
17.5100,-0.322962,-0.032933
17.5200,-0.221390,-0.022576
17.5300,-0.195554,-0.019941
17.5400,-0.312827,-0.031899
17.5500,0.256418,0.026147
17.5600,0.284385,0.028999
17.5700,0.936227,0.095469
17.5800,1.381654,0.140890
17.5900,1.175554,0.119873
17.6000,0.642534,0.065520
17.6100,0.445730,0.045452
17.6200,0.303097,0.030907
17.6300,-0.114707,-0.011697
17.6400,-0.379926,-0.038742
17.6500,-0.228763,-0.023327
17.6600,0.213018,0.021722
17.6700,1.577701,0.160881
17.6800,2.181026,0.222403
17.6900,1.362778,0.138965
17.7000,0.764646,0.077972
17.7100,0.648693,0.066148
17.7200,0.670760,0.068398
17.7300,0.788906,0.080446
17.7400,0.661978,0.067503
17.7500,0.657988,0.067096
17.7600,1.383694,0.141098
17.7700,1.352455,0.137912
17.7800,1.419648,0.144764
17.7900,1.057228,0.107807
17.8000,0.616470,0.062862
17.8100,0.761604,0.077662
17.8200,0.581785,0.059326
17.8300,0.609225,0.062124
17.8400,0.495707,0.050548
17.8500,0.592663,0.060435
17.8600,0.814479,0.083054
17.8700,0.372285,0.037963
17.8800,0.583314,0.059481
17.8900,0.326555,0.033299
17.9000,-0.312962,-0.031913
17.9100,0.136353,0.013904
17.9200,0.443851,0.045260
17.9300,0.222774,0.022717
17.9400,0.332226,0.033878
17.9500,0.622633,0.063491
17.9600,0.885798,0.090326
17.9700,0.632392,0.064486
17.9800,0.759356,0.077433
17.9900,-0.125072,-0.012754
18.0000,-0.071278,-0.007268
18.0100,-0.572434,-0.058372
18.0200,-1.817697,-0.185354
18.0300,-2.521965,-0.257169
18.0400,-2.296473,-0.234175
18.0500,-2.617374,-0.266898
18.0600,-1.853202,-0.188974
18.0700,-1.521926,-0.155193
18.0800,-1.881862,-0.191897
18.0900,-1.919297,-0.195714
18.1000,-1.604474,-0.163611
18.1100,-1.152898,-0.117563
18.1200,-1.429306,-0.145749
18.1300,-1.958851,-0.199747
18.1400,-1.650896,-0.168345
18.1500,-1.215659,-0.123963
18.1600,-1.416068,-0.144399
18.1700,-1.149156,-0.117181
18.1800,-0.467806,-0.047703
18.1900,-0.907959,-0.092586
18.2000,-1.050781,-0.107150
18.2100,-0.434626,-0.044320
18.2200,-0.162713,-0.016592
18.2300,0.070051,0.007143
18.2400,-0.040532,-0.004133
18.2500,0.365872,0.037309
18.2600,0.675812,0.068914
18.2700,0.477028,0.048643
18.2800,0.238599,0.024330
18.2900,-0.361320,-0.036844
18.3000,0.116936,0.011924
18.3100,0.270621,0.027596
18.3200,0.420280,0.042857
18.3300,0.455393,0.046437
18.3400,-0.190878,-0.019464
18.3500,-0.779666,-0.079504
18.3600,-1.061899,-0.108284
18.3700,-1.196273,-0.121986
18.3800,-0.886603,-0.090408
18.3900,-1.004369,-0.102417
18.4000,-1.072406,-0.109355
18.4100,-1.913136,-0.195086
18.4200,-1.904535,-0.194209
18.4300,-1.790692,-0.182600
18.4400,-1.633964,-0.166618
18.4500,-2.105930,-0.214745
18.4600,-2.034160,-0.207427
18.4700,-1.428006,-0.145616
18.4800,-1.134285,-0.115665
18.4900,-0.859845,-0.087680
18.5000,-0.416278,-0.042449
18.5100,-0.432911,-0.044145
18.5200,-0.501360,-0.051124
18.5300,-0.399849,-0.040773
18.5400,-1.018870,-0.103896
18.5500,-1.027139,-0.104739
18.5600,-1.163767,-0.118671
18.5700,-1.272093,-0.129717
18.5800,-1.203145,-0.122687
18.5900,-1.124406,-0.114658
18.6000,-1.291953,-0.131743
18.6100,-1.595585,-0.162704
18.6200,-1.569507,-0.160045
18.6300,-1.230556,-0.125482
18.6400,-1.249170,-0.127380
18.6500,-1.565518,-0.159638
18.6600,-1.496357,-0.152586
18.6700,-1.115261,-0.113725
18.6800,-0.528082,-0.053849
18.6900,-0.026008,-0.002652
18.7000,0.371673,0.037900
18.7100,0.497483,0.050729
18.7200,0.531042,0.054151
18.7300,0.945837,0.096449
18.7400,2.028195,0.206818
18.7500,2.287751,0.233286
18.7600,2.134593,0.217668
18.7700,2.196330,0.223963
18.7800,2.620947,0.267262
18.7900,2.300975,0.234634
18.8000,2.173809,0.221667
18.8100,2.160425,0.220302
18.8200,3.046748,0.310682
18.8300,2.899742,0.295691
18.8400,2.925931,0.298362
18.8500,2.376522,0.242338
18.8600,2.413378,0.246096
18.8700,1.789406,0.182469
18.8800,1.206051,0.122983
18.8900,1.119301,0.114137
18.9000,1.398787,0.142637
18.9100,1.561753,0.159254
18.9200,1.855845,0.189243
18.9300,0.999455,0.101916
18.9400,-0.052634,-0.005367
18.9500,-0.223955,-0.022837
18.9600,-0.085498,-0.008718
18.9700,-0.344122,-0.035091
18.9800,-0.653659,-0.066655
18.9900,-0.211098,-0.021526
19.0000,-1.031920,-0.105227
19.0100,-1.518245,-0.154818
19.0200,-1.760410,-0.179512
19.0300,-2.103467,-0.214494
19.0400,-1.919381,-0.195722
19.0500,-1.307131,-0.133290
19.0600,-1.237489,-0.126189
19.0700,-0.318632,-0.032491
19.0800,-0.241246,-0.024600
19.0900,0.172917,0.017633
19.1000,0.434800,0.044337
19.1100,0.122231,0.012464
19.1200,-0.612867,-0.062495
19.1300,-0.740702,-0.075531
19.1400,-0.885739,-0.090320
19.1500,-1.048542,-0.106922
19.1600,-0.535271,-0.054582
19.1700,-0.719319,-0.073350
19.1800,-0.762981,-0.077802
19.1900,-0.286393,-0.029204
19.2000,-0.002534,-0.000258
19.2100,0.066004,0.006731
19.2200,0.092342,0.009416
19.2300,-0.260890,-0.026603
19.2400,0.070906,0.007230
19.2500,0.155717,0.015879
19.2600,0.759432,0.077440
19.2700,0.973550,0.099275
19.2800,0.754673,0.076955
19.2900,0.881490,0.089887
19.3000,1.022931,0.104310
19.3100,1.079159,0.110044
19.3200,0.758506,0.077346
19.3300,0.425496,0.043388
19.3400,0.364992,0.037219
19.3500,0.095275,0.009715
19.3600,0.528961,0.053939
19.3700,0.737375,0.075191
19.3800,0.519937,0.053019
19.3900,0.254970,0.026000
19.4000,-0.008556,-0.000872
19.4100,-0.247159,-0.025203
19.4200,0.467751,0.047697
19.4300,0.523813,0.053414
19.4400,0.795926,0.081162
19.4500,0.819990,0.083616
19.4600,0.411890,0.042001
19.4700,0.201651,0.020563
19.4800,0.215911,0.022017
19.4900,-0.034900,-0.003559
19.5000,-0.231188,-0.023575
19.5100,0.002967,0.000303
19.5200,-0.575425,-0.058677
19.5300,-0.813654,-0.082970
19.5400,-1.099330,-0.112100
19.5500,-0.889221,-0.090675
19.5600,-0.792571,-0.080820
19.5700,-0.954913,-0.097374
19.5800,-1.132870,-0.115521
19.5900,-0.620438,-0.063267
19.6000,-1.101131,-0.112284
19.6100,-1.514604,-0.154447
19.6200,-1.182088,-0.120539
19.6300,-1.224321,-0.124846
19.6400,-1.106143,-0.112795
19.6500,-0.726776,-0.074111
19.6600,-0.362855,-0.037001
19.6700,-0.479621,-0.048908
19.6800,0.180594,0.018415
19.6900,0.420182,0.042847
19.7000,0.207754,0.021185
19.7100,0.273001,0.027838
19.7200,0.601955,0.061382
19.7300,0.087333,0.008906
19.7400,-0.181404,-0.018498
19.7500,-0.465256,-0.047443
19.7600,-0.281401,-0.028695
19.7700,-0.365909,-0.037312
19.7800,-0.450935,-0.045983
19.7900,0.377720,0.038517
19.8000,0.496331,0.050612
19.8100,0.790406,0.080599
19.8200,0.949690,0.096841
19.8300,0.837864,0.085438
19.8400,0.781877,0.079729
19.8500,0.742992,0.075764
19.8600,0.510176,0.052023
19.8700,0.035009,0.003570
19.8800,0.501249,0.051113
19.8900,0.706967,0.072091
19.9000,0.611502,0.062356
19.9100,0.831188,0.084758
19.9200,1.045835,0.106646
19.9300,0.819611,0.083577
19.9400,0.559731,0.057077
19.9500,0.288317,0.029400
19.9600,0.302285,0.030824
19.9700,0.305788,0.031182
19.9800,-0.098232,-0.010017
19.9900,0.119513,0.012187
20.0000,-0.013474,-0.001374
20.0100,-0.155485,-0.015855
20.0200,0.298748,0.030464
20.0300,0.587857,0.059945
20.0400,0.822461,0.083868
20.0500,1.050011,0.107071
20.0600,0.964653,0.098367
20.0700,1.159253,0.118211
20.0800,1.505777,0.153546
20.0900,1.203982,0.122772
20.1000,0.617472,0.062965
20.1100,0.300434,0.030636
20.1200,0.285725,0.029136
20.1300,0.505560,0.051553
20.1400,0.080060,0.008164
20.1500,0.418165,0.042641
20.1600,0.949265,0.096798
20.1700,1.107806,0.112965
20.1800,0.887504,0.090500
20.1900,0.797536,0.081326
20.2000,1.098742,0.112040
20.2100,1.054706,0.107550
20.2200,1.074976,0.109617
20.2300,0.913968,0.093199
20.2400,0.378709,0.038618
20.2500,0.042363,0.004320
20.2600,0.482965,0.049249
20.2700,0.562300,0.057339
20.2800,-0.191645,-0.019542
20.2900,-0.317192,-0.032345
20.3000,-0.268549,-0.027384
20.3100,-0.084860,-0.008653
20.3200,-0.097799,-0.009973
20.3300,-0.218936,-0.022325
20.3400,-0.223225,-0.022763
20.3500,-0.179454,-0.018299
20.3600,-0.430495,-0.043898
20.3700,-0.262094,-0.026726
20.3800,-0.841727,-0.085832
20.3900,-0.849885,-0.086664
20.4000,-0.645681,-0.065841
20.4100,-1.059682,-0.108057
20.4200,-1.086013,-0.110743
20.4300,-0.975897,-0.099514
20.4400,-0.851673,-0.086847
20.4500,-0.675216,-0.068853
20.4600,-0.716554,-0.073068
20.4700,-0.830851,-0.084723
20.4800,-0.817029,-0.083314
20.4900,-0.804271,-0.082013
20.5000,-0.716969,-0.073111
20.5100,-0.444349,-0.045311
20.5200,-0.811706,-0.082771
20.5300,-0.831581,-0.084798
20.5400,-0.873023,-0.089024
20.5500,-0.252466,-0.025744
20.5600,0.031910,0.003254
20.5700,0.193791,0.019761
20.5800,0.162197,0.016540
20.5900,0.552035,0.056292
20.6000,0.289156,0.029486
20.6100,0.401527,0.040944
20.6200,0.881245,0.089862
20.6300,1.019275,0.103937
20.6400,0.655263,0.066818
20.6500,1.024121,0.104431
20.6600,1.483661,0.151291
20.6700,1.622716,0.165471
20.6800,1.518170,0.154810
20.6900,1.048590,0.106926
20.7000,1.073732,0.109490
20.7100,1.094838,0.111642
20.7200,0.875967,0.089324
20.7300,0.891942,0.090953
20.7400,0.787557,0.080308
20.7500,0.625141,0.063747
20.7600,0.716625,0.073075
20.7700,0.655095,0.066801
20.7800,0.799367,0.081513
20.7900,0.844640,0.086129
20.8000,0.764624,0.077970
20.8100,0.586887,0.059846
20.8200,0.306892,0.031294
20.8300,0.073888,0.007534
20.8400,-0.226716,-0.023119
20.8500,-0.300448,-0.030637
20.8600,0.144298,0.014714
20.8700,0.135216,0.013788
20.8800,0.150642,0.015361
20.8900,-0.098462,-0.010040
20.9000,-0.078710,-0.008026
20.9100,0.289259,0.029496
20.9200,0.366964,0.037420
20.9300,0.750319,0.076511
20.9400,0.885999,0.090347
20.9500,1.184951,0.120831
20.9600,0.883603,0.090102
20.9700,0.515342,0.052550
20.9800,0.128262,0.013079
20.9900,-0.432482,-0.044101
21.0000,-1.186267,-0.120966
21.0100,-0.927461,-0.094575
21.0200,-0.744588,-0.075927
21.0300,-0.239742,-0.024447
21.0400,-0.600091,-0.061192
21.0500,-1.039075,-0.105956
21.0600,-1.298866,-0.132447
21.0700,-0.995561,-0.101519
21.0800,-1.399937,-0.142754
21.0900,-1.447437,-0.147598
21.1000,-1.351422,-0.137807
21.1100,-1.412161,-0.144000
21.1200,-0.902370,-0.092016
21.1300,-0.439852,-0.044852
21.1400,-0.487229,-0.049684
21.1500,-0.518391,-0.052861
21.1600,-0.461164,-0.047026
21.1700,-0.335086,-0.034169
21.1800,-0.035547,-0.003625
21.1900,-0.080666,-0.008226
21.2000,-0.145025,-0.014788
21.2100,-0.245443,-0.025028
21.2200,-0.090144,-0.009192
21.2300,0.250221,0.025515
21.2400,0.174765,0.017821
21.2500,0.382449,0.038999
21.2600,0.686516,0.070005
21.2700,0.597959,0.060975
21.2800,0.895263,0.091291
21.2900,0.884283,0.090172
21.3000,0.883589,0.090101
21.3100,0.631829,0.064429
21.3200,0.788083,0.080362
21.3300,0.994967,0.101458
21.3400,0.930068,0.094841
21.3500,0.611878,0.062394
21.3600,1.002150,0.102191
21.3700,0.908494,0.092641
21.3800,0.876293,0.089357
21.3900,1.180859,0.120414
21.4000,1.000695,0.102042
21.4100,0.736780,0.075131
21.4200,0.987673,0.100715
21.4300,0.996487,0.101613
21.4400,0.735570,0.075007
21.4500,0.295560,0.030139
21.4600,-0.018173,-0.001853
21.4700,-0.365860,-0.037307
21.4800,-0.526209,-0.053658
21.4900,-0.814332,-0.083039
21.5000,-1.034000,-0.105439
21.5100,-1.559494,-0.159024
21.5200,-1.520262,-0.155024
21.5300,-1.246783,-0.127136
21.5400,-0.895141,-0.091279
21.5500,-0.786737,-0.080225
21.5600,-0.657182,-0.067014
21.5700,-0.575145,-0.058648
21.5800,-0.705750,-0.071966
21.5900,-0.095087,-0.009696
21.6000,0.190369,0.019412
21.6100,-0.145006,-0.014786
21.6200,-0.287554,-0.029322
21.6300,-0.468452,-0.047769
21.6400,-0.746783,-0.076151
21.6500,-1.138848,-0.116130
21.6600,-1.299208,-0.132482
21.6700,-0.915280,-0.093333
21.6800,-0.732882,-0.074733
21.6900,-0.124137,-0.012658
21.7000,-0.559627,-0.057066
21.7100,-1.080088,-0.110138
21.7200,-0.860636,-0.087760
21.7300,-0.784933,-0.080041
21.7400,-0.955304,-0.097414
21.7500,-0.249424,-0.025434
21.7600,-0.175433,-0.017889
21.7700,-0.463852,-0.047300
21.7800,-0.570740,-0.058199
21.7900,-0.308395,-0.031448
21.8000,0.303230,0.030921
21.8100,0.220590,0.022494
21.8200,0.391809,0.039953
21.8300,0.429984,0.043846
21.8400,0.507419,0.051742
21.8500,0.477698,0.048712
21.8600,0.493110,0.050283
21.8700,0.208701,0.021282
21.8800,-0.080065,-0.008164
21.8900,-0.105227,-0.010730
21.9000,-0.190842,-0.019460
21.9100,0.041285,0.004210
21.9200,-0.324362,-0.033076
21.9300,0.259415,0.026453
21.9400,0.650294,0.066312
21.9500,0.575183,0.058652
21.9600,0.255513,0.026055
21.9700,0.043144,0.004399
21.9800,0.053036,0.005408
21.9900,-0.115033,-0.011730
22.0000,0.453703,0.046265
22.0100,0.035545,0.003625
22.0200,-0.526801,-0.053719
22.0300,-0.172028,-0.017542
22.0400,0.334041,0.034063
22.0500,0.203408,0.020742
22.0600,0.145423,0.014829
22.0700,0.086650,0.008836
22.0800,0.085937,0.008763
22.0900,-0.268575,-0.027387
22.1000,-0.620041,-0.063227
22.1100,-0.318796,-0.032508
22.1200,-0.430262,-0.043875
22.1300,-0.676397,-0.068973
22.1400,-0.995616,-0.101525
22.1500,-0.605107,-0.061704
22.1600,-0.057313,-0.005844
22.1700,0.288179,0.029386
22.1800,0.095361,0.009724
22.1900,-0.000372,-0.000038
22.2000,0.140313,0.014308
22.2100,-0.341221,-0.034795
22.2200,-0.420490,-0.042878
22.2300,-0.215565,-0.021982
22.2400,0.043884,0.004475
22.2500,0.064531,0.006580
22.2600,0.342491,0.034924
22.2700,-0.091027,-0.009282
22.2800,-0.011719,-0.001195
22.2900,0.096275,0.009817
22.3000,0.521781,0.053207
22.3100,0.242653,0.024744
22.3200,-0.131864,-0.013446
22.3300,0.184234,0.018787
22.3400,0.139666,0.014242
22.3500,-0.264396,-0.026961
22.3600,-0.438994,-0.044765
22.3700,-0.409029,-0.041709
22.3800,-0.461923,-0.047103
22.3900,-0.168563,-0.017189
22.4000,0.158740,0.016187
22.4100,0.394055,0.040182
22.4200,0.642772,0.065545
22.4300,0.537581,0.054818
22.4400,0.373165,0.038052
22.4500,0.339057,0.034574
22.4600,0.364144,0.037132
22.4700,0.128201,0.013073
22.4800,0.339782,0.034648
22.4900,0.221857,0.022623
22.5000,0.401136,0.040904
22.5100,0.647715,0.066049
22.5200,0.606919,0.061888
22.5300,0.615512,0.062765
22.5400,0.383981,0.039155
22.5500,0.331214,0.033774
22.5600,0.531296,0.054177
22.5700,0.490766,0.050044
22.5800,0.327082,0.033353
22.5900,0.648073,0.066085
22.6000,0.865830,0.088290
22.6100,0.609302,0.062131
22.6200,0.212320,0.021651
22.6300,0.229690,0.023422
22.6400,-0.101856,-0.010386
22.6500,-0.182235,-0.018583
22.6600,0.198798,0.020272
22.6700,0.158941,0.016208
22.6800,0.067040,0.006836
22.6900,0.195074,0.019892
22.7000,0.197429,0.020132
22.7100,0.003352,0.000342
22.7200,0.046145,0.004705
22.7300,-0.347511,-0.035436
22.7400,-0.614169,-0.062628
22.7500,-0.224325,-0.022875
22.7600,0.319606,0.032591
22.7700,0.116241,0.011853
22.7800,-0.178915,-0.018244
22.7900,0.175867,0.017933
22.8000,0.059126,0.006029
22.8100,-0.232289,-0.023687
22.8200,0.042466,0.004330
22.8300,0.365357,0.037256
22.8400,0.659132,0.067213
22.8500,0.468940,0.047819
22.8600,0.661803,0.067485
22.8700,0.492287,0.050199
22.8800,0.452111,0.046103
22.8900,0.600604,0.061245
22.9000,0.462251,0.047136
22.9100,0.425432,0.043382
22.9200,0.361686,0.036882
22.9300,0.398717,0.040658
22.9400,0.345509,0.035232
22.9500,0.174258,0.017769
22.9600,0.153750,0.015678
22.9700,0.137771,0.014049
22.9800,0.404012,0.041198
22.9900,0.639618,0.065223
23.0000,0.529934,0.054038
23.0100,0.141193,0.014398
23.0200,0.058899,0.006006
23.0300,0.178286,0.018180
23.0400,0.569975,0.058121
23.0500,0.801139,0.081693
23.0600,0.775181,0.079046
23.0700,0.464477,0.047363
23.0800,0.406965,0.041499
23.0900,0.386908,0.039454
23.1000,0.412424,0.042056
23.1100,0.035571,0.003627
23.1200,-0.099168,-0.010112
23.1300,-0.198412,-0.020232
23.1400,-0.445382,-0.045416
23.1500,-0.585953,-0.059751
23.1600,-0.827026,-0.084333
23.1700,-0.958812,-0.097772
23.1800,-0.997292,-0.101695
23.1900,-1.383939,-0.141123
23.2000,-1.456191,-0.148490
23.2100,-1.156124,-0.117892
23.2200,-1.006444,-0.102629
23.2300,-0.869651,-0.088680
23.2400,-0.925044,-0.094328
23.2500,-1.041785,-0.106233
23.2600,-1.203450,-0.122718
23.2700,-0.836621,-0.085312
23.2800,-0.742586,-0.075723
23.2900,-0.471854,-0.048116
23.3000,-0.097757,-0.009968
23.3100,0.085225,0.008690
23.3200,0.119904,0.012227
23.3300,0.218973,0.022329
23.3400,0.124507,0.012696
23.3500,-0.236108,-0.024076
23.3600,-0.619468,-0.063168
23.3700,-0.385411,-0.039301
23.3800,-0.238569,-0.024327
23.3900,-0.310855,-0.031698
23.4000,-0.170317,-0.017368
23.4100,0.360920,0.036804
23.4200,0.387400,0.039504
23.4300,0.169325,0.017266
23.4400,0.357197,0.036424
23.4500,0.339118,0.034580
23.4600,0.103480,0.010552
23.4700,0.007470,0.000762
23.4800,0.109817,0.011198
23.4900,-0.104109,-0.010616
23.5000,-0.050125,-0.005111
23.5100,-0.160154,-0.016331
23.5200,-0.148415,-0.015134
23.5300,-0.086390,-0.008809
23.5400,-0.102121,-0.010413
23.5500,-0.356925,-0.036396
23.5600,-0.153189,-0.015621
23.5700,0.080460,0.008205
23.5800,0.224625,0.022905
23.5900,0.253071,0.025806
23.6000,-0.037359,-0.003810
23.6100,0.294123,0.029992
23.6200,0.355034,0.036203
23.6300,0.420878,0.042918
23.6400,0.483019,0.049254
23.6500,0.521609,0.053189
23.6600,0.585410,0.059695
23.6700,0.535598,0.054616
23.6800,0.565384,0.057653
23.6900,0.410884,0.041899
23.7000,0.288645,0.029434
23.7100,0.529225,0.053966
23.7200,0.631041,0.064348
23.7300,0.679709,0.069311
23.7400,0.866043,0.088312
23.7500,0.757095,0.077202
23.7600,0.619408,0.063162
23.7700,0.461845,0.047095
23.7800,0.783359,0.079880
23.7900,1.121477,0.114359
23.8000,1.076686,0.109791
23.8100,1.096625,0.111825
23.8200,1.081941,0.110327
23.8300,1.061743,0.108268
23.8400,1.184194,0.120754
23.8500,1.085836,0.110724
23.8600,0.936927,0.095540
23.8700,0.597220,0.060900
23.8800,0.278835,0.028433
23.8900,0.631576,0.064403
23.9000,0.564799,0.057594
23.9100,0.357377,0.036442
23.9200,0.615124,0.062725
23.9300,0.445309,0.045409
23.9400,0.586396,0.059796
23.9500,0.185962,0.018963
23.9600,0.198393,0.020230
23.9700,0.393387,0.040114
23.9800,0.506732,0.051672
23.9900,0.681044,0.069447
24.0000,0.329888,0.033639
24.0100,0.287311,0.029298
24.0200,0.264372,0.026958
24.0300,0.085610,0.008730
24.0400,-0.430083,-0.043856
24.0500,-0.501171,-0.051105
24.0600,-0.995729,-0.101536
24.0700,-1.299161,-0.132478
24.0800,-1.293308,-0.131881
24.0900,-0.892715,-0.091032
24.1000,-0.733345,-0.074780
24.1100,-0.845277,-0.086194
24.1200,-1.173413,-0.119655
24.1300,-1.562527,-0.159333
24.1400,-1.485032,-0.151431
24.1500,-1.552503,-0.158311
24.1600,-1.142749,-0.116528
24.1700,-1.223362,-0.124748
24.1800,-1.225494,-0.124966
24.1900,-1.136170,-0.115857
24.2000,-1.208457,-0.123228
24.2100,-0.812662,-0.082868
24.2200,-0.390051,-0.039774
24.2300,-0.483276,-0.049280
24.2400,-0.136417,-0.013911
24.2500,-0.705191,-0.071909
24.2600,-0.945534,-0.096418
24.2700,-1.157188,-0.118000
24.2800,-1.299187,-0.132480
24.2900,-1.250803,-0.127546
24.3000,-1.226899,-0.125109
24.3100,-1.115746,-0.113774
24.3200,-0.839611,-0.085616
24.3300,-0.886542,-0.090402
24.3400,-1.193408,-0.121694
24.3500,-1.183441,-0.120677
24.3600,-1.281861,-0.130713
24.3700,-1.235737,-0.126010
24.3800,-1.116601,-0.113862
24.3900,-0.880066,-0.089742
24.4000,-0.427002,-0.043542
24.4100,-0.337887,-0.034455
24.4200,-0.484802,-0.049436
24.4300,-0.669459,-0.068266
24.4400,-0.748799,-0.076356
24.4500,-0.613146,-0.062524
24.4600,-0.150063,-0.015302
24.4700,-0.020486,-0.002089
24.4800,-0.072451,-0.007388
24.4900,-0.315878,-0.032211
24.5000,-0.353591,-0.036056
24.5100,-0.305513,-0.031154
24.5200,-0.309839,-0.031595
24.5300,0.305942,0.031197
24.5400,0.639583,0.065219
24.5500,0.555813,0.056677
24.5600,0.190196,0.019395
24.5700,0.036172,0.003689
24.5800,0.364634,0.037182
24.5900,0.488456,0.049809
24.6000,1.088193,0.110965
24.6100,1.112454,0.113439
24.6200,1.141173,0.116367
24.6300,1.360591,0.138742
24.6400,1.270404,0.129545
24.6500,1.465272,0.149416
24.6600,1.289496,0.131492
24.6700,1.152279,0.117500
24.6800,0.743545,0.075821
24.6900,0.715573,0.072968
24.7000,0.577177,0.058856
24.7100,0.199942,0.020388
24.7200,0.078937,0.008049
24.7300,0.102592,0.010461
24.7400,0.089059,0.009081
24.7500,0.089943,0.009172
24.7600,-0.301019,-0.030695
24.7700,-0.203325,-0.020733
24.7800,-0.178718,-0.018224
24.7900,-0.290720,-0.029645
24.8000,-0.524261,-0.053460
24.8100,-0.677550,-0.069091
24.8200,-0.492672,-0.050239
24.8300,-0.604534,-0.061645
24.8400,-0.330184,-0.033669
24.8500,-0.484150,-0.049370
24.8600,-0.347458,-0.035431
24.8700,-0.259100,-0.026421
24.8800,-0.162251,-0.016545
24.8900,-0.459170,-0.046822
24.9000,-0.373944,-0.038132
24.9100,-0.469781,-0.047904
24.9200,-0.959797,-0.097872
24.9300,-0.877440,-0.089474
24.9400,-0.825121,-0.084139
24.9500,-0.694173,-0.070786
24.9600,-0.695241,-0.070895
24.9700,-0.652211,-0.066507
24.9800,-0.823806,-0.084005
24.9900,-0.993661,-0.101325
25.0000,-0.830732,-0.084711
25.0100,-0.885034,-0.090248
25.0200,-0.742238,-0.075687
25.0300,-0.679913,-0.069332
25.0400,-0.249250,-0.025416
25.0500,0.050226,0.005122
25.0600,0.095062,0.009694
25.0700,0.189296,0.019303
25.0800,0.116719,0.011902
25.0900,-0.164616,-0.016786
25.1000,-0.233552,-0.023816
25.1100,-0.261730,-0.026689
25.1200,-0.287260,-0.029292
25.1300,-0.145445,-0.014831
25.1400,-0.331898,-0.033844
25.1500,-0.204739,-0.020878
25.1600,-0.178199,-0.018171
25.1700,-0.374891,-0.038228
25.1800,-0.421393,-0.042970
25.1900,-0.498459,-0.050829
25.2000,-0.430509,-0.043900
25.2100,-0.264581,-0.026980
25.2200,-0.289597,-0.029531
25.2300,-0.293184,-0.029896
25.2400,-0.128419,-0.013095
25.2500,-0.241989,-0.024676
25.2600,-0.054078,-0.005514
25.2700,-0.162396,-0.016560
25.2800,-0.363537,-0.037070
25.2900,-0.186606,-0.019029
25.3000,-0.060396,-0.006159
25.3100,0.076741,0.007825
25.3200,-0.249442,-0.025436
25.3300,-0.218046,-0.022234
25.3400,-0.192377,-0.019617
25.3500,-0.143717,-0.014655
25.3600,0.112527,0.011475
25.3700,0.006032,0.000615
25.3800,-0.089855,-0.009163
25.3900,-0.060406,-0.006160
25.4000,-0.178961,-0.018249
25.4100,-0.417090,-0.042531
25.4200,-0.382955,-0.039051
25.4300,-0.269487,-0.027480
25.4400,-0.335069,-0.034168
25.4500,-0.139250,-0.014200
25.4600,-0.030294,-0.003089
25.4700,-0.172417,-0.017582
25.4800,-0.179897,-0.018344
25.4900,-0.030381,-0.003098
25.5000,-0.323476,-0.032985
25.5100,-0.384177,-0.039175
25.5200,-0.420149,-0.042843
25.5300,-0.339311,-0.034600
25.5400,-0.349374,-0.035626
25.5500,-0.228185,-0.023268
25.5600,-0.080818,-0.008241
25.5700,0.510943,0.052102
25.5800,0.510995,0.052107
25.5900,0.599240,0.061105
25.6000,0.615651,0.062779
25.6100,0.432447,0.044097
25.6200,0.655566,0.066849
25.6300,0.816093,0.083218
25.6400,0.868337,0.088546
25.6500,0.901813,0.091959
25.6600,0.936073,0.095453
25.6700,1.029402,0.104970
25.6800,0.986958,0.100642
25.6900,1.138181,0.116062
25.7000,1.188363,0.121179
25.7100,1.284477,0.130980
25.7200,1.330635,0.135687
25.7300,1.299496,0.132512
25.7400,1.189687,0.121314
25.7500,0.877930,0.089524
25.7600,0.652265,0.066513
25.7700,0.571546,0.058281
25.7800,0.679043,0.069243
25.7900,0.635162,0.064769
25.8000,0.642331,0.065500
25.8100,0.466300,0.047549
25.8200,0.419948,0.042823
25.8300,0.599394,0.061121
25.8400,0.647806,0.066058
25.8500,0.480596,0.049007
25.8600,0.573725,0.058504
25.8700,0.387100,0.039473
25.8800,0.410231,0.041832
25.8900,0.337009,0.034365
25.9000,0.440443,0.044913
25.9100,0.494289,0.050403
25.9200,0.480669,0.049015
25.9300,0.435403,0.044399
25.9400,0.231030,0.023559
25.9500,0.244135,0.024895
25.9600,0.225506,0.022995
25.9700,0.325770,0.033219
25.9800,0.128917,0.013146
25.9900,0.014530,0.001482
26.0000,-0.167084,-0.017038
26.0100,-0.020459,-0.002086
26.0200,-0.100252,-0.010223
26.0300,-0.004073,-0.000415
26.0400,-0.347331,-0.035418
26.0500,-0.440380,-0.044906
26.0600,-0.370983,-0.037830
26.0700,-0.468192,-0.047742
26.0800,-0.542195,-0.055289
26.0900,-0.691427,-0.070506
26.1000,-0.616863,-0.062903
26.1100,-0.467157,-0.047637
26.1200,-0.452969,-0.046190
26.1300,-0.477244,-0.048665
26.1400,-0.458628,-0.046767
26.1500,-0.326662,-0.033310
26.1600,0.012793,0.001305
26.1700,0.125863,0.012834
26.1800,0.295166,0.030099
26.1900,0.442314,0.045104
26.2000,0.335277,0.034189
26.2100,0.381163,0.038868
26.2200,0.578718,0.059013
26.2300,0.511924,0.052202
26.2400,0.236332,0.024099
26.2500,0.134277,0.013692
26.2600,0.265147,0.027037
26.2700,0.185452,0.018911
26.2800,0.139259,0.014200
26.2900,0.244092,0.024890
26.3000,0.392857,0.040060
26.3100,0.430928,0.043942
26.3200,0.563578,0.057469
26.3300,0.956871,0.097574
26.3400,1.215144,0.123910
26.3500,1.112499,0.113443
26.3600,0.980672,0.100001
26.3700,0.860479,0.087744
26.3800,0.730241,0.074464
26.3900,0.649232,0.066203
26.4000,0.578834,0.059025
26.4100,0.622478,0.063475
26.4200,0.725111,0.073941
26.4300,0.526814,0.053720
26.4400,0.544368,0.055510
26.4500,0.163201,0.016642
26.4600,-0.037666,-0.003841
26.4700,-0.146485,-0.014937
26.4800,-0.433293,-0.044184
26.4900,-0.473811,-0.048315
26.5000,-0.285675,-0.029131
26.5100,-0.501434,-0.051132
26.5200,-0.669350,-0.068255
26.5300,-0.561014,-0.057207
26.5400,-0.658034,-0.067101
26.5500,-0.788531,-0.080408
26.5600,-0.885755,-0.090322
26.5700,-0.932284,-0.095067
26.5800,-0.969158,-0.098827
26.5900,-0.900555,-0.091831
26.6000,-0.677672,-0.069103
26.6100,-0.458077,-0.046711
26.6200,-0.306971,-0.031302
26.6300,-0.559498,-0.057053
26.6400,-0.765620,-0.078072
26.6500,-0.687269,-0.070082
26.6600,-0.766077,-0.078118
26.6700,-0.414907,-0.042309
26.6800,-0.274980,-0.028040
26.6900,-0.562417,-0.057351
26.7000,-0.816691,-0.083279
26.7100,-0.344678,-0.035147
26.7200,-0.037086,-0.003782
26.7300,0.170482,0.017384
26.7400,0.160312,0.016347
26.7500,0.122266,0.012468
26.7600,0.322051,0.032840
26.7700,0.290847,0.029658
26.7800,0.081219,0.008282
26.7900,0.223802,0.022821
26.8000,0.174189,0.017762
26.8100,0.192069,0.019586
26.8200,0.490016,0.049968
26.8300,0.247544,0.025242
26.8400,0.174349,0.017779
26.8500,0.310523,0.031665
26.8600,0.446275,0.045507
26.8700,0.243939,0.024875
26.8800,0.250022,0.025495
26.8900,0.168508,0.017183
26.9000,0.185115,0.018877
26.9100,0.277881,0.028336
26.9200,0.068631,0.006998
26.9300,-0.136181,-0.013887
26.9400,-0.312278,-0.031844
26.9500,-0.121632,-0.012403
26.9600,-0.330943,-0.033747
26.9700,-0.167325,-0.017062
26.9800,0.254244,0.025926
26.9900,0.178638,0.018216
27.0000,0.146702,0.014959
27.0100,-0.073747,-0.007520
27.0200,0.024417,0.002490
27.0300,-0.158520,-0.016165
27.0400,-0.239190,-0.024391
27.0500,-0.190085,-0.019383
27.0600,-0.175543,-0.017900
27.0700,-0.095997,-0.009789
27.0800,-0.238354,-0.024305
27.0900,0.129986,0.013255
27.1000,0.297064,0.030292
27.1100,0.205124,0.020917
27.1200,0.210014,0.021415
27.1300,0.207912,0.021201
27.1400,0.145362,0.014823
27.1500,0.190534,0.019429
27.1600,0.495423,0.050519
27.1700,0.459078,0.046813
27.1800,0.594604,0.060633
27.1900,0.563401,0.057451
27.2000,0.266642,0.027190
27.2100,0.317867,0.032413
27.2200,0.102163,0.010418
27.2300,-0.225536,-0.022998
27.2400,-0.133757,-0.013639
27.2500,-0.035596,-0.003630
27.2600,0.039504,0.004028
27.2700,-0.082701,-0.008433
27.2800,-0.178608,-0.018213
27.2900,-0.146617,-0.014951
27.3000,-0.125440,-0.012791
27.3100,-0.421481,-0.042979
27.3200,-0.623277,-0.063557
27.3300,-0.505835,-0.051581
27.3400,-0.447323,-0.045614
27.3500,-0.611222,-0.062327
27.3600,-0.589259,-0.060088
27.3700,-0.710975,-0.072499
27.3800,-0.769687,-0.078486
27.3900,-0.601743,-0.061361
27.4000,-0.581399,-0.059286
27.4100,-0.611723,-0.062378
27.4200,-0.493953,-0.050369
27.4300,-0.436534,-0.044514
27.4400,-0.354495,-0.036148
27.4500,-0.187673,-0.019137
27.4600,-0.069334,-0.007070
27.4700,0.048053,0.004900
27.4800,0.005395,0.000550
27.4900,0.019050,0.001943
27.5000,0.066157,0.006746
27.5100,0.213648,0.021786
27.5200,0.184831,0.018847
27.5300,0.051122,0.005213
27.5400,0.168023,0.017134
27.5500,0.234582,0.023921
27.5600,0.502030,0.051193
27.5700,0.628339,0.064073
27.5800,0.489512,0.049916
27.5900,0.230387,0.023493
27.6000,0.273912,0.027931
27.6100,0.428148,0.043659
27.6200,0.166399,0.016968
27.6300,0.071677,0.007309
27.6400,-0.082883,-0.008452
27.6500,-0.055904,-0.005701
27.6600,-0.037470,-0.003821
27.6700,0.039302,0.004008
27.6800,0.035435,0.003613
27.6900,-0.010215,-0.001042
27.7000,-0.106650,-0.010875
27.7100,-0.237917,-0.024261
27.7200,-0.268512,-0.027381
27.7300,-0.425873,-0.043427
27.7400,-0.531709,-0.054219
27.7500,-0.346875,-0.035371
27.7600,-0.163874,-0.016710
27.7700,-0.277866,-0.028334
27.7800,-0.252326,-0.025730
27.7900,-0.199847,-0.020379
27.8000,-0.067176,-0.006850
27.8100,0.100634,0.010262
27.8200,0.273622,0.027902
27.8300,0.173682,0.017711
27.8400,0.111462,0.011366
27.8500,0.138294,0.014102
27.8600,0.572758,0.058405
27.8700,0.556054,0.056702
27.8800,0.561691,0.057277
27.8900,0.289219,0.029492
27.9000,0.212983,0.021718
27.9100,0.194126,0.019795
27.9200,0.258279,0.026337
27.9300,0.466026,0.047521
27.9400,0.363497,0.037066
27.9500,0.168765,0.017209
27.9600,0.263715,0.026891
27.9700,0.159793,0.016294
27.9800,0.295451,0.030128
27.9900,0.174185,0.017762
28.0000,0.077112,0.007863
28.0100,-0.040352,-0.004115
28.0200,-0.113612,-0.011585
28.0300,-0.234940,-0.023957
28.0400,-0.103095,-0.010513
28.0500,-0.166165,-0.016944
28.0600,-0.338112,-0.034478
28.0700,-0.530996,-0.054147
28.0800,-0.474901,-0.048426
28.0900,-0.462101,-0.047121
28.1000,-0.687184,-0.070073
28.1100,-0.639215,-0.065182
28.1200,-0.674705,-0.068801
28.1300,-0.563294,-0.057440
28.1400,-0.404684,-0.041266
28.1500,-0.149729,-0.015268
28.1600,-0.191967,-0.019575
28.1700,-0.062896,-0.006414
28.1800,-0.138695,-0.014143
28.1900,-0.216910,-0.022119
28.2000,-0.233149,-0.023775
28.2100,0.028147,0.002870
28.2200,-0.098765,-0.010071
28.2300,-0.035518,-0.003622
28.2400,-0.162587,-0.016579
28.2500,-0.061628,-0.006284
28.2600,0.078568,0.008012
28.2700,0.259701,0.026482
28.2800,0.358004,0.036506
28.2900,0.402156,0.041009
28.3000,0.381910,0.038944
28.3100,0.615126,0.062725
28.3200,0.622325,0.063459
28.3300,0.700685,0.071450
28.3400,0.683679,0.069716
28.3500,0.675902,0.068923
28.3600,0.577051,0.058843
28.3700,0.675160,0.068847
28.3800,0.767040,0.078216
28.3900,0.707776,0.072173
28.4000,0.865893,0.088296
28.4100,0.795915,0.081161
28.4200,0.690343,0.070395
28.4300,0.668068,0.068124
28.4400,0.711734,0.072577
28.4500,0.744929,0.075962
28.4600,0.665182,0.067830
28.4700,0.574042,0.058536
28.4800,0.395781,0.040358
28.4900,0.398491,0.040635
28.5000,0.434799,0.044337
28.5100,0.573933,0.058525
28.5200,0.337144,0.034379
28.5300,0.130190,0.013276
28.5400,0.051019,0.005202
28.5500,-0.180025,-0.018357
28.5600,-0.483533,-0.049307
28.5700,-0.473373,-0.048271
28.5800,-0.430278,-0.043876
28.5900,-0.508694,-0.051872
28.6000,-0.574811,-0.058614
28.6100,-0.618729,-0.063093
28.6200,-0.658504,-0.067149
28.6300,-0.525448,-0.053581
28.6400,-0.461823,-0.047093
28.6500,-0.387781,-0.039543
28.6600,-0.452841,-0.046177
28.6700,-0.544555,-0.055529
28.6800,-0.588662,-0.060027
28.6900,-0.415107,-0.042329
28.7000,-0.239054,-0.024377
28.7100,-0.045447,-0.004634
28.7200,-0.152181,-0.015518
28.7300,-0.143848,-0.014668
28.7400,-0.182999,-0.018661
28.7500,-0.174770,-0.017822
28.7600,-0.022917,-0.002337
28.7700,0.187251,0.019094
28.7800,0.323476,0.032985
28.7900,0.345858,0.035268
28.8000,0.329501,0.033600
28.8100,0.335023,0.034163
28.8200,0.141999,0.014480
28.8300,0.224584,0.022901
28.8400,0.168814,0.017214
28.8500,0.037054,0.003778
28.8600,-0.111567,-0.011377
28.8700,-0.151163,-0.015414
28.8800,-0.110183,-0.011236
28.8900,-0.151584,-0.015457
28.9000,0.027432,0.002797
28.9100,0.066465,0.006778
28.9200,-0.068128,-0.006947
28.9300,-0.118197,-0.012053
28.9400,-0.187423,-0.019112
28.9500,-0.191654,-0.019543
28.9600,-0.173234,-0.017665
28.9700,-0.067946,-0.006929
28.9800,0.009188,0.000937
28.9900,0.180741,0.018430
29.0000,0.277290,0.028276
29.0100,0.343315,0.035008
29.0200,0.235407,0.024005
29.0300,0.277613,0.028309
29.0400,0.387145,0.039478
29.0500,0.549408,0.056024
29.0600,0.492218,0.050192
29.0700,0.341422,0.034815
29.0800,0.443287,0.045203
29.0900,0.327617,0.033408
29.1000,0.462018,0.047113
29.1100,0.301535,0.030748
29.1200,0.321959,0.032831
29.1300,-0.016720,-0.001705
29.1400,0.005645,0.000576
29.1500,-0.025707,-0.002621
29.1600,-0.087609,-0.008934
29.1700,0.039174,0.003995
29.1800,0.102702,0.010473
29.1900,-0.046586,-0.004750
29.2000,0.055677,0.005677
29.2100,0.177050,0.018054
29.2200,0.226503,0.023097
29.2300,0.240132,0.024487
29.2400,0.251285,0.025624
29.2500,0.302636,0.030860
29.2600,0.332949,0.033951
29.2700,0.409119,0.041719
29.2800,0.282164,0.028773
29.2900,0.174327,0.017776
29.3000,0.188233,0.019194
29.3100,0.217199,0.022148
29.3200,0.105537,0.010762
29.3300,0.128452,0.013098
29.3400,-0.085118,-0.008680
29.3500,-0.176438,-0.017992
29.3600,-0.143194,-0.014602
29.3700,-0.347142,-0.035399
29.3800,-0.361926,-0.036906
29.3900,-0.428229,-0.043667
29.4000,-0.269571,-0.027489
29.4100,-0.158789,-0.016192
29.4200,-0.242557,-0.024734
29.4300,-0.197489,-0.020138
29.4400,-0.107063,-0.010917
29.4500,-0.070294,-0.007168
29.4600,-0.240416,-0.024516
29.4700,-0.277287,-0.028275
29.4800,-0.386146,-0.039376
29.4900,-0.355238,-0.036224
29.5000,-0.248270,-0.025317
29.5100,-0.287272,-0.029294
29.5200,-0.355837,-0.036285
29.5300,-0.435214,-0.044379
29.5400,-0.271714,-0.027707
29.5500,-0.362286,-0.036943
29.5600,-0.663485,-0.067657
29.5700,-0.662585,-0.067565
29.5800,-0.745096,-0.075979
29.5900,-0.738760,-0.075333
29.6000,-0.654925,-0.066784
29.6100,-0.598996,-0.061081
29.6200,-0.512551,-0.052266
29.6300,-0.380084,-0.038758
29.6400,-0.476099,-0.048549
29.6500,-0.420635,-0.042893
29.6600,-0.314258,-0.032045
29.6700,-0.238888,-0.024360
29.6800,-0.093196,-0.009503
29.6900,0.174085,0.017752
29.7000,0.236635,0.024130
29.7100,0.300860,0.030679
29.7200,0.225120,0.022956
29.7300,0.300784,0.030671
29.7400,0.407213,0.041524
29.7500,0.383974,0.039154
29.7600,0.191593,0.019537
29.7700,0.257156,0.026223
29.7800,0.280165,0.028569
29.7900,0.078326,0.007987
29.8000,0.045402,0.004630
29.8100,0.097505,0.009943
29.8200,0.141198,0.014398
29.8300,0.170993,0.017436
29.8400,0.173037,0.017645
29.8500,0.141399,0.014419
29.8600,0.161296,0.016448
29.8700,0.179571,0.018311
29.8800,0.108104,0.011024
29.8900,-0.006023,-0.000614
29.9000,-0.038647,-0.003941
29.9100,0.015330,0.001563
29.9200,0.005121,0.000522
29.9300,-0.244975,-0.024981
29.9400,-0.183432,-0.018705
29.9500,-0.119565,-0.012192
29.9600,-0.003978,-0.000406
29.9700,0.067509,0.006884
29.9800,0.070907,0.007230
29.9900,0.002109,0.000215
30.0000,-0.116156,-0.011845
30.0100,-0.031961,-0.003259
30.0200,-0.013428,-0.001369
30.0300,0.253910,0.025892
30.0400,0.314332,0.032053
30.0500,0.280035,0.028556
30.0600,0.237493,0.024218
30.0700,0.174987,0.017844
30.0800,-0.041962,-0.004279
30.0900,-0.144942,-0.014780
30.1000,-0.130915,-0.013350
30.1100,-0.188100,-0.019181
30.1200,-0.257717,-0.026280
30.1300,-0.167624,-0.017093
30.1400,-0.252195,-0.025717
30.1500,-0.246704,-0.025157
30.1600,-0.268188,-0.027348
30.1700,-0.273249,-0.027864
30.1800,-0.198492,-0.020241
30.1900,-0.037080,-0.003781
30.2000,0.004629,0.000472
30.2100,0.062987,0.006423
30.2200,-0.005876,-0.000599
30.2300,0.211275,0.021544
30.2400,0.384991,0.039258
30.2500,0.333425,0.034000
30.2600,0.400386,0.040828
30.2700,0.400830,0.040873
30.2800,0.523577,0.053390
30.2900,0.452055,0.046097
30.3000,0.502388,0.051229
30.3100,0.442197,0.045092
30.3200,0.400294,0.040819
30.3300,0.448203,0.045704
30.3400,0.456234,0.046523
30.3500,0.531442,0.054192
30.3600,0.406843,0.041486
30.3700,0.284764,0.029038
30.3800,0.186204,0.018988
30.3900,0.103974,0.010602
30.4000,0.000370,0.000038
30.4100,0.043329,0.004418
30.4200,-0.074975,-0.007645
30.4300,-0.107595,-0.010972
30.4400,-0.188822,-0.019255
30.4500,-0.250316,-0.025525
30.4600,-0.230704,-0.023525
30.4700,-0.254990,-0.026002
30.4800,-0.248752,-0.025366
30.4900,-0.100494,-0.010248
30.5000,-0.133433,-0.013606
30.5100,-0.001689,-0.000172
30.5200,0.034060,0.003473
30.5300,0.018611,0.001898
30.5400,0.047010,0.004794
30.5500,0.003630,0.000370
30.5600,0.065453,0.006674
30.5700,0.029145,0.002972
30.5800,0.027346,0.002788
30.5900,0.074111,0.007557
30.6000,0.093167,0.009500
30.6100,-0.092770,-0.009460
30.6200,-0.074441,-0.007591
30.6300,-0.025137,-0.002563
30.6400,-0.087399,-0.008912
30.6500,-0.058628,-0.005978
30.6600,0.175746,0.017921
30.6700,0.263744,0.026894
30.6800,0.184432,0.018807
30.6900,0.198460,0.020237
30.7000,0.148930,0.015187
30.7100,0.169553,0.017290
30.7200,0.382040,0.038957
30.7300,0.408328,0.041638
30.7400,0.342631,0.034939
30.7500,0.255376,0.026041
30.7600,0.071875,0.007329
30.7700,-0.053802,-0.005486
30.7800,-0.107591,-0.010971
30.7900,-0.076893,-0.007841
30.8000,-0.039904,-0.004069
30.8100,-0.171860,-0.017525
30.8200,-0.172563,-0.017597
30.8300,-0.177289,-0.018078
30.8400,-0.203443,-0.020745
30.8500,-0.064997,-0.006628
30.8600,-0.153524,-0.015655
30.8700,-0.079495,-0.008106
30.8800,-0.129964,-0.013253
30.8900,-0.401963,-0.040989
30.9000,-0.578765,-0.059018
30.9100,-0.537974,-0.054858
30.9200,-0.458657,-0.046770
30.9300,-0.418620,-0.042687
30.9400,-0.426381,-0.043479
30.9500,-0.481082,-0.049057
30.9600,-0.365945,-0.037316
30.9700,-0.291146,-0.029689
30.9800,-0.226817,-0.023129
30.9900,-0.239305,-0.024402
31.0000,-0.283632,-0.028922
31.0100,-0.273892,-0.027929
31.0200,-0.141021,-0.014380
31.0300,-0.196763,-0.020064
31.0400,-0.106611,-0.010871
31.0500,-0.058299,-0.005945
31.0600,-0.148523,-0.015145
31.0700,-0.134069,-0.013671
31.0800,-0.200479,-0.020443
31.0900,-0.213462,-0.021767
31.1000,-0.098267,-0.010020
31.1100,-0.051598,-0.005262
31.1200,-0.118638,-0.012098
31.1300,-0.258483,-0.026358
31.1400,-0.383843,-0.039141
31.1500,-0.496373,-0.050616
31.1600,-0.431796,-0.044031
31.1700,-0.337749,-0.034441
31.1800,-0.260266,-0.026540
31.1900,-0.251972,-0.025694
31.2000,-0.126159,-0.012865
31.2100,-0.188653,-0.019237
31.2200,-0.176786,-0.018027
31.2300,-0.069237,-0.007060
31.2400,0.018440,0.001880
31.2500,0.012282,0.001252
31.2600,-0.012380,-0.001262
31.2700,-0.007544,-0.000769
31.2800,-0.104318,-0.010638
31.2900,-0.128726,-0.013126
31.3000,-0.150755,-0.015373
31.3100,-0.108790,-0.011093
31.3200,-0.087377,-0.008910
31.3300,-0.162375,-0.016558
31.3400,-0.019293,-0.001967
31.3500,0.095222,0.009710
31.3600,0.217533,0.022182
31.3700,0.220057,0.022440
31.3800,0.276984,0.028245
31.3900,0.298177,0.030406
31.4000,0.337417,0.034407
31.4100,0.473111,0.048244
31.4200,0.377735,0.038518
31.4300,0.325768,0.033219
31.4400,0.292653,0.029842
31.4500,0.148460,0.015139
31.4600,0.192476,0.019627
31.4700,0.196775,0.020066
31.4800,0.179662,0.018320
31.4900,0.168577,0.017190
31.5000,0.231781,0.023635
31.5100,0.209671,0.021381
31.5200,0.159462,0.016261
31.5300,0.158914,0.016205
31.5400,0.144290,0.014713
31.5500,0.165288,0.016855
31.5600,0.215964,0.022022
31.5700,0.258370,0.026346
31.5800,0.232986,0.023758
31.5900,0.114932,0.011720
31.6000,0.181957,0.018554
31.6100,0.070317,0.007170
31.6200,0.004270,0.000435
31.6300,0.142542,0.014535
31.6400,0.202620,0.020661
31.6500,0.139713,0.014247
31.6600,0.028492,0.002905
31.6700,0.012806,0.001306
31.6800,-0.029832,-0.003042
31.6900,-0.100481,-0.010246
31.7000,-0.180682,-0.018424
31.7100,-0.083329,-0.008497
31.7200,-0.111587,-0.011379
31.7300,-0.004806,-0.000490
31.7400,0.141368,0.014416
31.7500,0.224429,0.022885
31.7600,0.200568,0.020452
31.7700,0.282037,0.028760
31.7800,0.243699,0.024850
31.7900,0.331637,0.033818
31.8000,0.360469,0.036758
31.8100,0.334051,0.034064
31.8200,0.288129,0.029381
31.8300,0.284213,0.028982
31.8400,0.301305,0.030725
31.8500,0.222383,0.022677
31.8600,0.227084,0.023156
31.8700,0.234447,0.023907
31.8800,0.172934,0.017634
31.8900,0.058826,0.005999
31.9000,0.009503,0.000969
31.9100,-0.114420,-0.011668
31.9200,-0.224334,-0.022876
31.9300,-0.246568,-0.025143
31.9400,-0.375339,-0.038274
31.9500,-0.280893,-0.028643
31.9600,-0.287001,-0.029266
31.9700,-0.287505,-0.029317
31.9800,-0.295405,-0.030123
31.9900,-0.126121,-0.012861
32.0000,-0.031025,-0.003164
32.0100,-0.079779,-0.008135
32.0200,-0.077119,-0.007864
32.0300,-0.141414,-0.014420
32.0400,-0.193844,-0.019767
32.0500,-0.137925,-0.014064
32.0600,-0.117057,-0.011937
32.0700,-0.155510,-0.015858
32.0800,-0.216074,-0.022033
32.0900,-0.158095,-0.016121
32.1000,-0.021402,-0.002182
32.1100,-0.065629,-0.006692
32.1200,-0.058257,-0.005941
32.1300,-0.067047,-0.006837
32.1400,-0.100199,-0.010218
32.1500,-0.091642,-0.009345
32.1600,-0.029695,-0.003028
32.1700,0.053950,0.005501
32.1800,0.187677,0.019138
32.1900,0.048148,0.004910
32.2000,0.019238,0.001962
32.2100,-0.000711,-0.000072
32.2200,0.001507,0.000154
32.2300,0.024563,0.002505
32.2400,0.090759,0.009255
32.2500,0.066447,0.006776
32.2600,0.015819,0.001613
32.2700,0.007248,0.000739
32.2800,0.038962,0.003973
32.2900,0.018283,0.001864
32.3000,-0.091926,-0.009374
32.3100,-0.125762,-0.012824
32.3200,-0.141986,-0.014479
32.3300,-0.218172,-0.022247
32.3400,-0.245060,-0.024989
32.3500,-0.248844,-0.025375
32.3600,-0.245527,-0.025037
32.3700,-0.202332,-0.020632
32.3800,-0.164626,-0.016787
32.3900,-0.085928,-0.008762
32.4000,-0.104208,-0.010626
32.4100,0.057384,0.005852
32.4200,-0.059231,-0.006040
32.4300,-0.197627,-0.020152
32.4400,-0.214912,-0.021915
32.4500,-0.159023,-0.016216
32.4600,-0.161697,-0.016489
32.4700,-0.249819,-0.025474
32.4800,-0.101677,-0.010368
32.4900,-0.109280,-0.011143
32.5000,-0.116257,-0.011855
32.5100,-0.021279,-0.002170
32.5200,-0.074246,-0.007571
32.5300,-0.118174,-0.012050
32.5400,-0.091304,-0.009310
32.5500,-0.070270,-0.007166
32.5600,-0.157733,-0.016084
32.5700,-0.127153,-0.012966
32.5800,-0.060899,-0.006210
32.5900,-0.066786,-0.006810
32.6000,-0.113432,-0.011567
32.6100,-0.066645,-0.006796
32.6200,0.006845,0.000698
32.6300,-0.020990,-0.002140
32.6400,-0.065684,-0.006698
32.6500,-0.111376,-0.011357
32.6600,-0.103752,-0.010580
32.6700,-0.061355,-0.006257
32.6800,0.038190,0.003894
32.6900,0.013458,0.001372
32.7000,0.041551,0.004237
32.7100,0.002905,0.000296
32.7200,0.042819,0.004366
32.7300,0.114303,0.011656
32.7400,0.067941,0.006928
32.7500,0.114706,0.011697
32.7600,0.084683,0.008635
32.7700,0.098542,0.010049
32.7800,0.148289,0.015121
32.7900,0.147310,0.015021
32.8000,0.237251,0.024193
32.8100,0.177992,0.018150
32.8200,0.103019,0.010505
32.8300,0.030719,0.003132
32.8400,0.022952,0.002340
32.8500,0.033282,0.003394
32.8600,-0.158010,-0.016113
32.8700,-0.078785,-0.008034
32.8800,-0.086550,-0.008826
32.8900,-0.078640,-0.008019
32.9000,-0.152376,-0.015538
32.9100,-0.148284,-0.015121
32.9200,-0.105481,-0.010756
32.9300,-0.196338,-0.020021
32.9400,-0.245967,-0.025082
32.9500,-0.190695,-0.019445
32.9600,-0.166198,-0.016947
32.9700,-0.184391,-0.018803
32.9800,-0.089400,-0.009116
32.9900,-0.051138,-0.005215
33.0000,-0.108021,-0.011015
33.0100,-0.031051,-0.003166
33.0200,0.107200,0.010931
33.0300,0.128919,0.013146
33.0400,0.119409,0.012176
33.0500,0.103867,0.010592
33.0600,0.056239,0.005735
33.0700,0.086472,0.008818
33.0800,0.050706,0.005171
33.0900,-0.035615,-0.003632
33.1000,-0.014771,-0.001506
33.1100,-0.096033,-0.009793
33.1200,-0.067718,-0.006905
33.1300,-0.180336,-0.018389
33.1400,-0.244387,-0.024921
33.1500,-0.069387,-0.007075
33.1600,0.004911,0.000501
33.1700,-0.016356,-0.001668
33.1800,0.047518,0.004845
33.1900,0.075783,0.007728
33.2000,0.079265,0.008083
33.2100,0.058480,0.005963
33.2200,0.137887,0.014061
33.2300,0.151758,0.015475
33.2400,0.152074,0.015507
33.2500,0.181600,0.018518
33.2600,0.182332,0.018593
33.2700,0.152015,0.015501
33.2800,0.118423,0.012076
33.2900,-0.003873,-0.000395
33.3000,-0.154296,-0.015734
33.3100,-0.111420,-0.011362
33.3200,-0.211600,-0.021577
33.3300,-0.264404,-0.026962
33.3400,-0.192896,-0.019670
33.3500,-0.183168,-0.018678
33.3600,-0.185756,-0.018942
33.3700,-0.248630,-0.025353
33.3800,-0.206537,-0.021061
33.3900,-0.204253,-0.020828
33.4000,-0.242483,-0.024726
33.4100,-0.185173,-0.018882
33.4200,-0.101594,-0.010360
33.4300,-0.080145,-0.008173
33.4400,-0.032711,-0.003336
33.4500,-0.110523,-0.011270
33.4600,-0.038412,-0.003917
33.4700,-0.046307,-0.004722
33.4800,0.008103,0.000826
33.4900,-0.021838,-0.002227
33.5000,0.032856,0.003350
33.5100,0.014852,0.001514
33.5200,0.039060,0.003983
33.5300,0.074830,0.007631
33.5400,0.027969,0.002852
33.5500,0.018648,0.001902
33.5600,0.031686,0.003231
33.5700,0.050668,0.005167
33.5800,0.043792,0.004466
33.5900,0.004688,0.000478
33.6000,-0.128140,-0.013067
33.6100,-0.149317,-0.015226
33.6200,-0.131906,-0.013451
33.6300,-0.140314,-0.014308
33.6400,-0.197321,-0.020121
33.6500,-0.267129,-0.027240
33.6600,-0.160923,-0.016410
33.6700,-0.083693,-0.008534
33.6800,-0.103239,-0.010527
33.6900,-0.234087,-0.023870
33.7000,-0.148331,-0.015126
33.7100,-0.128903,-0.013144
33.7200,-0.082727,-0.008436
33.7300,-0.008281,-0.000844
33.7400,0.028089,0.002864
33.7500,0.125222,0.012769
33.7600,0.191230,0.019500
33.7700,0.248267,0.025316
33.7800,0.266245,0.027149
33.7900,0.246415,0.025127
33.8000,0.297258,0.030312
33.8100,0.287532,0.029320
33.8200,0.254607,0.025963
33.8300,0.191313,0.019509
33.8400,0.182283,0.018588
33.8500,0.096808,0.009872
33.8600,-0.032693,-0.003334
33.8700,-0.000827,-0.000084
33.8800,0.021699,0.002213
33.8900,0.066351,0.006766
33.9000,0.105840,0.010793
33.9100,0.045167,0.004606
33.9200,0.028396,0.002896
33.9300,0.051575,0.005259
33.9400,0.049595,0.005057
33.9500,0.001010,0.000103
33.9600,-0.072114,-0.007354
33.9700,-0.117776,-0.012010
33.9800,-0.014269,-0.001455
33.9900,0.020128,0.002053
34.0000,0.049143,0.005011
34.0100,0.194105,0.019793
34.0200,0.196891,0.020077
34.0300,0.196734,0.020061
34.0400,0.102077,0.010409
34.0500,-0.017650,-0.001800
34.0600,-0.076521,-0.007803
34.0700,-0.042829,-0.004367
34.0800,-0.021964,-0.002240
34.0900,-0.056815,-0.005793
34.1000,-0.089365,-0.009113
34.1100,-0.047997,-0.004894
34.1200,-0.003757,-0.000383
34.1300,-0.051567,-0.005258
34.1400,0.011639,0.001187
34.1500,0.032945,0.003359
34.1600,-0.046750,-0.004767
34.1700,-0.051343,-0.005236
34.1800,-0.046681,-0.004760
34.1900,-0.003243,-0.000331
34.2000,0.034753,0.003544
34.2100,0.049455,0.005043
34.2200,0.185844,0.018951
34.2300,0.176133,0.017961
34.2400,0.098997,0.010095
34.2500,0.079511,0.008108
34.2600,0.120755,0.012314
34.2700,0.032565,0.003321
34.2800,0.018738,0.001911
34.2900,-0.018877,-0.001925
34.3000,-0.068174,-0.006952
34.3100,-0.034497,-0.003518
34.3200,-0.016646,-0.001697
34.3300,-0.032353,-0.003299
34.3400,0.022902,0.002335
34.3500,-0.017320,-0.001766
34.3600,0.024061,0.002454
34.3700,0.012984,0.001324
34.3800,0.002835,0.000289
34.3900,0.041680,0.004250
34.4000,0.081141,0.008274
34.4100,0.044549,0.004543
34.4200,-0.055539,-0.005663
34.4300,-0.154198,-0.015724
34.4400,-0.199471,-0.020340
34.4500,-0.154412,-0.015746
34.4600,-0.153722,-0.015675
34.4700,-0.108025,-0.011015
34.4800,-0.027949,-0.002850
34.4900,-0.067863,-0.006920
34.5000,-0.070507,-0.007190
34.5100,-0.080100,-0.008168
34.5200,0.045496,0.004639
34.5300,0.106715,0.010882
34.5400,0.138843,0.014158
34.5500,0.136570,0.013926
34.5600,0.112051,0.011426
34.5700,0.120313,0.012269
34.5800,0.182568,0.018617
34.5900,0.192429,0.019622
34.6000,0.196560,0.020044
34.6100,0.209554,0.021369
34.6200,0.154977,0.015803
34.6300,0.067305,0.006863
34.6400,0.138566,0.014130
34.6500,0.108204,0.011034
34.6600,0.058515,0.005967
34.6700,0.139987,0.014275
34.6800,0.126200,0.012869
34.6900,0.031750,0.003238
34.7000,0.016711,0.001704
34.7100,0.109978,0.011215
34.7200,0.172657,0.017606
34.7300,0.215392,0.021964
34.7400,0.160325,0.016349
34.7500,0.071882,0.007330
34.7600,-0.043974,-0.004484
34.7700,-0.048263,-0.004921
34.7800,0.024784,0.002527
34.7900,0.024679,0.002517
34.8000,0.062744,0.006398
34.8100,-0.048433,-0.004939
34.8200,0.029866,0.003045
34.8300,0.058751,0.005991
34.8400,-0.013163,-0.001342
34.8500,0.119942,0.012231
34.8600,0.115290,0.011756
34.8700,0.140541,0.014331
34.8800,0.020194,0.002059
34.8900,0.081358,0.008296
34.9000,0.126317,0.012881
34.9100,0.165246,0.016850
34.9200,0.194918,0.019876
34.9300,0.284998,0.029062
34.9400,0.376317,0.038374
34.9500,0.448207,0.045704
34.9600,0.271571,0.027692
34.9700,0.169582,0.017293
34.9800,0.170328,0.017369
34.9900,0.196412,0.020028
35.0000,0.244864,0.024969
35.0100,0.200182,0.020413
35.0200,0.098498,0.010044
35.0300,0.098102,0.010004
35.0400,0.082447,0.008407
35.0500,0.044583,0.004546
35.0600,0.014746,0.001504
35.0700,0.011300,0.001152
35.0800,-0.002035,-0.000207
35.0900,-0.060300,-0.006149
35.1000,-0.065871,-0.006717
35.1100,-0.119242,-0.012159
35.1200,-0.105729,-0.010781
35.1300,-0.058207,-0.005935
35.1400,-0.079259,-0.008082
35.1500,-0.120684,-0.012306
35.1600,-0.100205,-0.010218
35.1700,-0.154968,-0.015802
35.1800,-0.222521,-0.022691
35.1900,-0.201297,-0.020527
35.2000,-0.222687,-0.022708
35.2100,-0.185066,-0.018871
35.2200,-0.146387,-0.014927
35.2300,-0.122862,-0.012528
35.2400,-0.106298,-0.010839
35.2500,-0.043674,-0.004454
35.2600,-0.049626,-0.005060
35.2700,-0.125714,-0.012819
35.2800,-0.137173,-0.013988
35.2900,-0.195465,-0.019932
35.3000,-0.201795,-0.020577
35.3100,-0.173089,-0.017650
35.3200,-0.156609,-0.015970
35.3300,-0.074130,-0.007559
35.3400,-0.077219,-0.007874
35.3500,-0.097075,-0.009899
35.3600,0.010568,0.001078
35.3700,0.046245,0.004716
35.3800,0.009653,0.000984
35.3900,0.026539,0.002706
35.4000,0.086635,0.008834
35.4100,0.174611,0.017805
35.4200,0.201327,0.020530
35.4300,0.241951,0.024672
35.4400,0.297989,0.030386
35.4500,0.323003,0.032937
35.4600,0.289733,0.029545
35.4700,0.309026,0.031512
35.4800,0.242338,0.024712
35.4900,0.228765,0.023328
35.5000,0.214957,0.021919
35.5100,0.125355,0.012783
35.5200,0.078798,0.008035
35.5300,0.008292,0.000846
35.5400,-0.017870,-0.001822
35.5500,0.007130,0.000727
35.5600,0.054274,0.005534
35.5700,0.072061,0.007348
35.5800,0.088816,0.009057
35.5900,0.156173,0.015925
35.6000,0.121669,0.012407
35.6100,0.150017,0.015297
35.6200,0.184298,0.018793
35.6300,0.176866,0.018035
35.6400,0.179004,0.018253
35.6500,0.155653,0.015872
35.6600,0.161524,0.016471
35.6700,0.181218,0.018479
35.6800,0.160297,0.016346
35.6900,0.177807,0.018131
35.7000,0.152614,0.015562
35.7100,0.125435,0.012791
35.7200,0.142408,0.014522
35.7300,0.037751,0.003850
35.7400,0.015237,0.001554
35.7500,0.070553,0.007194
35.7600,0.052170,0.005320
35.7700,0.048129,0.004908
35.7800,0.036720,0.003744
35.7900,0.106455,0.010855
35.8000,0.098349,0.010029
35.8100,0.088493,0.009024
35.8200,0.074847,0.007632
35.8300,0.033965,0.003463
35.8400,0.047625,0.004856
35.8500,0.049271,0.005024
35.8600,0.023619,0.002408
35.8700,-0.036598,-0.003732
35.8800,-0.011084,-0.001130
35.8900,0.047684,0.004862
35.9000,0.044816,0.004570
35.9100,0.031666,0.003229
35.9200,0.007468,0.000762
35.9300,0.008236,0.000840
35.9400,0.046774,0.004770
35.9500,0.065162,0.006645
35.9600,0.075411,0.007690
35.9700,0.059714,0.006089
35.9800,0.092650,0.009448
35.9900,0.068126,0.006947
36.0000,0.024502,0.002499
36.0100,-0.025028,-0.002552
36.0200,-0.105087,-0.010716
36.0300,-0.101271,-0.010327
36.0400,-0.130366,-0.013294
36.0500,-0.173786,-0.017721
36.0600,-0.155798,-0.015887
36.0700,-0.117239,-0.011955
36.0800,-0.135067,-0.013773
36.0900,-0.179580,-0.018312
36.1000,-0.216402,-0.022067
36.1100,-0.216642,-0.022091
36.1200,-0.171577,-0.017496
36.1300,-0.158689,-0.016182
36.1400,-0.163919,-0.016715
36.1500,-0.188964,-0.019269
36.1600,-0.141393,-0.014418
36.1700,-0.124394,-0.012685
36.1800,-0.203570,-0.020758
36.1900,-0.185784,-0.018945
36.2000,-0.239581,-0.024430
36.2100,-0.219562,-0.022389
36.2200,-0.273374,-0.027876
36.2300,-0.315141,-0.032135
36.2400,-0.366193,-0.037341
36.2500,-0.383215,-0.039077
36.2600,-0.312211,-0.031837
36.2700,-0.262077,-0.026724
36.2800,-0.269850,-0.027517
36.2900,-0.253834,-0.025884
36.3000,-0.227973,-0.023247
36.3100,-0.240916,-0.024567
36.3200,-0.234163,-0.023878
36.3300,-0.276687,-0.028214
36.3400,-0.234585,-0.023921
36.3500,-0.294765,-0.030058
36.3600,-0.277954,-0.028343
36.3700,-0.246605,-0.025147
36.3800,-0.239699,-0.024443
36.3900,-0.212946,-0.021714
36.4000,-0.203492,-0.020750
36.4100,-0.243902,-0.024871
36.4200,-0.226605,-0.023107
36.4300,-0.159278,-0.016242
36.4400,-0.068279,-0.006963
36.4500,0.011833,0.001207
36.4600,0.034323,0.003500
36.4700,0.070986,0.007239
36.4800,0.173311,0.017673
36.4900,0.217630,0.022192
36.5000,0.238988,0.024370
36.5100,0.220219,0.022456
36.5200,0.214588,0.021882
36.5300,0.207080,0.021116
36.5400,0.151218,0.015420
36.5500,0.112529,0.011475
36.5600,0.063227,0.006447
36.5700,0.077685,0.007922
36.5800,0.039385,0.004016
36.5900,0.062581,0.006381
36.6000,0.138855,0.014159
36.6100,0.109777,0.011194
36.6200,0.086115,0.008781
36.6300,0.123481,0.012592
36.6400,0.113872,0.011612
36.6500,0.041344,0.004216
36.6600,0.042139,0.004297
36.6700,-0.004737,-0.000483
36.6800,-0.061489,-0.006270
36.6900,-0.076354,-0.007786
36.7000,-0.042406,-0.004324
36.7100,0.008985,0.000916
36.7200,-0.023077,-0.002353
36.7300,-0.011075,-0.001129
36.7400,-0.030650,-0.003125
36.7500,-0.048118,-0.004907
36.7600,-0.040368,-0.004116
36.7700,-0.032238,-0.003287
36.7800,-0.077340,-0.007886
36.7900,-0.052878,-0.005392
36.8000,-0.089710,-0.009148
36.8100,-0.073412,-0.007486
36.8200,-0.025112,-0.002561
36.8300,0.047396,0.004833
36.8400,0.106394,0.010849
36.8500,0.110355,0.011253
36.8600,0.124444,0.012690
36.8700,0.081366,0.008297
36.8800,0.115725,0.011801
36.8900,0.072941,0.007438
36.9000,-0.013813,-0.001408
36.9100,-0.005148,-0.000525
36.9200,0.032193,0.003283
36.9300,0.007551,0.000770
36.9400,0.043730,0.004459
36.9500,0.127225,0.012973
36.9600,0.211242,0.021541
36.9700,0.229940,0.023447
36.9800,0.233631,0.023824
36.9900,0.212165,0.021635
37.0000,0.167824,0.017113
37.0100,0.131047,0.013363
37.0200,0.113171,0.011540
37.0300,0.077606,0.007914
37.0400,0.070225,0.007161
37.0500,0.129057,0.013160
37.0600,0.158414,0.016154
37.0700,0.189585,0.019332
37.0800,0.163507,0.016673
37.0900,0.095527,0.009741
37.1000,0.121488,0.012388
37.1100,0.053954,0.005502
37.1200,-0.016959,-0.001729
37.1300,-0.004102,-0.000418
37.1400,-0.053329,-0.005438
37.1500,-0.060654,-0.006185
37.1600,-0.071372,-0.007278
37.1700,-0.135894,-0.013857
37.1800,-0.154950,-0.015800
37.1900,-0.152608,-0.015562
37.2000,-0.100738,-0.010272
37.2100,-0.030015,-0.003061
37.2200,-0.015012,-0.001531
37.2300,-0.037148,-0.003788
37.2400,-0.010012,-0.001021
37.2500,-0.007113,-0.000725
37.2600,0.014562,0.001485
37.2700,0.052062,0.005309
37.2800,0.047809,0.004875
37.2900,0.052019,0.005304
37.3000,0.056742,0.005786
37.3100,-0.013262,-0.001352
37.3200,-0.015580,-0.001589
37.3300,0.006812,0.000695
37.3400,0.041101,0.004191
37.3500,0.035718,0.003642
37.3600,-0.051764,-0.005279
37.3700,0.007440,0.000759
37.3800,-0.020746,-0.002115
37.3900,0.009584,0.000977
37.4000,-0.086942,-0.008866
37.4100,-0.121072,-0.012346
37.4200,-0.161127,-0.016430
37.4300,-0.192494,-0.019629
37.4400,-0.132550,-0.013516
37.4500,-0.083249,-0.008489
37.4600,-0.041340,-0.004215
37.4700,-0.047131,-0.004806
37.4800,-0.030935,-0.003154
37.4900,-0.013347,-0.001361
37.5000,-0.026518,-0.002704
37.5100,-0.031750,-0.003238
37.5200,-0.022163,-0.002260
37.5300,-0.051935,-0.005296
37.5400,-0.092762,-0.009459
37.5500,-0.079405,-0.008097
37.5600,-0.058083,-0.005923
37.5700,-0.033136,-0.003379
37.5800,0.007734,0.000789
37.5900,-0.011991,-0.001223
37.6000,0.029922,0.003051
37.6100,-0.023240,-0.002370
37.6200,0.016721,0.001705
37.6300,0.037750,0.003849
37.6400,0.037562,0.003830
37.6500,0.006164,0.000629
37.6600,-0.032887,-0.003354
37.6700,-0.028049,-0.002860
37.6800,-0.035516,-0.003622
37.6900,-0.042557,-0.004340
37.7000,-0.043333,-0.004419
37.7100,-0.048933,-0.004990
37.7200,-0.007896,-0.000805
37.7300,-0.047258,-0.004819
37.7400,-0.117205,-0.011952
37.7500,-0.108189,-0.011032
37.7600,-0.109146,-0.011130
37.7700,-0.134356,-0.013701
37.7800,-0.102136,-0.010415
37.7900,-0.056482,-0.005760
37.8000,-0.025034,-0.002553
37.8100,-0.024929,-0.002542
37.8200,-0.019388,-0.001977
37.8300,-0.037654,-0.003840
37.8400,0.000807,0.000082
37.8500,0.006967,0.000710
37.8600,0.005162,0.000526
37.8700,-0.001185,-0.000121
37.8800,-0.074896,-0.007637
37.8900,-0.103632,-0.010568
37.9000,-0.052248,-0.005328
37.9100,-0.022448,-0.002289
37.9200,0.041062,0.004187
37.9300,0.022088,0.002252
37.9400,-0.009214,-0.000940
37.9500,-0.034711,-0.003540
37.9600,-0.063788,-0.006505
37.9700,-0.101828,-0.010384
37.9800,-0.087538,-0.008926
37.9900,-0.096616,-0.009852
38.0000,-0.051084,-0.005209
38.0100,-0.041820,-0.004264
38.0200,-0.028507,-0.002907
38.0300,-0.035217,-0.003591
38.0400,-0.035581,-0.003628
38.0500,-0.031372,-0.003199
38.0600,-0.031999,-0.003263
38.0700,-0.060887,-0.006209
38.0800,-0.059904,-0.006109
38.0900,-0.074497,-0.007597
38.1000,-0.065189,-0.006647
38.1100,-0.037134,-0.003787
38.1200,-0.000158,-0.000016
38.1300,-0.030445,-0.003105
38.1400,-0.052283,-0.005331
38.1500,-0.022309,-0.002275
38.1600,0.027832,0.002838
38.1700,0.029236,0.002981
38.1800,0.049673,0.005065
38.1900,0.029152,0.002973
38.2000,0.067345,0.006867
38.2100,0.101939,0.010395
38.2200,0.147671,0.015058
38.2300,0.177496,0.018100
38.2400,0.140201,0.014297
38.2500,0.115234,0.011751
38.2600,0.059133,0.006030
38.2700,0.033490,0.003415
38.2800,0.008416,0.000858
38.2900,0.020473,0.002088
38.3000,-0.068415,-0.006976
38.3100,-0.100379,-0.010236
38.3200,-0.092068,-0.009388
38.3300,-0.108976,-0.011112
38.3400,-0.168804,-0.017213
38.3500,-0.131223,-0.013381
38.3600,-0.129875,-0.013244
38.3700,-0.161181,-0.016436
38.3800,-0.148628,-0.015156
38.3900,-0.093029,-0.009486
38.4000,-0.032489,-0.003313
38.4100,-0.010927,-0.001114
38.4200,0.030357,0.003096
38.4300,0.008675,0.000885
38.4400,-0.004227,-0.000431
38.4500,-0.029429,-0.003001
38.4600,0.008281,0.000844
38.4700,-0.024180,-0.002466
38.4800,-0.030895,-0.003150
38.4900,0.011724,0.001196
38.5000,0.047759,0.004870
38.5100,0.082088,0.008371
38.5200,0.097291,0.009921
38.5300,0.120970,0.012336
38.5400,0.096787,0.009870
38.5500,0.106624,0.010873
38.5600,0.139857,0.014261
38.5700,0.188759,0.019248
38.5800,0.215630,0.021988
38.5900,0.215764,0.022002
38.6000,0.201715,0.020569
38.6100,0.168523,0.017185
38.6200,0.132198,0.013480
38.6300,0.076735,0.007825
38.6400,0.060034,0.006122
38.6500,0.078414,0.007996
38.6600,0.079606,0.008118
38.6700,0.074488,0.007596
38.6800,0.084432,0.008610
38.6900,0.069720,0.007109
38.7000,0.067418,0.006875
38.7100,0.026229,0.002675
38.7200,0.031732,0.003236
38.7300,0.070405,0.007179
38.7400,0.038848,0.003961
38.7500,0.022324,0.002276
38.7600,0.059670,0.006085
38.7700,0.073930,0.007539
38.7800,0.064247,0.006551
38.7900,0.074436,0.007590
38.8000,0.087458,0.008918
38.8100,0.082152,0.008377
38.8200,0.027956,0.002851
38.8300,0.044427,0.004530
38.8400,0.043018,0.004387
38.8500,0.011796,0.001203
38.8600,0.018058,0.001841
38.8700,0.055200,0.005629
38.8800,0.039133,0.003990
38.8900,0.025304,0.002580
38.9000,0.034436,0.003512
38.9100,-0.025967,-0.002648
38.9200,-0.051154,-0.005216
38.9300,-0.035921,-0.003663
38.9400,-0.036827,-0.003755
38.9500,-0.031371,-0.003199
38.9600,-0.012530,-0.001278
38.9700,0.018692,0.001906
38.9800,0.034146,0.003482
38.9900,0.018603,0.001897
39.0000,-0.003640,-0.000371
39.0100,0.011729,0.001196
39.0200,0.035781,0.003649
39.0300,0.034803,0.003549
39.0400,0.022753,0.002320
39.0500,-0.011164,-0.001138
39.0600,-0.019443,-0.001983
39.0700,-0.003633,-0.000370
39.0800,0.004735,0.000483
39.0900,-0.018184,-0.001854
39.1000,-0.033338,-0.003400
39.1100,-0.022900,-0.002335
39.1200,-0.058055,-0.005920
39.1300,-0.030659,-0.003126
39.1400,0.019325,0.001971
39.1500,0.055691,0.005679
39.1600,0.069084,0.007045
39.1700,0.117555,0.011987
39.1800,0.086698,0.008841
39.1900,0.093163,0.009500
39.2000,0.115013,0.011728
39.2100,0.094347,0.009621
39.2200,0.008795,0.000897
39.2300,-0.002845,-0.000290
39.2400,-0.021230,-0.002165
39.2500,-0.017224,-0.001756
39.2600,-0.034544,-0.003523
39.2700,-0.019135,-0.001951
39.2800,-0.011754,-0.001199
39.2900,-0.028092,-0.002865
39.3000,-0.044328,-0.004520
39.3100,-0.049736,-0.005072
39.3200,-0.040911,-0.004172
39.3300,-0.079716,-0.008129
39.3400,-0.119485,-0.012184
39.3500,-0.157734,-0.016084
39.3600,-0.168630,-0.017195
39.3700,-0.157171,-0.016027
39.3800,-0.152308,-0.015531
39.3900,-0.160401,-0.016356
39.4000,-0.190263,-0.019401
39.4100,-0.193058,-0.019686
39.4200,-0.205637,-0.020969
39.4300,-0.172658,-0.017606
39.4400,-0.121379,-0.012377
39.4500,-0.135090,-0.013775
39.4600,-0.128333,-0.013086
39.4700,-0.105577,-0.010766
39.4800,-0.117216,-0.011953
39.4900,-0.072769,-0.007420
39.5000,-0.015557,-0.001586
39.5100,0.017827,0.001818
39.5200,0.035594,0.003630
39.5300,0.020188,0.002059
39.5400,0.051858,0.005288
39.5500,0.072791,0.007423
39.5600,0.066982,0.006830
39.5700,0.037242,0.003798
39.5800,0.044226,0.004510
39.5900,0.042781,0.004362
39.6000,0.064677,0.006595
39.6100,0.072481,0.007391
39.6200,0.062568,0.006380
39.6300,0.076047,0.007755
39.6400,0.072323,0.007375
39.6500,0.103586,0.010563
39.6600,0.092449,0.009427
39.6700,0.080134,0.008171
39.6800,0.051458,0.005247
39.6900,0.064662,0.006594
39.7000,0.044165,0.004504
39.7100,0.022640,0.002309
39.7200,0.041986,0.004281
39.7300,0.055220,0.005631
39.7400,0.058842,0.006000
39.7500,0.083636,0.008528
39.7600,0.057057,0.005818
39.7700,0.035895,0.003660
39.7800,0.005092,0.000519
39.7900,-0.049190,-0.005016
39.8000,-0.050728,-0.005173
39.8100,-0.037154,-0.003789
39.8200,-0.049673,-0.005065
39.8300,-0.058808,-0.005997
39.8400,-0.050030,-0.005102
39.8500,-0.048490,-0.004945
39.8600,-0.037511,-0.003825
39.8700,-0.049162,-0.005013
39.8800,-0.061910,-0.006313
39.8900,-0.067447,-0.006878
39.9000,-0.061289,-0.006250
39.9100,-0.059439,-0.006061
39.9200,-0.048463,-0.004942
39.9300,-0.033394,-0.003405
39.9400,-0.024681,-0.002517
39.9500,-0.008641,-0.000881
39.9600,-0.007787,-0.000794
39.9700,-0.039881,-0.004067
39.9800,-0.009197,-0.000938
39.9900,-0.033897,-0.003457
