time_s,accel_corrected_m_s2,vel_m_s,disp_m
0.0000,0.008009,0.000000,0.000000
0.0100,0.007976,0.000080,0.000000
0.0200,0.007930,0.000159,0.000002
0.0300,0.007859,0.000238,0.000004
0.0400,0.007780,0.000317,0.000006
0.0500,0.007679,0.000394,0.000010
0.0600,0.007617,0.000470,0.000014
0.0700,0.007858,0.000548,0.000019
0.0800,0.007739,0.000626,0.000025
0.0900,0.008007,0.000704,0.000032
0.1000,0.007218,0.000781,0.000039
0.1100,0.007020,0.000852,0.000047
0.1200,0.007188,0.000923,0.000056
0.1300,0.006582,0.000992,0.000066
0.1400,0.006289,0.001056,0.000076
0.1500,0.006388,0.001119,0.000087
0.1600,0.006074,0.001182,0.000098
0.1700,0.006845,0.001246,0.000111
0.1800,0.007365,0.001317,0.000123
0.1900,0.007050,0.001389,0.000137
0.2000,0.009018,0.001470,0.000151
0.2100,0.010843,0.001569,0.000166
0.2200,0.009379,0.001670,0.000183
0.2300,0.006514,0.001750,0.000200
0.2400,0.008107,0.001823,0.000218
0.2500,0.005007,0.001888,0.000236
0.2600,0.000085,0.001914,0.000255
0.2700,-0.004471,0.001892,0.000274
0.2800,-0.002925,0.001855,0.000293
0.2900,-0.001215,0.001834,0.000311
0.3000,0.002234,0.001839,0.000330
0.3100,0.004519,0.001873,0.000348
0.3200,0.007566,0.001933,0.000367
0.3300,0.012535,0.002034,0.000387
0.3400,0.014019,0.002167,0.000408
0.3500,0.014310,0.002308,0.000431
0.3600,0.018980,0.002475,0.000455
0.3700,0.017020,0.002655,0.000480
0.3800,0.019570,0.002838,0.000508
0.3900,0.019800,0.003035,0.000537
0.4000,0.023793,0.003253,0.000568
0.4100,0.011655,0.003430,0.000602
0.4200,0.019474,0.003585,0.000637
0.4300,0.028425,0.003825,0.000674
0.4400,0.027478,0.004104,0.000714
0.4500,0.038112,0.004432,0.000756
0.4600,0.041112,0.004829,0.000803
0.4700,0.033534,0.005202,0.000853
0.4800,0.025237,0.005496,0.000906
0.4900,0.029247,0.005768,0.000963
0.5000,0.049804,0.006163,0.001022
0.5100,0.060775,0.006716,0.001087
0.5200,0.041437,0.007227,0.001156
0.5300,0.037045,0.007620,0.001231
0.5400,0.042103,0.008015,0.001309
0.5500,0.036768,0.008410,0.001391
0.5600,0.020117,0.008694,0.001476
0.5700,0.001632,0.008803,0.001564
0.5800,0.012553,0.008874,0.001652
0.5900,-0.004764,0.008913,0.001741
0.6000,-0.002489,0.008877,0.001830
0.6100,-0.002124,0.008853,0.001919
0.6200,0.013665,0.008911,0.002008
0.6300,0.029403,0.009127,0.002098
0.6400,0.020239,0.009375,0.002190
0.6500,0.020741,0.009580,0.002285
0.6600,0.000467,0.009686,0.002381
0.6700,-0.022721,0.009574,0.002478
0.6800,-0.068876,0.009116,0.002571
0.6900,-0.091491,0.008315,0.002658
0.7000,-0.114850,0.007283,0.002736
0.7100,-0.151868,0.005949,0.002802
0.7200,-0.151848,0.004431,0.002854
0.7300,-0.157621,0.002883,0.002891
0.7400,-0.165656,0.001267,0.002912
0.7500,-0.181681,-0.000470,0.002916
0.7600,-0.204074,-0.002398,0.002901
0.7700,-0.209968,-0.004469,0.002867
0.7800,-0.218882,-0.006613,0.002812
0.7900,-0.206746,-0.008741,0.002735
0.8000,-0.146634,-0.010508,0.002639
0.8100,-0.130224,-0.011892,0.002527
0.8200,-0.074230,-0.012915,0.002403
0.8300,-0.065710,-0.013614,0.002270
0.8400,-0.064104,-0.014263,0.002130
0.8500,-0.106636,-0.015117,0.001984
0.8600,-0.136804,-0.016334,0.001826
0.8700,-0.108705,-0.017562,0.001657
0.8800,-0.078736,-0.018499,0.001477
0.8900,-0.087019,-0.019328,0.001287
0.9000,-0.065335,-0.020090,0.001090
0.9100,-0.045051,-0.020641,0.000887
0.9200,0.024568,-0.020744,0.000680
0.9300,0.050394,-0.020369,0.000474
0.9400,0.062906,-0.019803,0.000273
0.9500,0.100275,-0.018987,0.000079
0.9600,0.139486,-0.017788,-0.000104
0.9700,0.065284,-0.016764,-0.000277
0.9800,0.073335,-0.016071,-0.000441
0.9900,0.056414,-0.015422,-0.000599
1.0000,0.106932,-0.014605,-0.000749
1.0100,0.158412,-0.013279,-0.000888
1.0200,0.087289,-0.012050,-0.001015
1.0300,0.137017,-0.010929,-0.001130
1.0400,0.103576,-0.009726,-0.001233
1.0500,0.124601,-0.008585,-0.001325
1.0600,0.180560,-0.007059,-0.001403
1.0700,0.207634,-0.005118,-0.001464
1.0800,0.171255,-0.003224,-0.001506
1.0900,0.124348,-0.001746,-0.001530
1.1000,0.116821,-0.000540,-0.001542
1.1100,0.083908,0.000464,-0.001542
1.1200,0.030333,0.001035,-0.001535
1.1300,-0.038333,0.000995,-0.001525
1.1400,-0.069211,0.000457,-0.001517
1.1500,-0.024117,-0.000009,-0.001515
1.1600,-0.049407,-0.000377,-0.001517
1.1700,0.013282,-0.000557,-0.001522
1.1800,-0.016918,-0.000576,-0.001527
1.1900,-0.025535,-0.000788,-0.001534
1.2000,0.060757,-0.000612,-0.001541
1.2100,0.082886,0.000106,-0.001544
1.2200,0.029553,0.000669,-0.001540
1.2300,-0.131109,0.000161,-0.001536
1.2400,-0.132343,-0.001156,-0.001541
1.2500,-0.055536,-0.002096,-0.001557
1.2600,-0.090082,-0.002824,-0.001582
1.2700,-0.125430,-0.003901,-0.001615
1.2800,-0.069065,-0.004874,-0.001659
1.2900,0.051290,-0.004963,-0.001708
1.3000,0.033896,-0.004537,-0.001756
1.3100,-0.031950,-0.004527,-0.001801
1.3200,0.048061,-0.004447,-0.001846
1.3300,0.001301,-0.004200,-0.001889
1.3400,-0.058791,-0.004487,-0.001933
1.3500,-0.149998,-0.005531,-0.001983
1.3600,-0.057625,-0.006569,-0.002043
1.3700,-0.051235,-0.007114,-0.002112
1.3800,-0.092505,-0.007832,-0.002186
1.3900,-0.024627,-0.008418,-0.002268
1.4000,-0.070511,-0.008894,-0.002354
1.4100,-0.059056,-0.009542,-0.002446
1.4200,-0.020375,-0.009939,-0.002544
1.4300,-0.107473,-0.010578,-0.002646
1.4400,-0.162176,-0.011926,-0.002759
1.4500,-0.099344,-0.013234,-0.002885
1.4600,-0.174510,-0.014603,-0.003024
1.4700,-0.224983,-0.016601,-0.003180
1.4800,-0.359833,-0.019525,-0.003360
1.4900,-0.246115,-0.022554,-0.003571
1.5000,-0.204652,-0.024808,-0.003808
1.5100,-0.316135,-0.027412,-0.004069
1.5200,-0.251609,-0.030251,-0.004357
1.5300,-0.082137,-0.031920,-0.004668
1.5400,-0.071259,-0.032687,-0.004991
1.5500,-0.123199,-0.033659,-0.005323
1.5600,-0.090649,-0.034728,-0.005665
1.5700,-0.036131,-0.035362,-0.006015
1.5800,0.083884,-0.035123,-0.006368
1.5900,0.165137,-0.033878,-0.006713
1.6000,0.130399,-0.032400,-0.007044
1.6100,0.080925,-0.031344,-0.007363
1.6200,-0.072361,-0.031301,-0.007676
1.6300,-0.271545,-0.033020,-0.007997
1.6400,-0.299684,-0.035877,-0.008342
1.6500,-0.371700,-0.039234,-0.008717
1.6600,-0.311814,-0.042651,-0.009127
1.6700,-0.356271,-0.045992,-0.009570
1.6800,-0.332391,-0.049435,-0.010047
1.6900,-0.248177,-0.052338,-0.010556
1.7000,-0.256552,-0.054861,-0.011092
1.7100,-0.069332,-0.056491,-0.011649
1.7200,-0.092934,-0.057302,-0.012218
1.7300,-0.034154,-0.057938,-0.012794
1.7400,-0.064068,-0.058429,-0.013376
1.7500,-0.021480,-0.058856,-0.013962
1.7600,0.100801,-0.058460,-0.014549
1.7700,0.153543,-0.057188,-0.015127
1.7800,0.266478,-0.055088,-0.015688
1.7900,0.450048,-0.051505,-0.016221
1.8000,0.434834,-0.047081,-0.016714
1.8100,0.421721,-0.042798,-0.017164
1.8200,0.562454,-0.037877,-0.017567
1.8300,0.535955,-0.032385,-0.017918
1.8400,0.519610,-0.027107,-0.018216
1.8500,0.494792,-0.022035,-0.018462
1.8600,0.706940,-0.016027,-0.018652
1.8700,0.991066,-0.007537,-0.018770
1.8800,0.879307,0.001815,-0.018798
1.8900,0.788441,0.010154,-0.018739
1.9000,0.882827,0.018510,-0.018595
1.9100,0.702370,0.026436,-0.018370
1.9200,0.664811,0.033272,-0.018072
1.9300,0.579998,0.039496,-0.017708
1.9400,0.549000,0.045141,-0.017285
1.9500,0.323097,0.049502,-0.016812
1.9600,0.293253,0.052583,-0.016301
1.9700,0.272697,0.055413,-0.015761
1.9800,0.251389,0.058034,-0.015194
1.9900,0.299120,0.060786,-0.014600
2.0000,0.138409,0.062974,-0.013981
2.0100,0.023049,0.063781,-0.013347
2.0200,-0.038581,0.063703,-0.012710
2.0300,-0.028673,0.063367,-0.012075
2.0400,0.046770,0.063458,-0.011440
2.0500,0.070756,0.064045,-0.010803
2.0600,0.154828,0.065173,-0.010157
2.0700,0.096451,0.066430,-0.009499
2.0800,0.076402,0.067294,-0.008830
2.0900,0.096216,0.068157,-0.008153
2.1000,0.050048,0.068888,-0.007468
2.1100,0.132637,0.069802,-0.006774
2.1200,0.351057,0.072220,-0.006064
2.1300,0.456112,0.076256,-0.005322
2.1400,0.506802,0.081071,-0.004535
2.1500,0.558224,0.086396,-0.003698
2.1600,0.524254,0.091808,-0.002807
2.1700,0.462646,0.096743,-0.001864
2.1800,0.443871,0.101275,-0.000874
2.1900,0.589709,0.106443,0.000165
2.2000,0.528876,0.112036,0.001257
2.2100,0.481004,0.117085,0.002403
2.2200,0.316886,0.121075,0.003593
2.2300,-0.167667,0.121821,0.004808
2.2400,-0.284166,0.119562,0.006015
2.2500,-0.300608,0.116638,0.007196
2.2600,-0.330936,0.113480,0.008346
2.2700,-0.497686,0.109337,0.009460
2.2800,-0.463492,0.104531,0.010530
2.2900,-0.236838,0.101030,0.011558
2.3000,-0.516778,0.097261,0.012549
2.3100,-0.482596,0.092265,0.013497
2.3200,-0.472028,0.087491,0.014395
2.3300,-0.487640,0.082693,0.015246
2.3400,-0.494565,0.077782,0.016049
2.3500,-0.459351,0.073013,0.016803
2.3600,-0.171799,0.069857,0.017517
2.3700,-0.056420,0.068716,0.018210
2.3800,0.097381,0.068920,0.018898
2.3900,0.355979,0.071187,0.019599
2.4000,0.410973,0.075022,0.020330
2.4100,0.313746,0.078646,0.021098
2.4200,0.087995,0.080654,0.021895
2.4300,0.107718,0.081633,0.022706
2.4400,0.261556,0.083479,0.023532
2.4500,0.274259,0.086158,0.024380
2.4600,0.109195,0.088076,0.025251
2.4700,-0.107562,0.088084,0.026132
2.4800,-0.262701,0.086232,0.027003
2.4900,-0.086783,0.084485,0.027857
2.5000,0.004353,0.084073,0.028700
2.5100,-0.085121,0.083669,0.029538
2.5200,0.100438,0.083746,0.030375
2.5300,0.246995,0.085483,0.031222
2.5400,0.081163,0.087124,0.032085
2.5500,-0.142804,0.086815,0.032954
2.5600,-0.116734,0.085518,0.033816
2.5700,-0.232559,0.083771,0.034662
2.5800,-0.230217,0.081457,0.035489
2.5900,-0.333381,0.078639,0.036289
2.6000,-0.400607,0.074969,0.037057
2.6100,-0.468608,0.070623,0.037785
2.6200,-0.660301,0.064979,0.038463
2.6300,-0.561651,0.058869,0.039082
2.6400,-0.371252,0.054205,0.039648
2.6500,-0.596733,0.049365,0.040166
2.6600,-0.623786,0.043262,0.040629
2.6700,-0.440756,0.037939,0.041035
2.6800,-0.231611,0.034577,0.041397
2.6900,-0.468593,0.031076,0.041725
2.7000,-0.699622,0.025235,0.042007
2.7100,-0.801647,0.017729,0.042222
2.7200,-0.549844,0.010972,0.042365
2.7300,-0.375314,0.006346,0.042452
2.7400,-0.428677,0.002326,0.042495
2.7500,-0.409548,-0.001865,0.042498
2.7600,-0.166307,-0.004745,0.042465
2.7700,-0.383371,-0.007493,0.042403
2.7800,-0.419866,-0.011509,0.042308
2.7900,-0.484040,-0.016029,0.042171
2.8000,-0.344145,-0.020170,0.041990
2.8100,-0.554576,-0.024663,0.041766
2.8200,-0.424291,-0.029558,0.041494
2.8300,-0.145804,-0.032408,0.041185
2.8400,-0.096633,-0.033620,0.040854
2.8500,-0.075244,-0.034480,0.040514
2.8600,0.221784,-0.033747,0.040173
2.8700,0.066348,-0.032306,0.039843
2.8800,0.115391,-0.031398,0.039524
2.8900,0.603939,-0.027801,0.039228
2.9000,0.871259,-0.020425,0.038987
2.9100,0.882720,-0.011655,0.038827
2.9200,0.746869,-0.003507,0.038751
2.9300,0.739705,0.003926,0.038753
2.9400,0.910442,0.012177,0.038833
2.9500,0.882652,0.021142,0.039000
2.9600,0.631469,0.028713,0.039249
2.9700,0.412019,0.033930,0.039562
2.9800,0.387060,0.037925,0.039922
2.9900,0.165529,0.040688,0.040315
3.0000,0.196282,0.042497,0.040731
3.0100,-0.069530,0.043131,0.041159
3.0200,-0.221222,0.041677,0.041583
3.0300,-0.250959,0.039317,0.041988
3.0400,0.134682,0.038735,0.042378
3.0500,0.233872,0.040578,0.042775
3.0600,0.027409,0.041884,0.043187
3.0700,0.401507,0.044029,0.043617
3.0800,0.203781,0.047055,0.044072
3.0900,-0.054882,0.047800,0.044546
3.1000,-0.204574,0.046503,0.045018
3.1100,-0.376621,0.043597,0.045468
3.1200,-0.496130,0.039233,0.045882
3.1300,-0.530421,0.034100,0.046249
3.1400,-0.291899,0.029988,0.046569
3.1500,-0.584997,0.025604,0.046847
3.1600,-0.354811,0.020905,0.047080
3.1700,-0.530972,0.016476,0.047267
3.1800,-0.587718,0.010883,0.047404
3.1900,-0.187600,0.007006,0.047493
3.2000,-0.274791,0.004694,0.047552
3.2100,-0.394329,0.001348,0.047582
3.2200,-0.651138,-0.003879,0.047569
3.2300,-0.959220,-0.011931,0.047490
3.2400,-0.982742,-0.021641,0.047322
3.2500,-0.986657,-0.031488,0.047057
3.2600,-1.069870,-0.041770,0.046690
3.2700,-0.808176,-0.051160,0.046226
3.2800,-0.954793,-0.059975,0.045670
3.2900,-0.716304,-0.068331,0.045028
3.3000,-0.798352,-0.075904,0.044307
3.3100,-0.439795,-0.082095,0.043517
3.3200,0.158440,-0.083501,0.042689
3.3300,0.388956,-0.080765,0.041868
3.3400,0.710012,-0.075270,0.041088
3.3500,0.917834,-0.067130,0.040376
3.3600,0.165085,-0.061716,0.039732
3.3700,0.197928,-0.059901,0.039124
3.3800,0.578463,-0.056019,0.038544
3.3900,0.731105,-0.049471,0.038016
3.4000,0.589761,-0.042867,0.037555
3.4100,0.429962,-0.037768,0.037152
3.4200,-0.178353,-0.036510,0.036780
3.4300,-0.405933,-0.039431,0.036401
3.4400,-0.060788,-0.041765,0.035995
3.4500,0.011589,-0.042011,0.035576
3.4600,-0.406516,-0.043986,0.035146
3.4700,-0.960929,-0.050823,0.034672
3.4800,-0.690884,-0.059082,0.034122
3.4900,-0.621605,-0.065644,0.033498
3.5000,-0.487934,-0.071192,0.032814
3.5100,0.341014,-0.071927,0.032099
3.5200,0.330954,-0.068567,0.031396
3.5300,0.289453,-0.065465,0.030726
3.5400,0.398071,-0.062027,0.030089
3.5500,0.067583,-0.059699,0.029480
3.5600,0.017824,-0.059272,0.028885
3.5700,-0.029725,-0.059331,0.028292
3.5800,0.194863,-0.058506,0.027703
3.5900,-0.226606,-0.058664,0.027117
3.6000,-0.565106,-0.062623,0.026511
3.6100,-0.502876,-0.067963,0.025858
3.6200,-0.588010,-0.073417,0.025151
3.6300,-0.190163,-0.077308,0.024397
3.6400,-0.440916,-0.080464,0.023608
3.6500,-0.891477,-0.087126,0.022770
3.6600,-1.282252,-0.097994,0.021845
3.6700,-1.051087,-0.109661,0.020807
3.6800,-0.984819,-0.119840,0.019659
3.6900,-0.666384,-0.128096,0.018419
3.7000,-0.242853,-0.132643,0.017116
3.7100,-0.426257,-0.135988,0.015772
3.7200,-0.394912,-0.140094,0.014392
3.7300,-0.560394,-0.144871,0.012967
3.7400,-0.503550,-0.150190,0.011492
3.7500,-0.377565,-0.154596,0.009968
3.7600,-0.602982,-0.159499,0.008398
3.7700,-0.568844,-0.165358,0.006773
3.7800,-0.243277,-0.169418,0.005099
3.7900,0.042672,-0.170421,0.003400
3.8000,0.102947,-0.169693,0.001700
3.8100,0.356151,-0.167398,0.000014
3.8200,0.448921,-0.163372,-0.001640
3.8300,-0.036556,-0.161311,-0.003263
3.8400,-0.116261,-0.162075,-0.004880
3.8500,-0.440748,-0.164860,-0.006515
3.8600,-1.112371,-0.172625,-0.008202
3.8700,-0.944909,-0.182912,-0.009980
3.8800,-0.928543,-0.192279,-0.011856
3.8900,-1.051176,-0.202178,-0.013828
3.9000,-0.284186,-0.208854,-0.015883
3.9100,-0.276365,-0.211657,-0.017986
3.9200,-0.282335,-0.214451,-0.020116
3.9300,-0.866721,-0.220196,-0.022290
3.9400,-0.729486,-0.228177,-0.024531
3.9500,-0.328363,-0.233466,-0.026840
3.9600,-0.626553,-0.238241,-0.029198
3.9700,-0.911725,-0.245932,-0.031619
3.9800,-1.160805,-0.256295,-0.034130
3.9900,-1.078982,-0.267494,-0.036749
4.0000,-1.225440,-0.279016,-0.039482
4.0100,-1.404951,-0.292168,-0.042338
4.0200,-1.576596,-0.307076,-0.045334
4.0300,-1.338582,-0.321651,-0.048477
4.0400,-1.216610,-0.334427,-0.051758
4.0500,-0.740385,-0.344212,-0.055151
4.0600,-0.798408,-0.351906,-0.058632
4.0700,-0.389341,-0.357845,-0.062180
4.0800,-0.587476,-0.362729,-0.065783
4.0900,-0.693187,-0.369132,-0.069443
4.1000,-0.509788,-0.375147,-0.073164
4.1100,-0.657531,-0.380984,-0.076945
4.1200,-0.444274,-0.386493,-0.080782
4.1300,-0.714035,-0.392285,-0.084676
4.1400,-0.267431,-0.397192,-0.088623
4.1500,-0.012098,-0.398589,-0.092602
4.1600,-0.518751,-0.401244,-0.096601
4.1700,-0.825573,-0.407965,-0.100647
4.1800,-0.842673,-0.416307,-0.104769
4.1900,-0.204854,-0.421544,-0.108958
4.2000,-0.491073,-0.425024,-0.113191
4.2100,-0.724028,-0.431099,-0.117471
4.2200,-0.442769,-0.436933,-0.121812
4.2300,0.197876,-0.438158,-0.126187
4.2400,0.351638,-0.435410,-0.130555
4.2500,0.383754,-0.431733,-0.134891
4.2600,0.141103,-0.429109,-0.139195
4.2700,0.443449,-0.426186,-0.143471
4.2800,0.015088,-0.423894,-0.147722
4.2900,0.304482,-0.422296,-0.151953
4.3000,0.715150,-0.417198,-0.156150
4.3100,1.049234,-0.408376,-0.160278
4.3200,0.737587,-0.399442,-0.164317
4.3300,0.434230,-0.393582,-0.168282
4.3400,0.393880,-0.389442,-0.172197
4.3500,0.744986,-0.383748,-0.176063
4.3600,0.606435,-0.376990,-0.179867
4.3700,0.390179,-0.372007,-0.183612
4.3800,0.979911,-0.365157,-0.187298
4.3900,0.839639,-0.356059,-0.190904
4.4000,0.819493,-0.347763,-0.194423
4.4100,0.944659,-0.338943,-0.197856
4.4200,1.208058,-0.328179,-0.201192
4.4300,1.671938,-0.313779,-0.204402
4.4400,1.972509,-0.295557,-0.207449
4.4500,1.401316,-0.278688,-0.210320
4.4600,1.533828,-0.264012,-0.213033
4.4700,1.385354,-0.249416,-0.215600
4.4800,0.768759,-0.238646,-0.218041
4.4900,0.855812,-0.230523,-0.220387
4.5000,1.338518,-0.219551,-0.222637
4.5100,1.713495,-0.204291,-0.224756
4.5200,1.729244,-0.187077,-0.226713
4.5300,1.623906,-0.170312,-0.228500
4.5400,1.037540,-0.157004,-0.230137
4.5500,0.983412,-0.146900,-0.231656
4.5600,0.838871,-0.137788,-0.233079
4.5700,0.444804,-0.131370,-0.234425
4.5800,0.429358,-0.126999,-0.235717
4.5900,-0.053843,-0.125121,-0.236978
4.6000,-0.340218,-0.127092,-0.238239
4.6100,-0.400031,-0.130793,-0.239528
4.6200,-0.223187,-0.133909,-0.240852
4.6300,0.150746,-0.134271,-0.242193
4.6400,-0.048986,-0.133762,-0.243533
4.6500,0.033957,-0.133838,-0.244871
4.6600,0.268981,-0.132323,-0.246202
4.6700,0.046848,-0.130744,-0.247517
4.6800,0.733819,-0.126840,-0.248805
4.6900,0.103047,-0.122656,-0.250052
4.7000,0.328678,-0.120498,-0.251268
4.7100,0.416468,-0.116772,-0.252454
4.7200,0.402183,-0.112679,-0.253602
4.7300,0.019670,-0.110569,-0.254718
4.7400,-0.309769,-0.112020,-0.255831
4.7500,-0.293356,-0.115035,-0.256966
4.7600,0.072429,-0.116140,-0.258122
4.7700,0.500383,-0.113276,-0.259269
4.7800,0.738472,-0.107082,-0.260371
4.7900,0.822192,-0.099278,-0.261403
4.8000,0.859853,-0.090868,-0.262353
4.8100,0.823062,-0.082454,-0.263220
4.8200,0.869343,-0.073992,-0.264002
4.8300,1.772498,-0.060782,-0.264676
4.8400,1.123219,-0.046304,-0.265212
4.8500,0.648444,-0.037445,-0.265630
4.8600,0.160796,-0.033399,-0.265985
4.8700,-0.452005,-0.034855,-0.266326
4.8800,-0.846156,-0.041346,-0.266707
4.8900,-1.089273,-0.051023,-0.267169
4.9000,-0.964783,-0.061294,-0.267730
4.9100,-0.479576,-0.068515,-0.268379
4.9200,-0.746956,-0.074648,-0.269095
4.9300,-0.594948,-0.081358,-0.269875
4.9400,-0.311182,-0.085888,-0.270711
4.9500,-0.000479,-0.087446,-0.271578
4.9600,0.587215,-0.084513,-0.272438
4.9700,0.465874,-0.079247,-0.273257
4.9800,-0.192346,-0.077880,-0.274042
4.9900,0.069866,-0.078492,-0.274824
5.0000,0.047781,-0.077904,-0.275606
5.0100,-0.241408,-0.078872,-0.276390
5.0200,0.146062,-0.079349,-0.277181
5.0300,0.577689,-0.075730,-0.277957
5.0400,1.241224,-0.066635,-0.278668
5.0500,1.702240,-0.051918,-0.279261
5.0600,2.020218,-0.033306,-0.279687
5.0700,2.392062,-0.011244,-0.279910
5.0800,2.119081,0.011311,-0.279910
5.0900,2.175694,0.032785,-0.279689
5.1000,2.121131,0.054269,-0.279254
5.1100,1.726145,0.073506,-0.278615
5.1200,2.137148,0.092822,-0.277783
5.1300,2.499150,0.116004,-0.276739
5.1400,2.360429,0.140302,-0.275458
5.1500,1.827820,0.161243,-0.273950
5.1600,1.098026,0.175872,-0.272264
5.1700,1.151095,0.187118,-0.270449
5.1800,1.328290,0.199515,-0.268516
5.1900,0.737995,0.209846,-0.266469
5.2000,0.663691,0.216854,-0.264336
5.2100,0.332909,0.221837,-0.262143
5.2200,0.030955,0.223657,-0.259915
5.2300,-0.004420,0.223789,-0.257678
5.2400,-0.028094,0.223627,-0.255441
5.2500,-0.445466,0.221259,-0.253216
5.2600,0.014738,0.219105,-0.251015
5.2700,0.221053,0.220284,-0.248818
5.2800,0.293409,0.222857,-0.246602
5.2900,0.861935,0.228633,-0.244344
5.3000,0.725207,0.236569,-0.242018
5.3100,0.643785,0.243414,-0.239618
5.3200,0.886660,0.251066,-0.237146
5.3300,1.271681,0.261858,-0.234581
5.3400,1.304205,0.274737,-0.231898
5.3500,0.887349,0.285695,-0.229096
5.3600,0.568981,0.292977,-0.226203
5.3700,0.681101,0.299227,-0.223242
5.3800,0.720400,0.306235,-0.220215
5.3900,1.016765,0.314921,-0.217109
5.4000,0.652040,0.323265,-0.213918
5.4100,-0.382748,0.324611,-0.210679
5.4200,-0.527362,0.320061,-0.207455
5.4300,-0.917349,0.312837,-0.204291
5.4400,-1.355700,0.301472,-0.201219
5.4500,-1.111816,0.289134,-0.198266
5.4600,-0.343890,0.281856,-0.195411
5.4700,-0.431541,0.277978,-0.192612
5.4800,-0.269535,0.274473,-0.189850
5.4900,-0.307570,0.271588,-0.187119
5.5000,-0.299947,0.268550,-0.184419
5.5100,0.195091,0.268026,-0.181736
5.5200,-0.193537,0.268033,-0.179056
5.5300,-0.375029,0.265191,-0.176389
5.5400,-0.792961,0.259351,-0.173767
5.5500,0.067713,0.255724,-0.171191
5.5600,0.453976,0.258333,-0.168621
5.5700,0.584299,0.263524,-0.166012
5.5800,1.144421,0.272168,-0.163333
5.5900,0.741595,0.281598,-0.160565
5.6000,1.075163,0.290682,-0.157703
5.6100,0.654548,0.299330,-0.154753
5.6200,0.334778,0.304277,-0.151735
5.6300,0.396857,0.307935,-0.148674
5.6400,0.350720,0.311673,-0.145576
5.6500,0.544852,0.316151,-0.142437
5.6600,0.164970,0.319700,-0.139258
5.6700,-0.247037,0.319290,-0.136063
5.6800,-0.246968,0.316820,-0.132882
5.6900,-0.664613,0.312262,-0.129737
5.7000,-0.855563,0.304661,-0.126652
5.7100,-0.707060,0.296848,-0.123644
5.7200,0.254859,0.294587,-0.120687
5.7300,0.025569,0.295989,-0.117734
5.7400,0.373563,0.297984,-0.114765
5.7500,0.469980,0.302202,-0.111764
5.7600,0.129081,0.305197,-0.108727
5.7700,0.010381,0.305895,-0.105671
5.7800,0.230341,0.307098,-0.102606
5.7900,0.927223,0.312886,-0.099506
5.8000,1.301457,0.324030,-0.096322
5.8100,0.858583,0.334830,-0.093027
5.8200,0.598783,0.342117,-0.089643
5.8300,0.078258,0.345502,-0.086205
5.8400,-0.576253,0.343012,-0.082762
5.8500,-1.225112,0.334005,-0.079377
5.8600,-1.321943,0.321270,-0.076101
5.8700,-0.740681,0.310957,-0.072939
5.8800,-0.742790,0.303539,-0.069867
5.8900,-0.363782,0.298006,-0.066859
5.9000,-0.551995,0.293428,-0.063902
5.9100,-0.952759,0.285904,-0.061005
5.9200,-0.798165,0.277149,-0.058190
5.9300,-0.420659,0.271055,-0.055449
5.9400,-0.200262,0.267950,-0.052754
5.9500,-0.580819,0.264045,-0.050094
5.9600,-0.684346,0.257719,-0.047485
5.9700,-1.061988,0.248988,-0.044952
5.9800,-1.504902,0.236153,-0.042526
5.9900,-1.321217,0.222022,-0.040235
6.0000,-0.856100,0.211136,-0.038069
6.0100,-1.484266,0.199434,-0.036017
6.0200,-1.017386,0.186926,-0.034085
6.0300,-0.340089,0.180138,-0.032249
6.0400,-0.225135,0.177312,-0.030462
6.0500,0.640171,0.179388,-0.028679
6.0600,1.491120,0.190044,-0.026832
6.0700,1.971769,0.207358,-0.024844
6.0800,2.292179,0.228678,-0.022664
6.0900,2.017275,0.250225,-0.020270
6.1000,1.558260,0.268103,-0.017678
6.1100,1.472696,0.283258,-0.014921
6.1200,1.573461,0.298489,-0.012013
6.1300,1.449558,0.313604,-0.008952
6.1400,1.219118,0.326947,-0.005749
6.1500,1.548014,0.340783,-0.002411
6.1600,1.257193,0.354809,0.001067
6.1700,0.195825,0.362074,0.004652
6.1800,-0.588518,0.360110,0.008263
6.1900,-0.800553,0.353165,0.011829
6.2000,-0.833549,0.344995,0.015320
6.2100,-1.511977,0.333267,0.018711
6.2200,-2.408746,0.313663,0.021946
6.2300,-2.477223,0.289233,0.024960
6.2400,-2.051967,0.266588,0.027739
6.2500,-1.676991,0.247943,0.030312
6.2600,-1.108756,0.234014,0.032722
6.2700,-0.452764,0.226206,0.035023
6.2800,-0.253923,0.222673,0.037267
6.2900,-0.887255,0.216967,0.039465
6.3000,-0.893482,0.208063,0.041591
6.3100,-0.417621,0.201508,0.043638
6.3200,0.225235,0.200546,0.045649
6.3300,0.362370,0.203484,0.047669
6.3400,-0.089876,0.204846,0.049710
6.3500,-0.270053,0.203047,0.051750
6.3600,-0.163175,0.200881,0.053770
6.3700,0.356009,0.201845,0.055783
6.3800,0.979367,0.208522,0.057835
6.3900,1.340045,0.220119,0.059978
6.4000,1.060028,0.232119,0.062239
6.4100,0.293692,0.238888,0.064594
6.4200,0.481010,0.242761,0.067003
6.4300,0.248636,0.246409,0.069449
6.4400,0.261551,0.248960,0.071925
6.4500,0.487033,0.252703,0.074434
6.4600,1.848333,0.264380,0.077019
6.4700,3.368263,0.290463,0.079793
6.4800,3.028638,0.322448,0.082858
6.4900,2.952242,0.352352,0.086232
6.5000,2.130935,0.377768,0.089883
6.5100,2.071805,0.398782,0.093765
6.5200,1.944809,0.418865,0.097854
6.5300,1.352649,0.435352,0.102125
6.5400,0.952403,0.446877,0.106536
6.5500,0.337295,0.453326,0.111037
6.5600,-0.269961,0.453662,0.115572
6.5700,-0.495992,0.449833,0.120089
6.5800,-0.964814,0.442529,0.124551
6.5900,-0.882085,0.433294,0.128930
6.6000,-0.777154,0.424998,0.133222
6.6100,-0.495535,0.418635,0.137440
6.6200,-0.018710,0.416063,0.141613
6.6300,0.018110,0.416060,0.145774
6.6400,-0.692122,0.412690,0.149918
6.6500,-0.182917,0.408315,0.154023
6.6600,0.116731,0.407984,0.158104
6.6700,-0.713194,0.405002,0.162169
6.6800,-0.864550,0.397113,0.166180
6.6900,-0.356185,0.391009,0.170120
6.7000,-0.204503,0.388206,0.174016
6.7100,-0.445915,0.384954,0.177882
6.7200,-1.690697,0.374271,0.181678
6.7300,-1.625356,0.357691,0.185338
6.7400,-1.929154,0.339918,0.188826
6.7500,-0.889019,0.325827,0.192155
6.7600,-0.127014,0.320747,0.195388
6.7700,0.649788,0.323361,0.198608
6.7800,0.198086,0.327600,0.201863
6.7900,-0.883319,0.324174,0.205122
6.8000,-1.589325,0.311811,0.208302
6.8100,-1.788329,0.294923,0.211335
6.8200,-1.151152,0.280225,0.214211
6.8300,-1.623073,0.266354,0.216944
6.8400,-1.340869,0.251534,0.219534
6.8500,-0.418801,0.242736,0.222005
6.8600,-0.342628,0.238929,0.224413
6.8700,-0.032342,0.237054,0.226793
6.8800,0.703216,0.240408,0.229180
6.8900,0.394104,0.245895,0.231612
6.9000,-0.451616,0.245607,0.234069
6.9100,-0.715372,0.239772,0.236496
6.9200,-1.756309,0.227414,0.238832
6.9300,-1.527057,0.210997,0.241024
6.9400,-1.991395,0.193405,0.243046
6.9500,-1.810546,0.174395,0.244885
6.9600,-2.322053,0.153732,0.246526
6.9700,-2.548693,0.129378,0.247942
6.9800,-2.204375,0.105613,0.249117
6.9900,-2.617742,0.081503,0.250052
7.0000,-2.060016,0.058114,0.250750
7.0100,-1.425984,0.040684,0.251244
7.0200,-1.304874,0.027029,0.251583
7.0300,-1.475370,0.013128,0.251784
7.0400,-0.704036,0.002231,0.251860
7.0500,-0.386909,-0.003223,0.251855
7.0600,-0.716838,-0.008742,0.251796
7.0700,-1.442533,-0.019539,0.251654
7.0800,-1.383231,-0.033668,0.251388
7.0900,-0.784436,-0.044506,0.250997
7.1000,-0.660106,-0.051729,0.250516
7.1100,-1.733367,-0.063696,0.249939
7.1200,-2.298987,-0.083858,0.249201
7.1300,-2.031763,-0.105512,0.248254
7.1400,-1.899498,-0.125168,0.247101
7.1500,-1.875192,-0.144042,0.245755
7.1600,-2.274899,-0.164792,0.244211
7.1700,-1.704635,-0.184690,0.242463
7.1800,-1.719601,-0.201811,0.240531
7.1900,-1.378578,-0.217302,0.238435
7.2000,-0.698327,-0.227686,0.236210
7.2100,-1.563297,-0.238994,0.233877
7.2200,-1.464673,-0.254134,0.231411
7.2300,-2.685018,-0.274883,0.228766
7.2400,-2.754709,-0.302081,0.225881
7.2500,-2.474704,-0.328228,0.222730
7.2600,-2.503268,-0.353118,0.219323
7.2700,-3.099336,-0.381131,0.215652
7.2800,-3.803570,-0.415646,0.211668
7.2900,-3.634719,-0.452837,0.207325
7.3000,-2.992601,-0.485974,0.202631
7.3100,-3.120427,-0.516539,0.197619
7.3200,-2.497594,-0.544629,0.192313
7.3300,-2.592653,-0.570080,0.186739
7.3400,-2.104396,-0.593566,0.180921
7.3500,-0.527303,-0.606724,0.174920
7.3600,0.282203,-0.607950,0.168846
7.3700,0.217354,-0.605452,0.162779
7.3800,0.770864,-0.600511,0.156750
7.3900,-0.035158,-0.596832,0.150763
7.4000,0.357312,-0.595221,0.144803
7.4100,0.017546,-0.593347,0.138860
7.4200,-0.507826,-0.595799,0.132914
7.4300,-0.928944,-0.602982,0.126920
7.4400,-1.166696,-0.613461,0.120838
7.4500,-0.970007,-0.624144,0.114650
7.4600,-1.056999,-0.634279,0.108358
7.4700,-1.068273,-0.644905,0.101962
7.4800,-0.938152,-0.654938,0.095463
7.4900,-0.710570,-0.663181,0.088872
7.5000,-0.154089,-0.667505,0.082219
7.5100,-0.071907,-0.668634,0.075538
7.5200,-0.025158,-0.669120,0.068849
7.5300,0.343222,-0.667529,0.062166
7.5400,-0.382605,-0.667726,0.055490
7.5500,0.265695,-0.668311,0.048809
7.5600,0.975128,-0.662107,0.042157
7.5700,1.913467,-0.647664,0.035609
7.5800,1.976814,-0.628212,0.029229
7.5900,2.288728,-0.606885,0.023054
7.6000,1.559919,-0.587642,0.017081
7.6100,1.760003,-0.571042,0.011288
7.6200,0.315603,-0.560664,0.005629
7.6300,0.927659,-0.554448,0.000054
7.6400,1.727621,-0.541171,-0.005425
7.6500,2.220994,-0.521428,-0.010738
7.6600,2.264475,-0.499001,-0.015840
7.6700,2.105984,-0.477148,-0.020720
7.6800,2.039160,-0.456423,-0.025388
7.6900,1.530836,-0.438573,-0.029863
7.7000,1.986314,-0.420987,-0.034161
7.7100,1.853893,-0.401786,-0.038275
7.7200,1.372475,-0.385654,-0.042212
7.7300,2.051695,-0.368533,-0.045983
7.7400,2.250536,-0.347022,-0.049561
7.7500,2.738093,-0.322079,-0.052906
7.7600,1.457577,-0.301101,-0.056022
7.7700,1.615127,-0.285737,-0.058956
7.7800,2.215750,-0.266583,-0.061718
7.7900,1.768882,-0.246660,-0.064284
7.8000,1.430578,-0.230662,-0.066671
7.8100,1.538894,-0.215815,-0.068903
7.8200,1.501159,-0.200615,-0.070985
7.8300,1.120931,-0.187504,-0.072926
7.8400,1.582769,-0.173986,-0.074733
7.8500,1.338068,-0.159381,-0.076400
7.8600,1.334103,-0.146021,-0.077927
7.8700,1.540579,-0.131647,-0.079316
7.8800,1.462023,-0.116634,-0.080557
7.8900,1.648116,-0.101083,-0.081646
7.9000,1.338184,-0.086152,-0.082582
7.9100,0.766885,-0.075627,-0.083391
7.9200,-0.171609,-0.072650,-0.084132
7.9300,-0.412624,-0.075571,-0.084873
7.9400,0.152180,-0.076874,-0.085635
7.9500,0.493947,-0.073643,-0.086388
7.9600,-0.449144,-0.073419,-0.087123
7.9700,-0.830240,-0.079816,-0.087890
7.9800,-1.141619,-0.089675,-0.088737
7.9900,-0.862604,-0.099696,-0.089684
8.0000,-1.295749,-0.110488,-0.090735
8.0100,-1.506286,-0.124498,-0.091910
8.0200,-1.205318,-0.138056,-0.093222
8.0300,-1.773463,-0.152950,-0.094677
8.0400,-2.059365,-0.172114,-0.096303
8.0500,-1.641026,-0.190616,-0.098116
8.0600,-2.049911,-0.209071,-0.100115
8.0700,-2.099188,-0.229816,-0.102309
8.0800,-1.857736,-0.249601,-0.104706
8.0900,-1.763438,-0.267707,-0.107293
8.1000,-1.083541,-0.281942,-0.110041
8.1100,-1.675968,-0.295739,-0.112930
8.1200,-1.356853,-0.310904,-0.115963
8.1300,-2.055250,-0.327964,-0.119157
8.1400,-2.065055,-0.348566,-0.122540
8.1500,-1.050675,-0.364144,-0.126103
8.1600,-0.728056,-0.373038,-0.129789
8.1700,-1.265563,-0.383006,-0.133569
8.1800,-0.845596,-0.393562,-0.137452
8.1900,0.148714,-0.397046,-0.141405
8.2000,0.977235,-0.391416,-0.145348
8.2100,1.788482,-0.377588,-0.149193
8.2200,2.516666,-0.356062,-0.152861
8.2300,2.572492,-0.330616,-0.156294
8.2400,1.683133,-0.309338,-0.159494
8.2500,0.968006,-0.296082,-0.162521
8.2600,1.783951,-0.282323,-0.165413
8.2700,2.167788,-0.262564,-0.168138
8.2800,1.691945,-0.243265,-0.170667
8.2900,3.309752,-0.218257,-0.172974
8.3000,2.886506,-0.187276,-0.175002
8.3100,2.711601,-0.159285,-0.176735
8.3200,2.588436,-0.132785,-0.178195
8.3300,2.488117,-0.107402,-0.179396
8.3400,1.993330,-0.084995,-0.180358
8.3500,1.872767,-0.065664,-0.181111
8.3600,1.832504,-0.047138,-0.181675
8.3700,2.188366,-0.027034,-0.182046
8.3800,2.717377,-0.002505,-0.182194
8.3900,2.597280,0.024068,-0.182086
8.4000,3.177377,0.052942,-0.181701
8.4100,3.643992,0.087048,-0.181001
8.4200,3.938570,0.124961,-0.179941
8.4300,3.798291,0.163646,-0.178498
8.4400,3.461256,0.199943,-0.176680
8.4500,3.144566,0.232972,-0.174516
8.4600,3.656936,0.266980,-0.172016
8.4700,3.684700,0.303688,-0.169162
8.4800,5.021005,0.347217,-0.165908
8.4900,4.123510,0.392939,-0.162207
8.5000,3.545447,0.431284,-0.158086
8.5100,2.617037,0.462096,-0.153619
8.5200,2.025144,0.485307,-0.148882
8.5300,1.757119,0.504219,-0.143935
8.5400,2.115993,0.523584,-0.138796
8.5500,2.011285,0.544221,-0.133456
8.5600,2.166939,0.565112,-0.127910
8.5700,2.126812,0.586580,-0.122151
8.5800,1.966395,0.607047,-0.116183
8.5900,2.555100,0.629654,-0.110000
8.6000,2.084966,0.652854,-0.103587
8.6100,1.554996,0.671054,-0.096968
8.6200,0.896903,0.683314,-0.090196
8.6300,0.632887,0.690963,-0.083324
8.6400,0.476536,0.696510,-0.076387
8.6500,0.122327,0.699504,-0.069407
8.6600,-0.339713,0.698417,-0.062417
8.6700,0.404300,0.698740,-0.055432
8.6800,-0.507219,0.698225,-0.048447
8.6900,-0.618872,0.692595,-0.041493
8.7000,-1.406375,0.682469,-0.034617
8.7100,-1.327217,0.668801,-0.027861
8.7200,-0.921076,0.657559,-0.021229
8.7300,-0.384463,0.651032,-0.014686
8.7400,-0.458241,0.646818,-0.008197
8.7500,-1.226934,0.638392,-0.001771
8.7600,-1.848807,0.623014,0.004536
8.7700,-2.103905,0.603250,0.010667
8.7800,-1.318586,0.586137,0.016614
8.7900,-0.752065,0.575784,0.022424
8.8000,-1.940077,0.562324,0.028114
8.8100,-2.184451,0.541701,0.033635
8.8200,-1.755199,0.522003,0.038953
8.8300,-0.512839,0.510662,0.044116
8.8400,-0.236009,0.506918,0.049204
8.8500,-0.160312,0.504937,0.054264
8.8600,-0.083408,0.503718,0.059307
8.8700,-0.903958,0.498781,0.064319
8.8800,-1.594151,0.486291,0.069245
8.8900,-2.626994,0.465185,0.074002
8.9000,-2.423208,0.439934,0.078528
8.9100,-2.600573,0.414815,0.082801
8.9200,-2.822511,0.387700,0.086814
8.9300,-2.829816,0.359438,0.090550
8.9400,-1.367299,0.338452,0.094039
8.9500,-0.173730,0.330747,0.097385
8.9600,-0.723762,0.326260,0.100670
8.9700,-0.199003,0.321646,0.103910
8.9800,0.058616,0.320944,0.107123
8.9900,1.070920,0.326592,0.110360
9.0000,0.269120,0.333292,0.113660
9.0100,0.017510,0.334725,0.117000
9.0200,-1.435654,0.327634,0.120312
9.0300,-2.874134,0.306085,0.123480
9.0400,-2.386646,0.279781,0.126410
9.0500,-1.403423,0.260831,0.129113
9.0600,-0.076594,0.253431,0.131684
9.0700,0.466613,0.255381,0.134228
9.0800,1.440114,0.264915,0.136830
9.0900,0.983764,0.277034,0.139539
9.1000,1.677721,0.290342,0.142376
9.1100,1.285185,0.305156,0.145354
9.1200,1.337476,0.318269,0.148471
9.1300,1.086888,0.330391,0.151714
9.1400,-0.039856,0.335626,0.155044
9.1500,-0.199944,0.334427,0.158394
9.1600,0.206900,0.334462,0.161739
9.1700,0.909655,0.340045,0.165111
9.1800,1.914619,0.354166,0.168582
9.1900,1.122596,0.369352,0.172200
9.2000,0.098598,0.375458,0.175924
9.2100,-0.244504,0.374729,0.179675
9.2200,-1.335429,0.366829,0.183383
9.2300,-1.311365,0.353595,0.186985
9.2400,-1.387839,0.340099,0.190453
9.2500,-1.003841,0.328141,0.193795
9.2600,-1.809949,0.314072,0.197006
9.2700,-3.313900,0.288453,0.200018
9.2800,-3.969003,0.252038,0.202721
9.2900,-4.321880,0.210584,0.205034
9.3000,-4.417374,0.166887,0.206921
9.3100,-4.082949,0.124386,0.208378
9.3200,-3.870323,0.084619,0.209423
9.3300,-3.098887,0.049773,0.210095
9.3400,-2.589318,0.021332,0.210450
9.3500,-3.480731,-0.009018,0.210512
9.3600,-2.935527,-0.041099,0.210261
9.3700,-2.492656,-0.068240,0.209714
9.3800,-1.390630,-0.087657,0.208935
9.3900,-0.203230,-0.095626,0.208018
9.4000,-0.573759,-0.099511,0.207043
9.4100,-0.185075,-0.103305,0.206029
9.4200,0.276150,-0.102850,0.204998
9.4300,0.554049,-0.098699,0.203990
9.4400,1.506312,-0.088397,0.203055
9.4500,1.687625,-0.072427,0.202251
9.4600,2.929037,-0.049344,0.201642
9.4700,3.131967,-0.019039,0.201300
9.4800,2.900633,0.011124,0.201260
9.4900,2.352851,0.037392,0.201503
9.5000,2.019035,0.059251,0.201986
9.5100,2.877195,0.083732,0.202701
9.5200,1.995622,0.108096,0.203660
9.5300,1.890564,0.127527,0.204838
9.5400,1.109477,0.142527,0.206189
9.5500,0.750409,0.151827,0.207660
9.5600,0.410891,0.157633,0.209208
9.5700,-1.019942,0.154588,0.210769
9.5800,-1.989412,0.139541,0.212239
9.5900,-2.399604,0.117596,0.213525
9.6000,-1.434525,0.098426,0.214605
9.6100,-1.664654,0.082930,0.215512
9.6200,-1.698497,0.066114,0.216257
9.6300,-1.038248,0.052430,0.216850
9.6400,-1.318296,0.040648,0.217315
9.6500,-2.000582,0.024053,0.217639
9.6600,-1.807087,0.005015,0.217784
9.6700,-2.363107,-0.015836,0.217730
9.6800,-2.925564,-0.042280,0.217439
9.6900,-3.977401,-0.076794,0.216844
9.7000,-3.808891,-0.115726,0.215881
9.7100,-2.805420,-0.148797,0.214559
9.7200,-2.058741,-0.173118,0.212949
9.7300,-2.084428,-0.193834,0.211114
9.7400,-2.088816,-0.214700,0.209072
9.7500,-1.930598,-0.234797,0.206824
9.7600,-1.845536,-0.253678,0.204382
9.7700,-2.271749,-0.274264,0.201742
9.7800,-2.035313,-0.295800,0.198892
9.7900,-1.161701,-0.311785,0.195854
9.8000,-0.102468,-0.318106,0.192705
9.8100,-0.292256,-0.320079,0.189514
9.8200,0.588421,-0.318598,0.186320
9.8300,0.624570,-0.312533,0.183165
9.8400,0.415758,-0.307332,0.180065
9.8500,0.713605,-0.301685,0.177020
9.8600,0.366916,-0.296282,0.174030
9.8700,0.028516,-0.294305,0.171077
9.8800,-0.116933,-0.294747,0.168132
9.8900,-1.254014,-0.301602,0.165150
9.9000,-1.093848,-0.313341,0.162076
9.9100,-1.250948,-0.325065,0.158884
9.9200,-1.629582,-0.339468,0.155561
9.9300,-1.607407,-0.355653,0.152085
9.9400,-1.505463,-0.371217,0.148451
9.9500,-1.430800,-0.385899,0.144665
9.9600,-1.930324,-0.402704,0.140722
9.9700,-1.972585,-0.422219,0.136598
9.9800,-1.699331,-0.440578,0.132284
9.9900,-1.742373,-0.457787,0.127792
10.0000,-2.336890,-0.478183,0.123112
10.0100,-1.471143,-0.497223,0.118235
10.0200,-0.410664,-0.506632,0.113216
10.0300,-0.328427,-0.510328,0.108131
10.0400,-0.052764,-0.512234,0.103018
10.0500,0.738137,-0.508807,0.097913
10.0600,1.051083,-0.499861,0.092870
10.0700,0.977306,-0.489719,0.087922
10.0800,1.163366,-0.479016,0.083078
10.0900,0.839005,-0.469004,0.078338
10.1000,2.275183,-0.453433,0.073726
10.1100,2.619407,-0.428960,0.069314
10.1200,2.313369,-0.404296,0.065148
10.1300,1.505000,-0.385204,0.061200
10.1400,1.256058,-0.371399,0.057417
10.1500,1.730891,-0.356464,0.053778
10.1600,2.126103,-0.337179,0.050310
10.1700,3.022943,-0.311434,0.047066
10.1800,4.606867,-0.273285,0.044143
10.1900,3.422387,-0.233139,0.041611
10.2000,3.944626,-0.196303,0.039464
10.2100,4.265720,-0.155252,0.037706
10.2200,4.115922,-0.113344,0.036363
10.2300,3.818496,-0.073671,0.035428
10.2400,3.561464,-0.036772,0.034876
10.2500,2.720123,-0.005364,0.034665
10.2600,2.585463,0.021164,0.034744
10.2700,2.474810,0.046466,0.035082
10.2800,1.848803,0.068084,0.035655
10.2900,1.287262,0.083764,0.036414
10.3000,0.587881,0.093140,0.037298
10.3100,0.018433,0.096171,0.038245
10.3200,-0.259132,0.094968,0.039201
10.3300,-0.920390,0.089070,0.040121
10.3400,-0.886540,0.080036,0.040966
10.3500,-1.074275,0.070231,0.041718
10.3600,-1.003453,0.059843,0.042368
10.3700,-1.138229,0.049134,0.042913
10.3800,-0.472280,0.041082,0.043364
10.3900,-0.313450,0.037153,0.043755
10.4000,0.567875,0.038425,0.044133
10.4100,1.005677,0.046293,0.044557
10.4200,1.410946,0.058376,0.045080
10.4300,1.614390,0.073503,0.045740
10.4400,1.564229,0.089396,0.046554
10.4500,1.333516,0.103885,0.047520
10.4600,1.168909,0.116397,0.048622
10.4700,2.300977,0.133746,0.049873
10.4800,3.500908,0.162756,0.051355
10.4900,3.498714,0.197754,0.053158
10.5000,3.177441,0.231135,0.055302
10.5100,1.893587,0.256490,0.057740
10.5200,1.793077,0.274923,0.060397
10.5300,2.237311,0.295075,0.063247
10.5400,2.540174,0.318962,0.066317
10.5500,2.572196,0.344524,0.069635
10.5600,2.254427,0.368657,0.073201
10.5700,1.772047,0.388790,0.076988
10.5800,1.445532,0.404878,0.080956
10.5900,2.165303,0.422932,0.085095
10.6000,2.370492,0.445611,0.089438
10.6100,1.804133,0.466484,0.093999
10.6200,1.458642,0.482798,0.098745
10.6300,1.112497,0.495653,0.103637
10.6400,-0.214391,0.500144,0.108616
10.6500,-0.566149,0.496241,0.113598
10.6600,-0.845521,0.489183,0.118525
10.6700,-1.821157,0.475850,0.123350
10.6800,-2.126315,0.456112,0.128010
10.6900,-2.132320,0.434819,0.132465
10.7000,-2.398655,0.412164,0.136700
10.7100,-2.194640,0.389198,0.140707
10.7200,-2.616662,0.365141,0.144478
10.7300,-3.057945,0.336768,0.147988
10.7400,-2.572602,0.308615,0.151215
10.7500,-3.010369,0.280701,0.154161
10.7600,-3.173854,0.249779,0.156814
10.7700,-2.716535,0.220327,0.159164
10.7800,-1.819907,0.197645,0.161254
10.7900,-1.215959,0.182466,0.163155
10.8000,-1.691214,0.167930,0.164907
10.8100,-2.008817,0.149430,0.166494
10.8200,-2.612397,0.126324,0.167872
10.8300,-2.820518,0.099159,0.169000
10.8400,-2.777171,0.071171,0.169851
10.8500,-2.461145,0.044979,0.170432
10.8600,-2.400201,0.020673,0.170760
10.8700,-1.589992,0.000722,0.170867
10.8800,-1.553275,-0.014995,0.170796
10.8900,-1.608737,-0.030805,0.170567
10.9000,-1.073385,-0.044215,0.170192
10.9100,0.497797,-0.047093,0.169735
10.9200,0.599192,-0.041608,0.169292
10.9300,0.341127,-0.036907,0.168899
10.9400,0.187705,-0.034263,0.168543
10.9500,0.302205,-0.031813,0.168213
10.9600,0.958569,-0.025509,0.167926
10.9700,0.684332,-0.017295,0.167712
10.9800,1.279086,-0.007478,0.167589
10.9900,1.659760,0.007217,0.167587
11.0000,1.619368,0.023612,0.167741
11.0100,2.019553,0.041807,0.168068
11.0200,1.403502,0.058922,0.168572
11.0300,0.794241,0.069911,0.169216
11.0400,1.680353,0.082284,0.169977
11.0500,1.606035,0.098716,0.170882
11.0600,1.169306,0.112592,0.171939
11.0700,1.083972,0.123859,0.173121
11.0800,0.888705,0.133722,0.174409
11.0900,0.797497,0.142153,0.175788
11.1000,-0.016148,0.146060,0.177229
11.1100,-0.309943,0.144430,0.178682
11.1200,-0.592051,0.139920,0.180104
11.1300,-1.162161,0.131148,0.181459
11.1400,-0.804221,0.121317,0.182721
11.1500,0.396454,0.119278,0.183924
11.1600,0.494934,0.123735,0.185139
11.1700,-0.978303,0.121318,0.186365
11.1800,-1.584115,0.108506,0.187514
11.1900,-2.202124,0.089575,0.188504
11.2000,-2.581141,0.065658,0.189280
11.2100,-3.267493,0.036415,0.189791
11.2200,-3.718576,0.001485,0.189980
11.2300,-3.864122,-0.036429,0.189805
11.2400,-2.948461,-0.070492,0.189271
11.2500,-1.794274,-0.094205,0.188447
11.2600,-1.044554,-0.108400,0.187434
11.2700,-0.120075,-0.114223,0.186321
11.2800,1.155415,-0.109046,0.185205
11.2900,2.067166,-0.092933,0.184195
11.3000,2.194612,-0.071624,0.183372
11.3100,2.932080,-0.045991,0.182784
11.3200,2.684580,-0.017907,0.182465
11.3300,3.186566,0.011448,0.182432
11.3400,3.243856,0.043600,0.182707
11.3500,2.228694,0.070963,0.183280
11.3600,1.980067,0.092007,0.184095
11.3700,1.380683,0.108811,0.185099
11.3800,1.229525,0.121862,0.186253
11.3900,0.508707,0.130553,0.187515
11.4000,0.376979,0.134981,0.188842
11.4100,0.437553,0.139054,0.190213
11.4200,0.081526,0.141649,0.191616
11.4300,-0.077064,0.141672,0.193033
11.4400,-0.699843,0.137787,0.194430
11.4500,-0.260363,0.132986,0.195784
11.4600,0.700928,0.135189,0.197125
11.4700,0.673255,0.142060,0.198511
11.4800,0.607861,0.148465,0.199964
11.4900,0.406050,0.153535,0.201474
11.5000,-0.436708,0.153382,0.203008
11.5100,-0.944442,0.146476,0.204507
11.5200,-0.692791,0.138290,0.205931
11.5300,-1.890474,0.125374,0.207250
11.5400,-1.787192,0.106985,0.208411
11.5500,-2.038464,0.087857,0.209386
11.5600,-2.362003,0.065855,0.210154
11.5700,-2.175828,0.043165,0.210699
11.5800,-1.757790,0.023497,0.211033
11.5900,-1.446476,0.007476,0.211187
11.6000,-1.451152,-0.007012,0.211190
11.6100,-1.167143,-0.020104,0.211054
11.6200,-0.001844,-0.025949,0.210824
11.6300,0.708488,-0.022415,0.210582
11.6400,1.235072,-0.012698,0.210407
11.6500,1.746670,0.002211,0.210354
11.6600,1.737430,0.019632,0.210463
11.6700,0.053037,0.028584,0.210704
11.6800,-0.087140,0.028414,0.210989
11.6900,-0.307472,0.026440,0.211264
11.7000,-0.730646,0.021250,0.211502
11.7100,-0.642810,0.014383,0.211680
11.7200,-0.615872,0.008089,0.211793
11.7300,-0.740870,0.001305,0.211840
11.7400,-0.149616,-0.003147,0.211830
11.7500,-0.865019,-0.008220,0.211774
11.7600,-1.546752,-0.020279,0.211631
11.7700,-1.330691,-0.034666,0.211356
11.7800,-1.444786,-0.048544,0.210940
11.7900,-1.880867,-0.065172,0.210372
11.8000,-2.119272,-0.085173,0.209620
11.8100,-1.586501,-0.103701,0.208676
11.8200,-1.112114,-0.117194,0.207571
11.8300,-2.003125,-0.132771,0.206321
11.8400,-1.356137,-0.149567,0.204910
11.8500,-0.240759,-0.157551,0.203374
11.8600,0.421347,-0.156649,0.201803
11.8700,0.174874,-0.153667,0.200251
11.8800,0.166927,-0.151958,0.198723
11.8900,-0.067791,-0.151463,0.197206
11.9000,-0.015776,-0.151881,0.195689
11.9100,1.204398,-0.145937,0.194200
11.9200,1.531071,-0.132260,0.192809
11.9300,1.787128,-0.115669,0.191570
11.9400,0.614815,-0.103659,0.190473
11.9500,-0.589888,-0.103535,0.189437
11.9600,-0.649432,-0.109731,0.188371
11.9700,-0.781683,-0.116887,0.187238
11.9800,-1.183028,-0.126710,0.186020
11.9900,-0.322806,-0.134240,0.184715
12.0000,0.370273,-0.134002,0.183374
12.0100,0.833096,-0.127985,0.182064
12.0200,0.774784,-0.119946,0.180824
12.0300,0.948879,-0.111328,0.179668
12.0400,1.823708,-0.097465,0.178624
12.0500,0.899481,-0.083849,0.177717
12.0600,0.639828,-0.076152,0.176917
12.0700,1.307541,-0.066415,0.176204
12.0800,1.657049,-0.051593,0.175614
12.0900,1.824460,-0.034185,0.175186
12.1000,1.872420,-0.015701,0.174936
12.1100,1.401996,0.000671,0.174861
12.1200,1.248301,0.013923,0.174934
12.1300,0.640625,0.023368,0.175120
12.1400,1.428754,0.033714,0.175406
12.1500,0.970613,0.045711,0.175803
12.1600,0.161089,0.051370,0.176288
12.1700,-0.549146,0.049430,0.176792
12.1800,-0.360250,0.044883,0.177264
12.1900,-0.660600,0.039778,0.177687
12.2000,-1.215092,0.030400,0.178038
12.2100,-1.590587,0.016371,0.178272
12.2200,-1.339942,0.001719,0.178362
12.2300,-1.066761,-0.010315,0.178319
12.2400,-1.243299,-0.021865,0.178158
12.2500,-0.780145,-0.031982,0.177889
12.2600,-0.675971,-0.039263,0.177533
12.2700,-0.091100,-0.043098,0.177121
12.2800,0.229245,-0.042407,0.176694
12.2900,0.864818,-0.036937,0.176297
12.3000,1.263801,-0.026294,0.175981
12.3100,2.453890,-0.007706,0.175811
12.3200,2.904565,0.019087,0.175868
12.3300,1.599608,0.041608,0.176171
12.3400,1.305183,0.056132,0.176660
12.3500,0.117046,0.063243,0.177257
12.3600,-1.819683,0.054729,0.177847
12.3700,-2.212173,0.034570,0.178293
12.3800,-2.627782,0.010370,0.178518
12.3900,-3.425086,-0.019894,0.178470
12.4000,-2.809364,-0.051066,0.178115
12.4100,-1.527434,-0.072750,0.177496
12.4200,-0.930999,-0.085042,0.176707
12.4300,-0.942067,-0.094408,0.175810
12.4400,-1.803230,-0.108134,0.174797
12.4500,-1.213538,-0.123218,0.173641
12.4600,-0.605158,-0.132311,0.172363
12.4700,-1.186536,-0.141270,0.170995
12.4800,-0.693428,-0.150670,0.169535
12.4900,-0.841218,-0.158343,0.167990
12.5000,-0.541578,-0.165257,0.166372
12.5100,-0.431395,-0.170122,0.164695
12.5200,-0.499031,-0.174774,0.162971
12.5300,-1.228578,-0.183412,0.161180
12.5400,-1.419758,-0.196654,0.159280
12.5500,-0.722229,-0.207364,0.157260
12.5600,-0.678648,-0.214368,0.155151
12.5700,-0.800267,-0.221763,0.152970
12.5800,-1.062675,-0.231077,0.150706
12.5900,-0.765137,-0.240216,0.148350
12.6000,-0.431486,-0.246199,0.145918
12.6100,-1.053661,-0.253625,0.143418
12.6200,-1.122395,-0.264505,0.140828
12.6300,-1.237964,-0.276307,0.138124
12.6400,-0.374450,-0.284369,0.135320
12.6500,-0.672984,-0.289607,0.132450
12.6600,-1.649108,-0.301217,0.129496
12.6700,-1.029980,-0.314612,0.126417
12.6800,-0.821679,-0.323871,0.123225
12.6900,0.247004,-0.326744,0.119972
12.7000,0.579703,-0.322611,0.116725
12.7100,0.923155,-0.315096,0.113536
12.7200,0.669304,-0.307134,0.110425
12.7300,0.143743,-0.303069,0.107374
12.7400,0.810421,-0.298298,0.104367
12.7500,0.746652,-0.290513,0.101423
12.7600,1.545189,-0.279053,0.098576
12.7700,1.065529,-0.266000,0.095850
12.7800,0.372863,-0.258808,0.093226
12.7900,1.275285,-0.250567,0.090679
12.8000,1.692772,-0.235727,0.088248
12.8100,1.868874,-0.217919,0.085980
12.8200,1.902795,-0.199060,0.083895
12.8300,1.365510,-0.182719,0.081986
12.8400,0.398756,-0.173897,0.080203
12.8500,0.748226,-0.168162,0.078492
12.8600,0.157894,-0.163632,0.076833
12.8700,0.228751,-0.161699,0.075207
12.8800,0.749586,-0.156807,0.073614
12.8900,0.920021,-0.148459,0.072088
12.9000,0.157091,-0.143073,0.070630
12.9100,0.481373,-0.139881,0.069216
12.9200,0.850964,-0.133219,0.067850
12.9300,0.879061,-0.124569,0.066561
12.9400,0.599072,-0.117179,0.065352
12.9500,0.210506,-0.113131,0.064201
12.9600,0.150607,-0.111325,0.063079
12.9700,-0.652594,-0.113835,0.061953
12.9800,-0.929625,-0.121746,0.060775
12.9900,-1.212056,-0.132455,0.059504
13.0000,-1.469571,-0.145863,0.058112
13.0100,0.130334,-0.152559,0.056620
13.0200,-0.278097,-0.153298,0.055091
13.0300,0.036553,-0.154505,0.053552
13.0400,-0.226310,-0.155454,0.052002
13.0500,0.901414,-0.152079,0.050464
13.0600,0.163178,-0.146756,0.048970
13.0700,-0.852842,-0.150204,0.047485
13.0800,-0.906600,-0.159001,0.045939
13.0900,-1.096460,-0.169017,0.044299
13.1000,-2.077638,-0.184887,0.042530
13.1100,-1.694902,-0.203750,0.040587
13.1200,-1.926590,-0.221857,0.038459
13.1300,-2.030706,-0.241644,0.036141
13.1400,-1.787580,-0.260735,0.033629
13.1500,-1.335182,-0.276349,0.030944
13.1600,-0.612006,-0.286085,0.028132
13.1700,-0.905277,-0.293671,0.025233
13.1800,-1.133016,-0.303863,0.022245
13.1900,-1.963457,-0.319345,0.019129
13.2000,-0.928911,-0.333807,0.015863
13.2100,-0.531073,-0.341107,0.012489
13.2200,0.041791,-0.343553,0.009065
13.2300,0.753277,-0.339578,0.005650
13.2400,1.398320,-0.328820,0.002308
13.2500,1.467245,-0.314492,-0.000909
13.2600,2.369657,-0.295308,-0.003958
13.2700,2.883148,-0.269044,-0.006779
13.2800,3.394066,-0.237657,-0.009313
13.2900,2.673427,-0.207320,-0.011538
13.3000,2.138352,-0.183261,-0.013491
13.3100,1.639138,-0.164374,-0.015229
13.3200,1.864365,-0.146856,-0.016785
13.3300,1.428858,-0.130390,-0.018171
13.3400,2.299906,-0.111746,-0.019382
13.3500,1.857580,-0.090959,-0.020396
13.3600,1.479395,-0.074274,-0.021222
13.3700,1.517276,-0.059291,-0.021890
13.3800,1.506874,-0.044170,-0.022407
13.3900,1.646869,-0.028401,-0.022770
13.4000,1.377642,-0.013279,-0.022978
13.4100,0.731943,-0.002731,-0.023058
13.4200,1.032584,0.006092,-0.023041
13.4300,0.766358,0.015087,-0.022935
13.4400,0.641680,0.022127,-0.022749
13.4500,0.735492,0.029013,-0.022494
13.4600,0.627986,0.035830,-0.022169
13.4700,0.349621,0.040718,-0.021787
13.4800,0.537804,0.045155,-0.021357
13.4900,0.697219,0.051330,-0.020875
13.5000,0.340692,0.056520,-0.020336
13.5100,-0.051297,0.057967,-0.019763
13.5200,0.218511,0.058803,-0.019179
13.5300,0.944292,0.064617,-0.018562
13.5400,0.713230,0.072905,-0.017875
13.5500,1.384904,0.083395,-0.017093
13.5600,1.423591,0.097438,-0.016189
13.5700,0.906118,0.109086,-0.015156
13.5800,0.723694,0.117235,-0.014025
13.5900,0.344413,0.122576,-0.012826
13.6000,-0.208148,0.123257,-0.011597
13.6100,-0.560673,0.119413,-0.010383
13.6200,-0.342081,0.114899,-0.009212
13.6300,-0.370209,0.111338,-0.008080
13.6400,-0.652688,0.106223,-0.006993
13.6500,-1.734199,0.094289,-0.005990
13.6600,-2.167929,0.074778,-0.005145
13.6700,-1.666070,0.055608,-0.004493
13.6800,-0.959689,0.042480,-0.004002
13.6900,-1.195570,0.031703,-0.003631
13.7000,-0.626004,0.022595,-0.003360
13.7100,-0.072261,0.019104,-0.003151
13.7200,-0.215170,0.017667,-0.002968
13.7300,-0.596360,0.013609,-0.002811
13.7400,-0.550845,0.007873,-0.002704
13.7500,-0.851049,0.000864,-0.002660
13.7600,-0.958445,-0.008184,-0.002697
13.7700,-0.509233,-0.015522,-0.002815
13.7800,-0.369525,-0.019916,-0.002992
13.7900,-0.731799,-0.025422,-0.003219
13.8000,-1.003440,-0.034099,-0.003517
13.8100,-1.114274,-0.044687,-0.003911
13.8200,-0.850092,-0.054509,-0.004407
13.8300,-0.531288,-0.061416,-0.004986
13.8400,-0.385913,-0.066002,-0.005623
13.8500,0.273561,-0.066564,-0.006286
13.8600,0.681999,-0.061786,-0.006928
13.8700,0.722417,-0.054764,-0.007511
13.8800,0.831144,-0.046996,-0.008019
13.8900,0.691276,-0.039384,-0.008451
13.9000,1.282687,-0.029514,-0.008796
13.9100,1.939413,-0.013404,-0.009010
13.9200,1.836016,0.005474,-0.009050
13.9300,1.247575,0.020891,-0.008918
13.9400,1.049813,0.032378,-0.008652
13.9500,1.132998,0.043292,-0.008274
13.9600,0.990625,0.053911,-0.007788
13.9700,0.991368,0.063821,-0.007199
13.9800,0.839959,0.072977,-0.006515
13.9900,1.597453,0.085164,-0.005724
14.0000,1.221471,0.099259,-0.004802
14.0100,1.171800,0.111225,-0.003750
14.0200,0.230143,0.118235,-0.002602
14.0300,0.063686,0.119704,-0.001413
14.0400,-0.708717,0.116479,-0.000232
14.0500,-1.093190,0.107469,0.000888
14.0600,-1.022608,0.096890,0.001910
14.0700,-0.552824,0.089013,0.002839
14.0800,-0.031915,0.086090,0.003715
14.0900,-0.955063,0.081155,0.004551
14.1000,-1.397277,0.069393,0.005304
14.1100,-1.213933,0.056337,0.005932
14.1200,-1.287420,0.043830,0.006433
14.1300,-0.824218,0.033272,0.006819
14.1400,-0.684676,0.025727,0.007114
14.1500,0.321467,0.023911,0.007362
14.1600,0.717107,0.029104,0.007627
14.1700,0.172949,0.033555,0.007940
14.1800,1.286324,0.040851,0.008312
14.1900,1.078687,0.052676,0.008780
14.2000,0.695274,0.061546,0.009351
14.2100,-0.082697,0.064609,0.009982
14.2200,-0.397437,0.062208,0.010616
14.2300,-0.442891,0.058006,0.011217
14.2400,-0.598354,0.052800,0.011771
14.2500,-1.468476,0.042466,0.012247
14.2600,-2.127530,0.024486,0.012582
14.2700,-2.409401,0.001801,0.012714
14.2800,-1.439177,-0.017442,0.012635
14.2900,-1.807276,-0.033674,0.012380
14.3000,-1.978735,-0.052604,0.011948
14.3100,-1.751208,-0.071254,0.011329
14.3200,-2.523900,-0.092629,0.010510
14.3300,-1.468220,-0.112590,0.009484
14.3400,-1.347881,-0.126670,0.008287
14.3500,-0.174257,-0.134281,0.006983
14.3600,0.661159,-0.131846,0.005652
14.3700,0.962442,-0.123728,0.004374
14.3800,0.837493,-0.114729,0.003182
14.3900,0.592760,-0.107577,0.002070
14.4000,0.697536,-0.101126,0.001027
14.4100,0.249871,-0.096389,0.000039
14.4200,0.848260,-0.090898,-0.000897
14.4300,1.908921,-0.077112,-0.001737
14.4400,1.245136,-0.061342,-0.002430
14.4500,1.106881,-0.049582,-0.002984
14.4600,1.174716,-0.038174,-0.003423
14.4700,2.198120,-0.021310,-0.003720
14.4800,3.136105,0.005361,-0.003800
14.4900,2.094743,0.031515,-0.003616
14.5000,1.198377,0.047981,-0.003218
14.5100,1.174127,0.059844,-0.002679
14.5200,0.972839,0.070578,-0.002027
14.5300,1.771527,0.084300,-0.001253
14.5400,1.785562,0.102086,-0.000321
14.5500,0.796238,0.114995,0.000765
14.5600,0.489111,0.121421,0.001947
14.5700,0.387867,0.125806,0.003183
14.5800,-0.020011,0.127646,0.004450
14.5900,-0.539815,0.124847,0.005713
14.6000,-1.153344,0.116381,0.006919
14.6100,-1.322250,0.104003,0.008021
14.6200,-1.698837,0.088897,0.008985
14.6300,-1.082657,0.074990,0.009805
14.6400,-0.850573,0.065324,0.010506
14.6500,-1.069857,0.055722,0.011111
14.6600,-0.669440,0.047025,0.011625
14.6700,-0.509965,0.041128,0.012066
14.6800,-0.323386,0.036961,0.012456
14.6900,-0.507540,0.032807,0.012805
14.7000,-0.336164,0.028588,0.013112
14.7100,-0.290656,0.025454,0.013382
14.7200,-0.726052,0.020370,0.013611
14.7300,-0.900444,0.012238,0.013774
14.7400,-1.668775,-0.000608,0.013833
14.7500,-1.679443,-0.017349,0.013743
14.7600,-1.048947,-0.030991,0.013501
14.7700,-1.356018,-0.043016,0.013131
14.7800,-0.953219,-0.054562,0.012643
14.7900,-0.422047,-0.061438,0.012063
14.8000,-0.169162,-0.064395,0.011434
14.8100,-0.744247,-0.068962,0.010767
14.8200,-1.314978,-0.079258,0.010026
14.8300,-0.888336,-0.090274,0.009179
14.8400,-0.781979,-0.098626,0.008234
14.8500,-1.120024,-0.108136,0.007200
14.8600,-0.810407,-0.117788,0.006071
14.8700,-1.076422,-0.127222,0.004846
14.8800,0.069599,-0.132256,0.003548
14.8900,0.180901,-0.131004,0.002232
14.9000,0.290576,-0.128646,0.000934
14.9100,0.244172,-0.125973,-0.000340
14.9200,0.483253,-0.122336,-0.001581
14.9300,0.358931,-0.118125,-0.002783
14.9400,-0.229315,-0.117477,-0.003961
14.9500,0.013659,-0.118555,-0.005142
14.9600,-0.046689,-0.118720,-0.006328
14.9700,-0.448546,-0.121196,-0.007527
14.9800,0.334722,-0.121765,-0.008742
14.9900,0.412606,-0.118029,-0.009941
15.0000,0.536043,-0.113285,-0.011098
15.0100,0.098534,-0.110113,-0.012215
15.0200,-0.102685,-0.110133,-0.013316
15.0300,0.372734,-0.108783,-0.014411
15.0400,0.677396,-0.103532,-0.015472
15.0500,1.410893,-0.093091,-0.016455
15.0600,1.776117,-0.077156,-0.017307
15.0700,1.363643,-0.061457,-0.018000
15.0800,1.080375,-0.049237,-0.018553
15.0900,0.939313,-0.039139,-0.018995
15.1000,0.871939,-0.030082,-0.019341
15.1100,0.710915,-0.022168,-0.019602
15.1200,0.021869,-0.018504,-0.019806
15.1300,0.820409,-0.014293,-0.019970
15.1400,1.293581,-0.003723,-0.020060
15.1500,1.415953,0.009825,-0.020029
15.1600,1.754040,0.025675,-0.019852
15.1700,1.430723,0.041599,-0.019515
15.1800,1.641906,0.056962,-0.019023
15.1900,1.906732,0.074705,-0.018364
15.2000,2.326046,0.095869,-0.017511
15.2100,2.857708,0.121788,-0.016423
15.2200,2.806510,0.150109,-0.015064
15.2300,3.448816,0.181385,-0.013406
15.2400,3.382983,0.215544,-0.011421
15.2500,3.281081,0.248865,-0.009099
15.2600,2.887742,0.279709,-0.006457
15.2700,2.265073,0.305473,-0.003531
15.2800,1.742350,0.325510,-0.000376
15.2900,0.996499,0.339204,0.002948
15.3000,-0.124660,0.343564,0.006362
15.3100,-0.574249,0.340069,0.009780
15.3200,-0.951777,0.332439,0.013142
15.3300,-1.647712,0.319441,0.016402
15.3400,-2.104432,0.300681,0.019502
15.3500,-1.809919,0.281109,0.022411
15.3600,-1.618901,0.263965,0.025137
15.3700,-1.332578,0.249207,0.027703
15.3800,-1.952254,0.232783,0.030113
15.3900,-1.603323,0.215005,0.032351
15.4000,-1.159359,0.201192,0.034432
15.4100,-0.862400,0.191083,0.036394
15.4200,0.140105,0.187472,0.038287
15.4300,0.305772,0.189701,0.040172
15.4400,0.109997,0.191780,0.042080
15.4500,0.196342,0.193312,0.044005
15.4600,-0.281638,0.192885,0.045936
15.4700,-0.450294,0.189225,0.047847
15.4800,-0.017722,0.186885,0.049727
15.4900,-0.432495,0.184634,0.051585
15.5000,-1.150091,0.176721,0.053392
15.5100,-1.237213,0.164785,0.055099
15.5200,-1.476674,0.151215,0.056679
15.5300,-1.702341,0.135320,0.058112
15.5400,-1.571249,0.118952,0.059383
15.5500,-2.057169,0.100810,0.060482
15.5600,-2.583368,0.077608,0.061374
15.5700,-1.547525,0.056953,0.062047
15.5800,-1.366658,0.042382,0.062544
15.5900,-1.066642,0.030216,0.062907
15.6000,-0.392059,0.022922,0.063172
15.6100,-0.250947,0.019707,0.063386
15.6200,-0.569625,0.015604,0.063562
15.6300,-0.729548,0.009108,0.063686
15.6400,-1.257301,-0.000826,0.063727
15.6500,-1.227406,-0.013249,0.063657
15.6600,-1.747711,-0.028125,0.063450
15.6700,-0.421414,-0.038971,0.063114
15.6800,-0.571702,-0.043936,0.062700
15.6900,-1.074942,-0.052169,0.062219
15.7000,-0.639505,-0.060742,0.061655
15.7100,-0.806573,-0.067972,0.061011
15.7200,-0.763540,-0.075823,0.060292
15.7300,-0.276582,-0.081023,0.059508
15.7400,0.482049,-0.079996,0.058703
15.7500,0.443748,-0.075367,0.057926
15.7600,1.012328,-0.068086,0.057209
15.7700,1.434224,-0.055854,0.056589
15.7800,1.333539,-0.042015,0.056100
15.7900,2.063742,-0.025028,0.055765
15.8000,2.161527,-0.003902,0.055620
15.8100,1.833102,0.016071,0.055681
15.8200,1.694518,0.033709,0.055930
15.8300,1.321347,0.048788,0.056342
15.8400,0.969236,0.060241,0.056887
15.8500,0.707491,0.068625,0.057532
15.8600,1.007366,0.077199,0.058261
15.8700,1.551480,0.089994,0.059097
15.8800,1.534597,0.105424,0.060074
15.8900,2.025884,0.123226,0.061217
15.9000,2.115637,0.143934,0.062553
15.9100,1.406789,0.161546,0.064080
15.9200,1.200315,0.174582,0.065761
15.9300,1.813754,0.189652,0.067582
15.9400,1.030291,0.203872,0.069550
15.9500,0.245193,0.210250,0.071620
15.9600,0.250073,0.212726,0.073735
15.9700,0.790877,0.217931,0.075888
15.9800,0.448421,0.224127,0.078099
15.9900,0.312581,0.227932,0.080359
16.0000,0.485593,0.231923,0.082658
16.0100,-0.328615,0.232708,0.084981
16.0200,-0.511103,0.228509,0.087288
16.0300,-0.493257,0.223488,0.089548
16.0400,-0.556658,0.218238,0.091756
16.0500,-1.212781,0.209391,0.093894
16.0600,-1.426023,0.196197,0.095922
16.0700,-2.150600,0.178314,0.097795
16.0800,-2.494110,0.155090,0.099462
16.0900,-2.673941,0.129250,0.100884
16.1000,-2.787169,0.101944,0.102040
16.1100,-2.468935,0.075664,0.102928
16.1200,-2.575800,0.050440,0.103558
16.1300,-2.866681,0.023228,0.103926
16.1400,-1.994432,-0.001078,0.104037
16.1500,-1.412692,-0.018114,0.103941
16.1600,-1.236186,-0.031358,0.103694
16.1700,-0.789394,-0.041486,0.103330
16.1800,-0.594144,-0.048404,0.102880
16.1900,-0.566225,-0.054205,0.102367
16.2000,-0.467587,-0.059374,0.101799
16.2100,-0.180421,-0.062614,0.101189
16.2200,0.035716,-0.063338,0.100560
16.2300,-0.317910,-0.064749,0.099919
16.2400,-0.528697,-0.068982,0.099250
16.2500,-1.128435,-0.077268,0.098519
16.2600,-1.000893,-0.087914,0.097693
16.2700,-0.998507,-0.097911,0.096764
16.2800,-0.764842,-0.106728,0.095741
16.2900,-0.430523,-0.112705,0.094644
16.3000,-0.514474,-0.117430,0.093493
16.3100,-0.864436,-0.124324,0.092284
16.3200,-0.787462,-0.132584,0.091000
16.3300,0.133718,-0.135853,0.089658
16.3400,0.142849,-0.134470,0.088306
16.3500,0.034259,-0.133584,0.086966
16.3600,0.527203,-0.130777,0.085644
16.3700,0.777051,-0.124256,0.084369
16.3800,1.403275,-0.113354,0.083181
16.3900,2.115533,-0.095760,0.082135
16.4000,1.710442,-0.076630,0.081273
16.4100,1.073068,-0.062713,0.080576
16.4200,1.219478,-0.051250,0.080007
16.4300,1.403199,-0.038136,0.079560
16.4400,1.660334,-0.022819,0.079255
16.4500,2.005836,-0.004488,0.079118
16.4600,2.026105,0.015672,0.079174
16.4700,2.003501,0.035820,0.079432
16.4800,2.023735,0.055956,0.079891
16.4900,1.828539,0.075217,0.080547
16.5000,1.662405,0.092672,0.081386
16.5100,0.984642,0.105907,0.082379
16.5200,0.375971,0.112710,0.083472
16.5300,0.611310,0.117647,0.084624
16.5400,0.292373,0.122165,0.085823
16.5500,0.704528,0.127150,0.087069
16.5600,0.903259,0.135189,0.088381
16.5700,0.408959,0.141750,0.089766
16.5800,0.108007,0.144335,0.091196
16.5900,-0.390471,0.142922,0.092632
16.6000,0.415155,0.143046,0.094062
16.6100,0.143614,0.145839,0.095507
16.6200,0.103086,0.147073,0.096971
16.6300,0.029906,0.147738,0.098445
16.6400,-0.288237,0.146446,0.099916
16.6500,-0.421406,0.142898,0.101363
16.6600,-0.486949,0.138356,0.102769
16.6700,-0.700570,0.132419,0.104123
16.6800,-0.756754,0.125132,0.105411
16.6900,-0.371102,0.119493,0.106634
16.7000,-1.490685,0.110184,0.107782
16.7100,-1.256133,0.096450,0.108816
16.7200,-0.858566,0.085876,0.109727
16.7300,-0.543001,0.078868,0.110551
16.7400,-0.530514,0.073501,0.111313
16.7500,-0.732907,0.067184,0.112016
16.7600,0.161952,0.064329,0.112674
16.7700,0.235129,0.066314,0.113327
16.7800,-0.108608,0.066947,0.113993
16.7900,-0.293010,0.064939,0.114653
16.8000,-0.568954,0.060629,0.115281
16.8100,-0.198160,0.056794,0.115868
16.8200,-0.247838,0.054564,0.116424
16.8300,0.059187,0.053620,0.116965
16.8400,0.235385,0.055093,0.117509
16.8500,0.486105,0.058701,0.118078
16.8600,0.563588,0.063949,0.118691
16.8700,0.277206,0.068153,0.119352
16.8800,1.123582,0.075157,0.120068
16.8900,1.604975,0.088800,0.120888
16.9000,1.139746,0.102523,0.121845
16.9100,0.051016,0.108477,0.122900
16.9200,-0.361211,0.106926,0.123977
16.9300,-0.663196,0.101804,0.125020
16.9400,-1.070801,0.093134,0.125995
16.9500,-0.939001,0.083085,0.126876
16.9600,-0.817825,0.074301,0.127663
16.9700,-1.031884,0.065052,0.128360
16.9800,-1.000101,0.054893,0.128960
16.9900,-1.581459,0.041985,0.129444
17.0000,-1.137052,0.028392,0.129796
17.0100,-0.682501,0.019294,0.130034
17.0200,-0.776043,0.012002,0.130191
17.0300,-0.681699,0.004713,0.130274
17.0400,-0.569878,-0.001545,0.130290
17.0500,-0.670549,-0.007747,0.130244
17.0600,-0.641372,-0.014307,0.130133
17.0700,0.005907,-0.017484,0.129974
17.0800,0.472902,-0.015090,0.129812
17.0900,0.684249,-0.009304,0.129690
17.1000,0.719105,-0.002287,0.129632
17.1100,0.411180,0.003364,0.129637
17.1200,0.795458,0.009397,0.129701
17.1300,-0.014836,0.013300,0.129814
17.1400,-0.581703,0.010318,0.129932
17.1500,-0.233510,0.006242,0.130015
17.1600,-0.510191,0.002523,0.130059
17.1700,-0.450206,-0.002279,0.130060
17.1800,0.338995,-0.002835,0.130035
17.1900,1.032688,0.004023,0.130041
17.2000,0.707324,0.012724,0.130124
17.2100,0.548823,0.019004,0.130283
17.2200,1.435286,0.028925,0.130523
17.2300,1.667028,0.044436,0.130889
17.2400,1.467445,0.060109,0.131412
17.2500,0.769398,0.071293,0.132069
17.2600,0.829516,0.079288,0.132822
17.2700,0.730823,0.087089,0.133654
17.2800,0.851927,0.095003,0.134564
17.2900,0.830398,0.103415,0.135557
17.3000,1.110011,0.113117,0.136639
17.3100,0.553388,0.121434,0.137812
17.3200,0.014361,0.124272,0.139040
17.3300,0.248045,0.125584,0.140290
17.3400,-0.218778,0.125731,0.141546
17.3500,-1.068985,0.119292,0.142771
17.3600,-1.676989,0.105562,0.143896
17.3700,-1.347593,0.090439,0.144876
17.3800,-1.180945,0.077796,0.145717
17.3900,-0.943735,0.067173,0.146442
17.4000,-0.487028,0.060019,0.147078
17.4100,-0.654972,0.054309,0.147649
17.4200,-0.999087,0.046039,0.148151
17.4300,-1.137087,0.035358,0.148558
17.4400,-1.346384,0.022941,0.148850
17.4500,-0.882936,0.011794,0.149023
17.4600,-0.769717,0.003531,0.149100
17.4700,-1.109390,-0.005865,0.149088
17.4800,-1.066413,-0.016744,0.148975
17.4900,-1.218411,-0.028168,0.148751
17.5000,-0.742072,-0.037970,0.148420
17.5100,-0.322962,-0.043295,0.148014
17.5200,-0.221390,-0.046017,0.147567
17.5300,-0.195554,-0.048102,0.147096
17.5400,-0.312827,-0.050644,0.146603
17.5500,0.256418,-0.050926,0.146095
17.5600,0.284385,-0.048222,0.145599
17.5700,0.936227,-0.042119,0.145147
17.5800,1.381654,-0.030529,0.144784
17.5900,1.175554,-0.017743,0.144543
17.6000,0.642534,-0.008653,0.144411
17.6100,0.445730,-0.003212,0.144351
17.6200,0.303097,0.000533,0.144338
17.6300,-0.114707,0.001475,0.144348
17.6400,-0.379926,-0.000999,0.144350
17.6500,-0.228763,-0.004042,0.144325
17.6600,0.213018,-0.004121,0.144284
17.6700,1.577701,0.004833,0.144288
17.6800,2.181026,0.023626,0.144430
17.6900,1.362778,0.041345,0.144755
17.7000,0.764646,0.051983,0.145222
17.7100,0.648693,0.059049,0.145777
17.7200,0.670760,0.065647,0.146400
17.7300,0.788906,0.072945,0.147093
17.7400,0.661978,0.080199,0.147859
17.7500,0.657988,0.086799,0.148694
17.7600,1.383694,0.097008,0.149613
17.7700,1.352455,0.110688,0.150652
17.7800,1.419648,0.124549,0.151828
17.7900,1.057228,0.136933,0.153135
17.8000,0.616470,0.145302,0.154546
17.8100,0.761604,0.152192,0.156034
17.8200,0.581785,0.158909,0.157589
17.8300,0.609225,0.164864,0.159208
17.8400,0.495707,0.170389,0.160885
17.8500,0.592663,0.175831,0.162616
17.8600,0.814479,0.182866,0.164409
17.8700,0.372285,0.188800,0.166267
17.8800,0.583314,0.193578,0.168179
17.8900,0.326555,0.198127,0.170138
17.9000,-0.312962,0.198195,0.172119
17.9100,0.136353,0.197312,0.174097
17.9200,0.443851,0.200213,0.176085
17.9300,0.222774,0.203546,0.178103
17.9400,0.332226,0.206321,0.180153
17.9500,0.622633,0.211096,0.182240
17.9600,0.885798,0.218638,0.184389
17.9700,0.632392,0.226229,0.186613
17.9800,0.759356,0.233188,0.188910
17.9900,-0.125072,0.236359,0.191258
18.0000,-0.071278,0.235377,0.193616
18.0100,-0.572434,0.232159,0.195954
18.0200,-1.817697,0.220208,0.198216
18.0300,-2.521965,0.198510,0.200309
18.0400,-2.296473,0.174418,0.202174
18.0500,-2.617374,0.149848,0.203795
18.0600,-1.853202,0.127495,0.205182
18.0700,-1.521926,0.110620,0.206373
18.0800,-1.881862,0.093601,0.207394
18.0900,-1.919297,0.074595,0.208235
18.1000,-1.604474,0.056976,0.208893
18.1100,-1.152898,0.043189,0.209393
18.1200,-1.429306,0.030278,0.209761
18.1300,-1.958851,0.013338,0.209979
18.1400,-1.650896,-0.004711,0.210022
18.1500,-1.215659,-0.019044,0.209903
18.1600,-1.416068,-0.032203,0.209647
18.1700,-1.149156,-0.045029,0.209261
18.1800,-0.467806,-0.053114,0.208770
18.1900,-0.907959,-0.059992,0.208205
18.2000,-1.050781,-0.069786,0.207556
18.2100,-0.434626,-0.077213,0.206821
18.2200,-0.162713,-0.080200,0.206034
18.2300,0.070051,-0.080663,0.205229
18.2400,-0.040532,-0.080516,0.204423
18.2500,0.365872,-0.078889,0.203626
18.2600,0.675812,-0.073680,0.202864
18.2700,0.477028,-0.067916,0.202156
18.2800,0.238599,-0.064338,0.201494
18.2900,-0.361320,-0.064952,0.200848
18.3000,0.116936,-0.066174,0.200192
18.3100,0.270621,-0.064236,0.199540
18.3200,0.420280,-0.060781,0.198915
18.3300,0.455393,-0.056403,0.198329
18.3400,-0.190878,-0.055080,0.197772
18.3500,-0.779666,-0.059933,0.197197
18.3600,-1.061899,-0.069141,0.196551
18.3700,-1.196273,-0.080432,0.195803
18.3800,-0.886603,-0.090846,0.194947
18.3900,-1.004369,-0.100301,0.193991
18.4000,-1.072406,-0.110685,0.192936
18.4100,-1.913136,-0.125613,0.191755
18.4200,-1.904535,-0.144701,0.190403
18.4300,-1.790692,-0.163177,0.188864
18.4400,-1.633964,-0.180300,0.187147
18.4500,-2.105930,-0.199000,0.185250
18.4600,-2.034160,-0.219700,0.183157
18.4700,-1.428006,-0.237011,0.180873
18.4800,-1.134285,-0.249823,0.178439
18.4900,-0.859845,-0.259793,0.175891
18.5000,-0.416278,-0.266174,0.173261
18.5100,-0.432911,-0.270420,0.170578
18.5200,-0.501360,-0.275091,0.167850
18.5300,-0.399849,-0.279597,0.165077
18.5400,-1.018870,-0.286691,0.162246
18.5500,-1.027139,-0.296921,0.159328
18.5600,-1.163767,-0.307875,0.156304
18.5700,-1.272093,-0.320055,0.153164
18.5800,-1.203145,-0.332431,0.149901
18.5900,-1.124406,-0.344069,0.146519
18.6000,-1.291953,-0.356150,0.143018
18.6100,-1.595585,-0.370588,0.139384
18.6200,-1.569507,-0.386414,0.135599
18.6300,-1.230556,-0.400414,0.131665
18.6400,-1.249170,-0.412812,0.127599
18.6500,-1.565518,-0.426886,0.123400
18.6600,-1.496357,-0.442195,0.119055
18.6700,-1.115261,-0.455253,0.114568
18.6800,-0.528082,-0.463470,0.109974
18.6900,-0.026008,-0.466241,0.105326
18.7000,0.371673,-0.464512,0.100672
18.7100,0.497483,-0.460166,0.096048
18.7200,0.531042,-0.455024,0.091472
18.7300,0.945837,-0.447639,0.086959
18.7400,2.028195,-0.432769,0.082557
18.7500,2.287751,-0.411190,0.078337
18.7600,2.134593,-0.389078,0.074336
18.7700,2.196330,-0.367423,0.070553
18.7800,2.620947,-0.343337,0.067000
18.7900,2.300975,-0.318727,0.063689
18.8000,2.173809,-0.296353,0.060614
18.8100,2.160425,-0.274682,0.057759
18.8200,3.046748,-0.248646,0.055142
18.8300,2.899742,-0.218914,0.052804
18.8400,2.925931,-0.189785,0.050761
18.8500,2.376522,-0.163273,0.048996
18.8600,2.413378,-0.139324,0.047483
18.8700,1.789406,-0.118310,0.046194
18.8800,1.206051,-0.103332,0.045086
18.8900,1.119301,-0.091706,0.044111
18.9000,1.398787,-0.079115,0.043257
18.9100,1.561753,-0.064313,0.042540
18.9200,1.855845,-0.047225,0.041982
18.9300,0.999455,-0.032948,0.041581
18.9400,-0.052634,-0.028214,0.041275
18.9500,-0.223955,-0.029597,0.040986
18.9600,-0.085498,-0.031144,0.040683
18.9700,-0.344122,-0.033292,0.040360
18.9800,-0.653659,-0.038281,0.040003
18.9900,-0.211098,-0.042605,0.039598
19.0000,-1.031920,-0.048820,0.039141
19.0100,-1.518245,-0.061571,0.038589
19.0200,-1.760410,-0.077964,0.037891
19.0300,-2.103467,-0.097284,0.037015
19.0400,-1.919381,-0.117398,0.035942
19.0500,-1.307131,-0.133530,0.034687
19.0600,-1.237489,-0.146253,0.033288
19.0700,-0.318632,-0.154034,0.031787
19.0800,-0.241246,-0.156833,0.030232
19.0900,0.172917,-0.157175,0.028662
19.1000,0.434800,-0.154136,0.027106
19.1100,0.122231,-0.151351,0.025578
19.1200,-0.612867,-0.153804,0.024053
19.1300,-0.740702,-0.160572,0.022481
19.1400,-0.885739,-0.168705,0.020834
19.1500,-1.048542,-0.178376,0.019099
19.1600,-0.535271,-0.186295,0.017276
19.1700,-0.719319,-0.192568,0.015381
19.1800,-0.762981,-0.199979,0.013419
19.1900,-0.286393,-0.205226,0.011392
19.2000,-0.002534,-0.206671,0.009333
19.2100,0.066004,-0.206354,0.007268
19.2200,0.092342,-0.205562,0.005208
19.2300,-0.260890,-0.206405,0.003148
19.2400,0.070906,-0.207355,0.001080
19.2500,0.155717,-0.206221,-0.000988
19.2600,0.759432,-0.201646,-0.003028
19.2700,0.973550,-0.192981,-0.005001
19.2800,0.754673,-0.184340,-0.006887
19.2900,0.881490,-0.176159,-0.008690
19.3000,1.022931,-0.166637,-0.010404
19.3100,1.079159,-0.156126,-0.012018
19.3200,0.758506,-0.146938,-0.013533
19.3300,0.425496,-0.141018,-0.014973
19.3400,0.364992,-0.137066,-0.016363
19.3500,0.095275,-0.134764,-0.017722
19.3600,0.528961,-0.131643,-0.019054
19.3700,0.737375,-0.125311,-0.020339
19.3800,0.519937,-0.119025,-0.021561
19.3900,0.254970,-0.115150,-0.022732
19.4000,-0.008556,-0.113918,-0.023877
19.4100,-0.247159,-0.115197,-0.025023
19.4200,0.467751,-0.114094,-0.026169
19.4300,0.523813,-0.109136,-0.027285
19.4400,0.795926,-0.102537,-0.028343
19.4500,0.819990,-0.094458,-0.029328
19.4600,0.411890,-0.088298,-0.030242
19.4700,0.201651,-0.085231,-0.031110
19.4800,0.215911,-0.083143,-0.031952
19.4900,-0.034900,-0.082238,-0.032779
19.5000,-0.231188,-0.083568,-0.033608
19.5100,0.002967,-0.084709,-0.034449
19.5200,-0.575425,-0.087572,-0.035310
19.5300,-0.813654,-0.094517,-0.036221
19.5400,-1.099330,-0.104082,-0.037214
19.5500,-0.889221,-0.114025,-0.038304
19.5600,-0.792571,-0.122434,-0.039487
19.5700,-0.954913,-0.131171,-0.040755
19.5800,-1.132870,-0.141610,-0.042119
19.5900,-0.620438,-0.150376,-0.043579
19.6000,-1.101131,-0.158984,-0.045125
19.6100,-1.514604,-0.172063,-0.046781
19.6200,-1.182088,-0.185546,-0.048569
19.6300,-1.224321,-0.197579,-0.050484
19.6400,-1.106143,-0.209231,-0.052518
19.6500,-0.726776,-0.218395,-0.054656
19.6600,-0.362855,-0.223844,-0.056868
19.6700,-0.479621,-0.228056,-0.059127
19.6800,0.180594,-0.229551,-0.061415
19.6900,0.420182,-0.226547,-0.063696
19.7000,0.207754,-0.223408,-0.065945
19.7100,0.273001,-0.221004,-0.068168
19.7200,0.601955,-0.216629,-0.070356
19.7300,0.087333,-0.213183,-0.072505
19.7400,-0.181404,-0.213653,-0.074639
19.7500,-0.465256,-0.216886,-0.076792
19.7600,-0.281401,-0.220619,-0.078979
19.7700,-0.365909,-0.223856,-0.081202
19.7800,-0.450935,-0.227940,-0.083461
19.7900,0.377720,-0.228306,-0.085742
19.8000,0.496331,-0.223936,-0.088003
19.8100,0.790406,-0.217502,-0.090210
19.8200,0.949690,-0.208802,-0.092342
19.8300,0.837864,-0.199864,-0.094385
19.8400,0.781877,-0.191765,-0.096343
19.8500,0.742992,-0.184141,-0.098223
19.8600,0.510176,-0.177875,-0.100033
19.8700,0.035009,-0.175149,-0.101798
19.8800,0.501249,-0.172468,-0.103536
19.8900,0.706967,-0.166427,-0.105230
19.9000,0.611502,-0.159835,-0.106862
19.9100,0.831188,-0.152621,-0.108424
19.9200,1.045835,-0.143236,-0.109903
19.9300,0.819611,-0.133909,-0.111289
19.9400,0.559731,-0.127012,-0.112594
19.9500,0.288317,-0.122772,-0.113843
19.9600,0.302285,-0.119819,-0.115056
19.9700,0.305788,-0.116778,-0.116239
19.9800,-0.098232,-0.115741,-0.117401
19.9900,0.119513,-0.115634,-0.118558
20.0000,-0.013474,-0.115104,-0.119712
20.0100,-0.155485,-0.115949,-0.120867
20.0200,0.298748,-0.115233,-0.122023
20.0300,0.587857,-0.110800,-0.123153
20.0400,0.822461,-0.103748,-0.124226
20.0500,1.050011,-0.094386,-0.125216
20.0600,0.964653,-0.084312,-0.126110
20.0700,1.159253,-0.073693,-0.126900
20.0800,1.505777,-0.060368,-0.127570
20.0900,1.203982,-0.046819,-0.128106
20.1000,0.617472,-0.037712,-0.128529
20.1100,0.300434,-0.033122,-0.128883
20.1200,0.285725,-0.030191,-0.129200
20.1300,0.505560,-0.026235,-0.129482
20.1400,0.080060,-0.023307,-0.129729
20.1500,0.418165,-0.020816,-0.129950
20.1600,0.949265,-0.013978,-0.130124
20.1700,1.107806,-0.003693,-0.130212
20.1800,0.887504,0.006283,-0.130199
20.1900,0.797536,0.014709,-0.130094
20.2000,1.098742,0.024190,-0.129900
20.2100,1.054706,0.034957,-0.129604
20.2200,1.074976,0.045606,-0.129201
20.2300,0.913968,0.055550,-0.128696
20.2400,0.378709,0.062014,-0.128108
20.2500,0.042363,0.064119,-0.127477
20.2600,0.482965,0.066746,-0.126823
20.2700,0.562300,0.071972,-0.126129
20.2800,-0.191645,0.073825,-0.125400
20.2900,-0.317192,0.071281,-0.124675
20.3000,-0.268549,0.068353,-0.123976
20.3100,-0.084860,0.066585,-0.123302
20.3200,-0.097799,0.065672,-0.122641
20.3300,-0.218936,0.064089,-0.121992
20.3400,-0.223225,0.061878,-0.121362
20.3500,-0.179454,0.059864,-0.120753
20.3600,-0.430495,0.056815,-0.120170
20.3700,-0.262094,0.053352,-0.119619
20.3800,-0.841727,0.047833,-0.119113
20.3900,-0.849885,0.039374,-0.118677
20.4000,-0.645681,0.031897,-0.118321
20.4100,-1.059682,0.023370,-0.118044
20.4200,-1.086013,0.012641,-0.117864
20.4300,-0.975897,0.002332,-0.117789
20.4400,-0.851673,-0.006806,-0.117812
20.4500,-0.675216,-0.014441,-0.117918
20.4600,-0.716554,-0.021399,-0.118097
20.4700,-0.830851,-0.029136,-0.118350
20.4800,-0.817029,-0.037376,-0.118682
20.4900,-0.804271,-0.045482,-0.119097
20.5000,-0.716969,-0.053088,-0.119590
20.5100,-0.444349,-0.058895,-0.120149
20.5200,-0.811706,-0.065175,-0.120770
20.5300,-0.831581,-0.073392,-0.121463
20.5400,-0.873023,-0.081915,-0.122239
20.5500,-0.252466,-0.087542,-0.123086
20.5600,0.031910,-0.088645,-0.123967
20.5700,0.193791,-0.087517,-0.124848
20.5800,0.162197,-0.085737,-0.125714
20.5900,0.552035,-0.082165,-0.126554
20.6000,0.289156,-0.077959,-0.127355
20.6100,0.401527,-0.074506,-0.128117
20.6200,0.881245,-0.068092,-0.128830
20.6300,1.019275,-0.058590,-0.129463
20.6400,0.655263,-0.050217,-0.130007
20.6500,1.024121,-0.041820,-0.130468
20.6600,1.483661,-0.029281,-0.130823
20.6700,1.622716,-0.013749,-0.131038
20.6800,1.518170,0.001955,-0.131097
20.6900,1.048590,0.014789,-0.131013
20.7000,1.073732,0.025401,-0.130813
20.7100,1.094838,0.036244,-0.130504
20.7200,0.875967,0.046098,-0.130093
20.7300,0.891942,0.054937,-0.129587
20.7400,0.787557,0.063335,-0.128996
20.7500,0.625141,0.070398,-0.128327
20.7600,0.716625,0.077107,-0.127590
20.7700,0.655095,0.083966,-0.126785
20.7800,0.799367,0.091238,-0.125908
20.7900,0.844640,0.099458,-0.124955
20.8000,0.764624,0.107504,-0.123920
20.8100,0.586887,0.114262,-0.122811
20.8200,0.306892,0.118731,-0.121646
20.8300,0.073888,0.120635,-0.120450
20.8400,-0.226716,0.119870,-0.119247
20.8500,-0.300448,0.117235,-0.118062
20.8600,0.144298,0.116454,-0.116893
20.8700,0.135216,0.117851,-0.115722
20.8800,0.150642,0.119281,-0.114536
20.8900,-0.098462,0.119542,-0.113342
20.9000,-0.078710,0.118656,-0.112151
20.9100,0.289259,0.119708,-0.110959
20.9200,0.366964,0.122990,-0.109746
20.9300,0.750319,0.128576,-0.108488
20.9400,0.885999,0.136758,-0.107161
20.9500,1.184951,0.147112,-0.105742
20.9600,0.883603,0.157455,-0.104219
20.9700,0.515342,0.164450,-0.102609
20.9800,0.128262,0.167668,-0.100949
20.9900,-0.432482,0.166147,-0.099280
21.0000,-1.186267,0.158053,-0.097659
21.0100,-0.927461,0.147484,-0.096131
21.0200,-0.744588,0.139124,-0.094698
21.0300,-0.239742,0.134202,-0.093331
21.0400,-0.600091,0.130003,-0.092010
21.0500,-1.039075,0.121807,-0.090751
21.0600,-1.298866,0.110118,-0.089592
21.0700,-0.995561,0.098646,-0.088548
21.0800,-1.399937,0.086668,-0.087621
21.0900,-1.447437,0.072431,-0.086826
21.1000,-1.351422,0.058437,-0.086171
21.1100,-1.412161,0.044619,-0.085656
21.1200,-0.902370,0.033046,-0.085268
21.1300,-0.439852,0.026335,-0.084971
21.1400,-0.487229,0.021700,-0.084731
21.1500,-0.518391,0.016672,-0.084539
21.1600,-0.461164,0.011774,-0.084397
21.1700,-0.335086,0.007793,-0.084299
21.1800,-0.035547,0.005940,-0.084230
21.1900,-0.080666,0.005359,-0.084174
21.2000,-0.145025,0.004230,-0.084126
21.2100,-0.245443,0.002278,-0.084093
21.2200,-0.090144,0.000600,-0.084079
21.2300,0.250221,0.001400,-0.084069
21.2400,0.174765,0.003525,-0.084044
21.2500,0.382449,0.006311,-0.083995
21.2600,0.686516,0.011656,-0.083905
21.2700,0.597959,0.018078,-0.083756
21.2800,0.895263,0.025544,-0.083538
21.2900,0.884283,0.034442,-0.083238
21.3000,0.883589,0.043282,-0.082850
21.3100,0.631829,0.050859,-0.082379
21.3200,0.788083,0.057958,-0.081835
21.3300,0.994967,0.066873,-0.081211
21.3400,0.930068,0.076499,-0.080494
21.3500,0.611878,0.084208,-0.079690
21.3600,1.002150,0.092279,-0.078808
21.3700,0.908494,0.101832,-0.077837
21.3800,0.876293,0.110756,-0.076774
21.3900,1.180859,0.121041,-0.075615
21.4000,1.000695,0.131949,-0.074351
21.4100,0.736780,0.140637,-0.072988
21.4200,0.987673,0.149259,-0.071538
21.4300,0.996487,0.159180,-0.069996
21.4400,0.735570,0.167840,-0.068361
21.4500,0.295560,0.172996,-0.066657
21.4600,-0.018173,0.174382,-0.064920
21.4700,-0.365860,0.172462,-0.063186
21.4800,-0.526209,0.168002,-0.061483
21.4900,-0.814332,0.161299,-0.059837
21.5000,-1.034000,0.152058,-0.058270
21.5100,-1.559494,0.139090,-0.056814
21.5200,-1.520262,0.123691,-0.055500
21.5300,-1.246783,0.109856,-0.054333
21.5400,-0.895141,0.099147,-0.053288
21.5500,-0.786737,0.090737,-0.052338
21.5600,-0.657182,0.083518,-0.051467
21.5700,-0.575145,0.077356,-0.050662
21.5800,-0.705750,0.070951,-0.049921
21.5900,-0.095087,0.066947,-0.049231
21.6000,0.190369,0.067424,-0.048560
21.6100,-0.145006,0.067650,-0.047884
21.6200,-0.287554,0.065488,-0.047219
21.6300,-0.468452,0.061708,-0.046583
21.6400,-0.746783,0.055631,-0.045996
21.6500,-1.138848,0.046203,-0.045487
21.6600,-1.299208,0.034013,-0.045086
21.6700,-0.915280,0.022941,-0.044801
21.6800,-0.732882,0.014700,-0.044613
21.6900,-0.124137,0.010415,-0.044487
21.7000,-0.559627,0.006996,-0.044400
21.7100,-1.080088,-0.001203,-0.044371
21.7200,-0.860636,-0.010906,-0.044432
21.7300,-0.784933,-0.019134,-0.044582
21.7400,-0.955304,-0.027835,-0.044817
21.7500,-0.249424,-0.033859,-0.045125
21.7600,-0.175433,-0.035983,-0.045474
21.7700,-0.463852,-0.039180,-0.045850
21.7800,-0.570740,-0.044353,-0.046268
21.7900,-0.308395,-0.048748,-0.046733
21.8000,0.303230,-0.048774,-0.047221
21.8100,0.220590,-0.046155,-0.047696
21.8200,0.391809,-0.043093,-0.048142
21.8300,0.429984,-0.038984,-0.048552
21.8400,0.507419,-0.034297,-0.048919
21.8500,0.477698,-0.029372,-0.049237
21.8600,0.493110,-0.024517,-0.049506
21.8700,0.208701,-0.021008,-0.049734
21.8800,-0.080065,-0.020365,-0.049941
21.8900,-0.105227,-0.021292,-0.050149
21.9000,-0.190842,-0.022772,-0.050369
21.9100,0.041285,-0.023520,-0.050601
21.9200,-0.324362,-0.024935,-0.050843
21.9300,0.259415,-0.025260,-0.051094
21.9400,0.650294,-0.020711,-0.051324
21.9500,0.575183,-0.014584,-0.051501
21.9600,0.255513,-0.010431,-0.051626
21.9700,0.043144,-0.008937,-0.051722
21.9800,0.053036,-0.008456,-0.051809
21.9900,-0.115033,-0.008766,-0.051896
22.0000,0.453703,-0.007073,-0.051975
22.0100,0.035545,-0.004627,-0.052033
22.0200,-0.526801,-0.007083,-0.052092
22.0300,-0.172028,-0.010577,-0.052180
22.0400,0.334041,-0.009767,-0.052282
22.0500,0.203408,-0.007080,-0.052366
22.0600,0.145423,-0.005336,-0.052428
22.0700,0.086650,-0.004175,-0.052476
22.0800,0.085937,-0.003312,-0.052513
22.0900,-0.268575,-0.004226,-0.052551
22.1000,-0.620041,-0.008669,-0.052615
22.1100,-0.318796,-0.013363,-0.052725
22.1200,-0.430262,-0.017108,-0.052878
22.1300,-0.676397,-0.022641,-0.053077
22.1400,-0.995616,-0.031002,-0.053345
22.1500,-0.605107,-0.039005,-0.053695
22.1600,-0.057313,-0.042317,-0.054101
22.1700,0.288179,-0.041163,-0.054519
22.1800,0.095361,-0.039245,-0.054921
22.1900,-0.000372,-0.038770,-0.055311
22.2000,0.140313,-0.038071,-0.055695
22.2100,-0.341221,-0.039075,-0.056081
22.2200,-0.420490,-0.042884,-0.056491
22.2300,-0.215565,-0.046064,-0.056935
22.2400,0.043884,-0.046922,-0.057400
22.2500,0.064531,-0.046380,-0.057867
22.2600,0.342491,-0.044345,-0.058320
22.2700,-0.091027,-0.043088,-0.058758
22.2800,-0.011719,-0.043602,-0.059191
22.2900,0.096275,-0.043179,-0.059625
22.3000,0.521781,-0.040088,-0.060041
22.3100,0.242653,-0.036266,-0.060423
22.3200,-0.131864,-0.035712,-0.060783
22.3300,0.184234,-0.035451,-0.061139
22.3400,0.139666,-0.033831,-0.061485
22.3500,-0.264396,-0.034455,-0.061827
22.3600,-0.438994,-0.037972,-0.062189
22.3700,-0.409029,-0.042212,-0.062590
22.3800,-0.461923,-0.046567,-0.063034
22.3900,-0.168563,-0.049719,-0.063515
22.4000,0.158740,-0.049768,-0.064012
22.4100,0.394055,-0.047004,-0.064496
22.4200,0.642772,-0.041820,-0.064940
22.4300,0.537581,-0.035918,-0.065329
22.4400,0.373165,-0.031364,-0.065665
22.4500,0.339057,-0.027803,-0.065961
22.4600,0.364144,-0.024287,-0.066222
22.4700,0.128201,-0.021826,-0.066452
22.4800,0.339782,-0.019486,-0.066659
22.4900,0.221857,-0.016678,-0.066840
22.5000,0.401136,-0.013563,-0.066991
22.5100,0.647715,-0.008318,-0.067100
22.5200,0.606919,-0.002045,-0.067152
22.5300,0.615512,0.004067,-0.067142
22.5400,0.383981,0.009064,-0.067076
22.5500,0.331214,0.012640,-0.066968
22.5600,0.531296,0.016953,-0.066820
22.5700,0.490766,0.022063,-0.066625
22.5800,0.327082,0.026153,-0.066384
22.5900,0.648073,0.031028,-0.066098
22.6000,0.865830,0.038598,-0.065750
22.6100,0.609302,0.045974,-0.065327
22.6200,0.212320,0.050082,-0.064847
22.6300,0.229690,0.052292,-0.064335
22.6400,-0.101856,0.052931,-0.063809
22.6500,-0.182235,0.051510,-0.063286
22.6600,0.198798,0.051593,-0.062771
22.6700,0.158941,0.053382,-0.062246
22.6800,0.067040,0.054512,-0.061707
22.6900,0.195074,0.055822,-0.061155
22.7000,0.197429,0.057785,-0.060587
22.7100,0.003352,0.058789,-0.060004
22.7200,0.046145,0.059036,-0.059415
22.7300,-0.347511,0.057529,-0.058832
22.7400,-0.614169,0.052721,-0.058281
22.7500,-0.224325,0.048529,-0.057774
22.7600,0.319606,0.049005,-0.057287
22.7700,0.116241,0.051184,-0.056786
22.7800,-0.178915,0.050871,-0.056276
22.7900,0.175867,0.050856,-0.055767
22.8000,0.059126,0.052031,-0.055253
22.8100,-0.232289,0.051165,-0.054737
22.8200,0.042466,0.050216,-0.054230
22.8300,0.365357,0.052255,-0.053717
22.8400,0.659132,0.057377,-0.053169
22.8500,0.468940,0.063018,-0.052567
22.8600,0.661803,0.068671,-0.051909
22.8700,0.492287,0.074442,-0.051193
22.8800,0.452111,0.079164,-0.050425
22.8900,0.600604,0.084427,-0.049607
22.9000,0.462251,0.089742,-0.048736
22.9100,0.425432,0.094180,-0.047817
22.9200,0.361686,0.098116,-0.046855
22.9300,0.398717,0.101918,-0.045855
22.9400,0.345509,0.105639,-0.044817
22.9500,0.174258,0.108238,-0.043748
22.9600,0.153750,0.109878,-0.042657
22.9700,0.137771,0.111335,-0.041551
22.9800,0.404012,0.114044,-0.040424
22.9900,0.639618,0.119262,-0.039258
23.0000,0.529934,0.125110,-0.038036
23.0100,0.141193,0.128466,-0.036768
23.0200,0.058899,0.129466,-0.035478
23.0300,0.178286,0.130652,-0.034178
23.0400,0.569975,0.134393,-0.032853
23.0500,0.801139,0.141249,-0.031474
23.0600,0.775181,0.149131,-0.030023
23.0700,0.464477,0.155329,-0.028500
23.0800,0.406965,0.159686,-0.026925
23.0900,0.386908,0.163655,-0.025308
23.1000,0.412424,0.167652,-0.023652
23.1100,0.035571,0.169892,-0.021964
23.1200,-0.099168,0.169574,-0.020267
23.1300,-0.198412,0.168086,-0.018579
23.1400,-0.445382,0.164867,-0.016914
23.1500,-0.585953,0.159710,-0.015291
23.1600,-0.827026,0.152646,-0.013729
23.1700,-0.958812,0.143716,-0.012247
23.1800,-0.997292,0.133936,-0.010859
23.1900,-1.383939,0.122030,-0.009579
23.2000,-1.456191,0.107829,-0.008430
23.2100,-1.156124,0.094768,-0.007417
23.2200,-1.006444,0.083955,-0.006523
23.2300,-0.869651,0.074574,-0.005731
23.2400,-0.925044,0.065601,-0.005030
23.2500,-1.041785,0.055767,-0.004423
23.2600,-1.203450,0.044540,-0.003921
23.2700,-0.836621,0.034340,-0.003527
23.2800,-0.742586,0.026444,-0.003223
23.2900,-0.471854,0.020372,-0.002989
23.3000,-0.097757,0.017524,-0.002800
23.3100,0.085225,0.017461,-0.002625
23.3200,0.119904,0.018487,-0.002445
23.3300,0.218973,0.020181,-0.002252
23.3400,0.124507,0.021899,-0.002041
23.3500,-0.236108,0.021341,-0.001825
23.3600,-0.619468,0.017063,-0.001633
23.3700,-0.385411,0.012038,-0.001487
23.3800,-0.238569,0.008918,-0.001383
23.3900,-0.310855,0.006171,-0.001307
23.4000,-0.170317,0.003765,-0.001258
23.4100,0.360920,0.004718,-0.001215
23.4200,0.387400,0.008460,-0.001149
23.4300,0.169325,0.011244,-0.001051
23.4400,0.357197,0.013876,-0.000925
23.4500,0.339118,0.017358,-0.000769
23.4600,0.103480,0.019571,-0.000584
23.4700,0.007470,0.020126,-0.000386
23.4800,0.109817,0.020712,-0.000182
23.4900,-0.104109,0.020741,0.000026
23.5000,-0.050125,0.019969,0.000229
23.5100,-0.160154,0.018918,0.000424
23.5200,-0.148415,0.017375,0.000605
23.5300,-0.086390,0.016201,0.000773
23.5400,-0.102121,0.015259,0.000930
23.5500,-0.356925,0.012963,0.001071
23.5600,-0.153189,0.010413,0.001188
23.5700,0.080460,0.010049,0.001291
23.5800,0.224625,0.011575,0.001399
23.5900,0.253071,0.013963,0.001526
23.6000,-0.037359,0.015042,0.001671
23.6100,0.294123,0.016325,0.001828
23.6200,0.355034,0.019571,0.002008
23.6300,0.420878,0.023451,0.002223
23.6400,0.483019,0.027970,0.002480
23.6500,0.521609,0.032993,0.002785
23.6600,0.585410,0.038528,0.003142
23.6700,0.535598,0.044133,0.003556
23.6800,0.565384,0.049638,0.004025
23.6900,0.410884,0.054520,0.004545
23.7000,0.288645,0.058017,0.005108
23.7100,0.529225,0.062107,0.005709
23.7200,0.631041,0.067908,0.006359
23.7300,0.679709,0.074462,0.007071
23.7400,0.866043,0.082191,0.007854
23.7500,0.757095,0.090306,0.008716
23.7600,0.619408,0.097189,0.009654
23.7700,0.461845,0.102595,0.010653
23.7800,0.783359,0.108821,0.011710
23.7900,1.121477,0.118345,0.012846
23.8000,1.076686,0.129336,0.014084
23.8100,1.096625,0.140203,0.015432
23.8200,1.081941,0.151095,0.016888
23.8300,1.061743,0.161814,0.018453
23.8400,1.184194,0.173044,0.020127
23.8500,1.085836,0.184394,0.021914
23.8600,0.936927,0.194508,0.023809
23.8700,0.597220,0.202178,0.025792
23.8800,0.278835,0.206559,0.027836
23.8900,0.631576,0.211111,0.029924
23.9000,0.564799,0.217092,0.032065
23.9100,0.357377,0.221703,0.034259
23.9200,0.615124,0.226566,0.036501
23.9300,0.445309,0.231868,0.038793
23.9400,0.586396,0.237027,0.041137
23.9500,0.185962,0.240888,0.043527
23.9600,0.198393,0.242810,0.045945
23.9700,0.393387,0.245769,0.048388
23.9800,0.506732,0.250270,0.050868
23.9900,0.681044,0.256208,0.053401
24.0000,0.329888,0.261263,0.055988
24.0100,0.287311,0.264349,0.058616
24.0200,0.264372,0.267108,0.061273
24.0300,0.085610,0.268857,0.063953
24.0400,-0.430083,0.267135,0.066633
24.0500,-0.501171,0.262479,0.069281
24.0600,-0.995729,0.254994,0.071869
24.0700,-1.299161,0.243520,0.074361
24.0800,-1.293308,0.230558,0.076732
24.0900,-0.892715,0.219627,0.078983
24.1000,-0.733345,0.211497,0.081138
24.1100,-0.845277,0.203604,0.083214
24.1200,-1.173413,0.193511,0.085199
24.1300,-1.562527,0.179831,0.087066
24.1400,-1.485032,0.164593,0.088788
24.1500,-1.552503,0.149405,0.090358
24.1600,-1.142749,0.135929,0.091785
24.1700,-1.223362,0.124099,0.093085
24.1800,-1.225494,0.111854,0.094265
24.1900,-1.136170,0.100046,0.095324
24.2000,-1.208457,0.088323,0.096266
24.2100,-0.812662,0.078217,0.097099
24.2200,-0.390051,0.072204,0.097851
24.2300,-0.483276,0.067837,0.098551
24.2400,-0.136417,0.064739,0.099214
24.2500,-0.705191,0.060531,0.099840
24.2600,-0.945534,0.052277,0.100404
24.2700,-1.157188,0.041763,0.100874
24.2800,-1.299187,0.029481,0.101231
24.2900,-1.250803,0.016731,0.101462
24.3000,-1.226899,0.004343,0.101567
24.3100,-1.115746,-0.007370,0.101552
24.3200,-0.839611,-0.017147,0.101429
24.3300,-0.886542,-0.025778,0.101215
24.3400,-1.193408,-0.036178,0.100905
24.3500,-1.183441,-0.048062,0.100484
24.3600,-1.281861,-0.060388,0.099942
24.3700,-1.235737,-0.072976,0.099275
24.3800,-1.116601,-0.084738,0.098486
24.3900,-0.880066,-0.094721,0.097589
24.4000,-0.427002,-0.101257,0.096609
24.4100,-0.337887,-0.105081,0.095577
24.4200,-0.484802,-0.109195,0.094506
24.4300,-0.669459,-0.114966,0.093385
24.4400,-0.748799,-0.122057,0.092200
24.4500,-0.613146,-0.128867,0.090945
24.4600,-0.150063,-0.132683,0.089638
24.4700,-0.020486,-0.133536,0.088306
24.4800,-0.072451,-0.134000,0.086969
24.4900,-0.315878,-0.135942,0.085619
24.5000,-0.353591,-0.139289,0.084243
24.5100,-0.305513,-0.142585,0.082834
24.5200,-0.309839,-0.145662,0.081392
24.5300,0.305942,-0.145681,0.079936
24.5400,0.639583,-0.140954,0.078502
24.5500,0.555813,-0.134977,0.077123
24.5600,0.190196,-0.131246,0.075792
24.5700,0.036172,-0.130115,0.074485
24.5800,0.364634,-0.128111,0.073194
24.5900,0.488456,-0.123845,0.071934
24.6000,1.088193,-0.115962,0.070735
24.6100,1.112454,-0.104959,0.069630
24.6200,1.141173,-0.093691,0.068637
24.6300,1.360591,-0.081182,0.067763
24.6400,1.270404,-0.068027,0.067017
24.6500,1.465272,-0.054348,0.066405
24.6600,1.289496,-0.040575,0.065930
24.6700,1.152279,-0.028366,0.065585
24.6800,0.743545,-0.018887,0.065349
24.6900,0.715573,-0.011591,0.065197
24.7000,0.577177,-0.005127,0.065113
24.7100,0.199942,-0.001242,0.065081
24.7200,0.078937,0.000153,0.065076
24.7300,0.102592,0.001060,0.065082
24.7400,0.089059,0.002019,0.065097
24.7500,0.089943,0.002914,0.065122
24.7600,-0.301019,0.001858,0.065146
24.7700,-0.203325,-0.000663,0.065152
24.7800,-0.178718,-0.002574,0.065136
24.7900,-0.290720,-0.004921,0.065098
24.8000,-0.524261,-0.008996,0.065029
24.8100,-0.677550,-0.015005,0.064909
24.8200,-0.492672,-0.020856,0.064729
24.8300,-0.604534,-0.026342,0.064493
24.8400,-0.330184,-0.031015,0.064207
24.8500,-0.484150,-0.035087,0.063876
24.8600,-0.347458,-0.039245,0.063504
24.8700,-0.259100,-0.042278,0.063097
24.8800,-0.162251,-0.044385,0.062663
24.8900,-0.459170,-0.047492,0.062204
24.9000,-0.373944,-0.051657,0.061708
24.9100,-0.469781,-0.055876,0.061171
24.9200,-0.959797,-0.063024,0.060576
24.9300,-0.877440,-0.072210,0.059900
24.9400,-0.825121,-0.080723,0.059135
24.9500,-0.694173,-0.088319,0.058290
24.9600,-0.695241,-0.095266,0.057372
24.9700,-0.652211,-0.102004,0.056386
24.9800,-0.823806,-0.109384,0.055329
24.9900,-0.993661,-0.118471,0.054190
25.0000,-0.830732,-0.127593,0.052959
25.0100,-0.885034,-0.136172,0.051641
25.0200,-0.742238,-0.144308,0.050238
25.0300,-0.679913,-0.151419,0.048759
25.0400,-0.249250,-0.156065,0.047222
25.0500,0.050226,-0.157060,0.045656
25.0600,0.095062,-0.156334,0.044089
25.0700,0.189296,-0.154912,0.042533
25.0800,0.116719,-0.153382,0.040992
25.0900,-0.164616,-0.153621,0.039457
25.1000,-0.233552,-0.155612,0.037911
25.1100,-0.261730,-0.158088,0.036342
25.1200,-0.287260,-0.160833,0.034747
25.1300,-0.145445,-0.162997,0.033128
25.1400,-0.331898,-0.165384,0.031486
25.1500,-0.204739,-0.168067,0.029819
25.1600,-0.178199,-0.169982,0.028129
25.1700,-0.374891,-0.172747,0.026415
25.1800,-0.421393,-0.176728,0.024668
25.1900,-0.498459,-0.181328,0.022878
25.2000,-0.430509,-0.185972,0.021041
25.2100,-0.264581,-0.189448,0.019164
25.2200,-0.289597,-0.192219,0.017256
25.2300,-0.293184,-0.195133,0.015319
25.2400,-0.128419,-0.197241,0.013357
25.2500,-0.241989,-0.199093,0.011375
25.2600,-0.054078,-0.200573,0.009377
25.2700,-0.162396,-0.201655,0.007366
25.2800,-0.363537,-0.204285,0.005336
25.2900,-0.186606,-0.207036,0.003280
25.3000,-0.060396,-0.208271,0.001203
25.3100,0.076741,-0.208189,-0.000879
25.3200,-0.249442,-0.209053,-0.002965
25.3300,-0.218046,-0.211390,-0.005068
25.3400,-0.192377,-0.213442,-0.007192
25.3500,-0.143717,-0.215123,-0.009335
25.3600,0.112527,-0.215279,-0.011487
25.3700,0.006032,-0.214686,-0.013636
25.3800,-0.089855,-0.215105,-0.015785
25.3900,-0.060406,-0.215856,-0.017940
25.4000,-0.178961,-0.217053,-0.020105
25.4100,-0.417090,-0.220033,-0.022290
25.4200,-0.382955,-0.224034,-0.024511
25.4300,-0.269487,-0.227296,-0.026767
25.4400,-0.335069,-0.230319,-0.029055
25.4500,-0.139250,-0.232690,-0.031370
25.4600,-0.030294,-0.233538,-0.033701
25.4700,-0.172417,-0.234551,-0.036042
25.4800,-0.179897,-0.236313,-0.038396
25.4900,-0.030381,-0.237364,-0.040765
25.5000,-0.323476,-0.239134,-0.043147
25.5100,-0.384177,-0.242672,-0.045556
25.5200,-0.420149,-0.246694,-0.048003
25.5300,-0.339311,-0.250491,-0.050489
25.5400,-0.349374,-0.253934,-0.053011
25.5500,-0.228185,-0.256822,-0.055565
25.5600,-0.080818,-0.258367,-0.058141
25.5700,0.510943,-0.256216,-0.060714
25.5800,0.510995,-0.251107,-0.063250
25.5900,0.599240,-0.245556,-0.065734
25.6000,0.615651,-0.239481,-0.068159
25.6100,0.432447,-0.234241,-0.070527
25.6200,0.655566,-0.228801,-0.072843
25.6300,0.816093,-0.221442,-0.075094
25.6400,0.868337,-0.213020,-0.077266
25.6500,0.901813,-0.204169,-0.079352
25.6600,0.936073,-0.194980,-0.081348
25.6700,1.029402,-0.185153,-0.083248
25.6800,0.986958,-0.175071,-0.085050
25.6900,1.138181,-0.164445,-0.086747
25.7000,1.188363,-0.152812,-0.088333
25.7100,1.284477,-0.140448,-0.089800
25.7200,1.330635,-0.127373,-0.091139
25.7300,1.299496,-0.114222,-0.092347
25.7400,1.189687,-0.101776,-0.093427
25.7500,0.877930,-0.091438,-0.094393
25.7600,0.652265,-0.083787,-0.095269
25.7700,0.571546,-0.077668,-0.096076
25.7800,0.679043,-0.071415,-0.096822
25.7900,0.635162,-0.064844,-0.097503
25.8000,0.642331,-0.058457,-0.098119
25.8100,0.466300,-0.052913,-0.098676
25.8200,0.419948,-0.048482,-0.099183
25.8300,0.599394,-0.043385,-0.099643
25.8400,0.647806,-0.037149,-0.100045
25.8500,0.480596,-0.031507,-0.100389
25.8600,0.573725,-0.026236,-0.100677
25.8700,0.387100,-0.021432,-0.100916
25.8800,0.410231,-0.017445,-0.101110
25.8900,0.337009,-0.013709,-0.101266
25.9000,0.440443,-0.009822,-0.101383
25.9100,0.494289,-0.005148,-0.101458
25.9200,0.480669,-0.000273,-0.101485
25.9300,0.435403,0.004307,-0.101465
25.9400,0.231030,0.007639,-0.101405
25.9500,0.244135,0.010015,-0.101317
25.9600,0.225506,0.012363,-0.101205
25.9700,0.325770,0.015120,-0.101068
25.9800,0.128917,0.017393,-0.100905
25.9900,0.014530,0.018110,-0.100728
26.0000,-0.167084,0.017348,-0.100551
26.0100,-0.020459,0.016410,-0.100382
26.0200,-0.100252,0.015806,-0.100221
26.0300,-0.004073,0.015285,-0.100065
26.0400,-0.347331,0.013528,-0.099921
26.0500,-0.440380,0.009589,-0.099806
26.0600,-0.370983,0.005532,-0.099730
26.0700,-0.468192,0.001337,-0.099696
26.0800,-0.542195,-0.003715,-0.099707
26.0900,-0.691427,-0.009883,-0.099775
26.1000,-0.616863,-0.016425,-0.099907
26.1100,-0.467157,-0.021845,-0.100098
26.1200,-0.452969,-0.026446,-0.100340
26.1300,-0.477244,-0.031097,-0.100628
26.1400,-0.458628,-0.035776,-0.100962
26.1500,-0.326662,-0.039703,-0.101339
26.1600,0.012793,-0.041272,-0.101744
26.1700,0.125863,-0.040579,-0.102153
26.1800,0.295166,-0.038473,-0.102549
26.1900,0.442314,-0.034786,-0.102915
26.2000,0.335277,-0.030898,-0.103243
26.2100,0.381163,-0.027316,-0.103534
26.2200,0.578718,-0.022516,-0.103784
26.2300,0.511924,-0.017063,-0.103982
26.2400,0.236332,-0.013322,-0.104133
26.2500,0.134277,-0.011469,-0.104257
26.2600,0.265147,-0.009472,-0.104362
26.2700,0.185452,-0.007219,-0.104446
26.2800,0.139259,-0.005595,-0.104510
26.2900,0.244092,-0.003679,-0.104556
26.3000,0.392857,-0.000494,-0.104577
26.3100,0.430928,0.003625,-0.104561
26.3200,0.563578,0.008598,-0.104500
26.3300,0.956871,0.016200,-0.104376
26.3400,1.215144,0.027060,-0.104160
26.3500,1.112499,0.038698,-0.103831
26.3600,0.980672,0.049164,-0.103392
26.3700,0.860479,0.058370,-0.102854
26.3800,0.730241,0.066323,-0.102231
26.3900,0.649232,0.073221,-0.101533
26.4000,0.578834,0.079361,-0.100770
26.4100,0.622478,0.085368,-0.099946
26.4200,0.725111,0.092106,-0.099059
26.4300,0.526814,0.098365,-0.098107
26.4400,0.544368,0.103721,-0.097096
26.4500,0.163201,0.107259,-0.096041
26.4600,-0.037666,0.107887,-0.094966
26.4700,-0.146485,0.106966,-0.093891
26.4800,-0.433293,0.104067,-0.092836
26.4900,-0.473811,0.099532,-0.091818
26.5000,-0.285675,0.095734,-0.090842
26.5100,-0.501434,0.091799,-0.089904
26.5200,-0.669350,0.085945,-0.089015
26.5300,-0.561014,0.079793,-0.088187
26.5400,-0.658034,0.073698,-0.087419
26.5500,-0.788531,0.066465,-0.086718
26.5600,-0.885755,0.058093,-0.086096
26.5700,-0.932284,0.049003,-0.085560
26.5800,-0.969158,0.039496,-0.085118
26.5900,-0.900555,0.030147,-0.084769
26.6000,-0.677672,0.022256,-0.084507
26.6100,-0.458077,0.016577,-0.084313
26.6200,-0.306971,0.012752,-0.084167
26.6300,-0.559498,0.008420,-0.084061
26.6400,-0.765620,0.001794,-0.084010
26.6500,-0.687269,-0.005470,-0.084028
26.6600,-0.766077,-0.012737,-0.084119
26.6700,-0.414907,-0.018642,-0.084276
26.6800,-0.274980,-0.022091,-0.084480
26.6900,-0.562417,-0.026278,-0.084722
26.7000,-0.816691,-0.033174,-0.085019
26.7100,-0.344678,-0.038981,-0.085380
26.7200,-0.037086,-0.040889,-0.085779
26.7300,0.170482,-0.040222,-0.086184
26.7400,0.160312,-0.038568,-0.086578
26.7500,0.122266,-0.037156,-0.086957
26.7600,0.322051,-0.034934,-0.087317
26.7700,0.290847,-0.031870,-0.087651
26.7800,0.081219,-0.030009,-0.087961
26.7900,0.223802,-0.028484,-0.088253
26.8000,0.174189,-0.026494,-0.088528
26.8100,0.192069,-0.024663,-0.088784
26.8200,0.490016,-0.021252,-0.089014
26.8300,0.247544,-0.017565,-0.089208
26.8400,0.174349,-0.015455,-0.089373
26.8500,0.310523,-0.013031,-0.089515
26.8600,0.446275,-0.009247,-0.089627
26.8700,0.243939,-0.005796,-0.089702
26.8800,0.250022,-0.003326,-0.089747
26.8900,0.168508,-0.001233,-0.089770
26.9000,0.185115,0.000535,-0.089774
26.9100,0.277881,0.002850,-0.089757
26.9200,0.068631,0.004582,-0.089720
26.9300,-0.136181,0.004245,-0.089676
26.9400,-0.312278,0.002002,-0.089644
26.9500,-0.121632,-0.000167,-0.089635
26.9600,-0.330943,-0.002430,-0.089648
26.9700,-0.167325,-0.004921,-0.089685
26.9800,0.254244,-0.004487,-0.089732
26.9900,0.178638,-0.002322,-0.089766
27.0000,0.146702,-0.000696,-0.089781
27.0100,-0.073747,-0.000331,-0.089786
27.0200,0.024417,-0.000578,-0.089791
27.0300,-0.158520,-0.001248,-0.089800
27.0400,-0.239190,-0.003237,-0.089822
27.0500,-0.190085,-0.005383,-0.089865
27.0600,-0.175543,-0.007211,-0.089928
27.0700,-0.095997,-0.008569,-0.090007
27.0800,-0.238354,-0.010241,-0.090101
27.0900,0.129986,-0.010782,-0.090206
27.1000,0.297064,-0.008647,-0.090304
27.1100,0.205124,-0.006136,-0.090377
27.1200,0.210014,-0.004061,-0.090428
27.1300,0.207912,-0.001971,-0.090459
27.1400,0.145362,-0.000205,-0.090469
27.1500,0.190534,0.001475,-0.090463
27.1600,0.495423,0.004905,-0.090431
27.1700,0.459078,0.009677,-0.090358
27.1800,0.594604,0.014946,-0.090235
27.1900,0.563401,0.020736,-0.090057
27.2000,0.266642,0.024886,-0.089829
27.2100,0.317867,0.027808,-0.089565
27.2200,0.102163,0.029909,-0.089277
27.2300,-0.225536,0.029292,-0.088981
27.2400,-0.133757,0.027495,-0.088697
27.2500,-0.035596,0.026648,-0.088426
27.2600,0.039504,0.026668,-0.088159
27.2700,-0.082701,0.026452,-0.087894
27.2800,-0.178608,0.025145,-0.087636
27.2900,-0.146617,0.023519,-0.087392
27.3000,-0.125440,0.022159,-0.087164
27.3100,-0.421481,0.019424,-0.086956
27.3200,-0.623277,0.014201,-0.086788
27.3300,-0.505835,0.008555,-0.086674
27.3400,-0.447323,0.003789,-0.086613
27.3500,-0.611222,-0.001503,-0.086601
27.3600,-0.589259,-0.007506,-0.086646
27.3700,-0.710975,-0.014007,-0.086754
27.3800,-0.769687,-0.021410,-0.086931
27.3900,-0.601743,-0.028268,-0.087179
27.4000,-0.581399,-0.034183,-0.087491
27.4100,-0.611723,-0.040149,-0.087863
27.4200,-0.493953,-0.045677,-0.088292
27.4300,-0.436534,-0.050330,-0.088772
27.4400,-0.354495,-0.054285,-0.089295
27.4500,-0.187673,-0.056996,-0.089852
27.4600,-0.069334,-0.058281,-0.090428
27.4700,0.048053,-0.058387,-0.091011
27.4800,0.005395,-0.058120,-0.091594
27.4900,0.019050,-0.057998,-0.092175
27.5000,0.066157,-0.057572,-0.092752
27.5100,0.213648,-0.056173,-0.093321
27.5200,0.184831,-0.054180,-0.093873
27.5300,0.051122,-0.053000,-0.094409
27.5400,0.168023,-0.051905,-0.094933
27.5500,0.234582,-0.049892,-0.095442
27.5600,0.502030,-0.046209,-0.095923
27.5700,0.628339,-0.040557,-0.096357
27.5800,0.489512,-0.034967,-0.096734
27.5900,0.230387,-0.031368,-0.097066
27.6000,0.273912,-0.028846,-0.097367
27.6100,0.428148,-0.025336,-0.097638
27.6200,0.166399,-0.022363,-0.097876
27.6300,0.071677,-0.021173,-0.098094
27.6400,-0.082883,-0.021229,-0.098306
27.6500,-0.055904,-0.021923,-0.098522
27.6600,-0.037470,-0.022390,-0.098743
27.6700,0.039302,-0.022381,-0.098967
27.6800,0.035435,-0.022007,-0.099189
27.6900,-0.010215,-0.021881,-0.099409
27.7000,-0.106650,-0.022465,-0.099630
27.7100,-0.237917,-0.024188,-0.099864
27.7200,-0.268512,-0.026720,-0.100118
27.7300,-0.425873,-0.030192,-0.100403
27.7400,-0.531709,-0.034980,-0.100729
27.7500,-0.346875,-0.039373,-0.101100
27.7600,-0.163874,-0.041927,-0.101507
27.7700,-0.277866,-0.044135,-0.101937
27.7800,-0.252326,-0.046786,-0.102392
27.7900,-0.199847,-0.049047,-0.102871
27.8000,-0.067176,-0.050382,-0.103368
27.8100,0.100634,-0.050215,-0.103871
27.8200,0.273622,-0.048344,-0.104364
27.8300,0.173682,-0.046107,-0.104836
27.8400,0.111462,-0.044682,-0.105290
27.8500,0.138294,-0.043433,-0.105731
27.8600,0.572758,-0.039878,-0.106147
27.8700,0.556054,-0.034233,-0.106518
27.8800,0.561691,-0.028645,-0.106832
27.8900,0.289219,-0.024390,-0.107097
27.9000,0.212983,-0.021879,-0.107329
27.9100,0.194126,-0.019844,-0.107537
27.9200,0.258279,-0.017582,-0.107724
27.9300,0.466026,-0.013960,-0.107882
27.9400,0.363497,-0.009812,-0.108001
27.9500,0.168765,-0.007151,-0.108086
27.9600,0.263715,-0.004989,-0.108147
27.9700,0.159793,-0.002871,-0.108186
27.9800,0.295451,-0.000595,-0.108203
27.9900,0.174185,0.001753,-0.108197
28.0000,0.077112,0.003010,-0.108174
28.0100,-0.040352,0.003193,-0.108143
28.0200,-0.113612,0.002424,-0.108114
28.0300,-0.234940,0.000681,-0.108099
28.0400,-0.103095,-0.001009,-0.108101
28.0500,-0.166165,-0.002356,-0.108117
28.0600,-0.338112,-0.004877,-0.108154
28.0700,-0.530996,-0.009223,-0.108224
28.0800,-0.474901,-0.014252,-0.108341
28.0900,-0.462101,-0.018937,-0.108507
28.1000,-0.687184,-0.024683,-0.108726
28.1100,-0.639215,-0.031315,-0.109006
28.1200,-0.674705,-0.037885,-0.109352
28.1300,-0.563294,-0.044075,-0.109761
28.1400,-0.404684,-0.048915,-0.110226
28.1500,-0.149729,-0.051687,-0.110729
28.1600,-0.191967,-0.053395,-0.111255
28.1700,-0.062896,-0.054670,-0.111795
28.1800,-0.138695,-0.055678,-0.112347
28.1900,-0.216910,-0.057456,-0.112912
28.2000,-0.233149,-0.059706,-0.113498
28.2100,0.028147,-0.060731,-0.114100
28.2200,-0.098765,-0.061084,-0.114709
28.2300,-0.035518,-0.061756,-0.115324
28.2400,-0.162587,-0.062746,-0.115946
28.2500,-0.061628,-0.063867,-0.116579
28.2600,0.078568,-0.063782,-0.117218
28.2700,0.259701,-0.062091,-0.117847
28.2800,0.358004,-0.059003,-0.118452
28.2900,0.402156,-0.055202,-0.119023
28.3000,0.381910,-0.051281,-0.119556
28.3100,0.615126,-0.046296,-0.120044
28.3200,0.622325,-0.040109,-0.120476
28.3300,0.700685,-0.033494,-0.120844
28.3400,0.683679,-0.026572,-0.121144
28.3500,0.675902,-0.019774,-0.121376
28.3600,0.577051,-0.013510,-0.121542
28.3700,0.675160,-0.007248,-0.121646
28.3800,0.767040,-0.000037,-0.121682
28.3900,0.707776,0.007337,-0.121646
28.4000,0.865893,0.015205,-0.121533
28.4100,0.795915,0.023514,-0.121340
28.4200,0.690343,0.030945,-0.121067
28.4300,0.668068,0.037737,-0.120724
28.4400,0.711734,0.044636,-0.120312
28.4500,0.744929,0.051920,-0.119829
28.4600,0.665182,0.058970,-0.119275
28.4700,0.574042,0.065166,-0.118654
28.4800,0.395781,0.070015,-0.117978
28.4900,0.398491,0.073987,-0.117258
28.5000,0.434799,0.078153,-0.116498
28.5100,0.573933,0.083197,-0.115691
28.5200,0.337144,0.087752,-0.114836
28.5300,0.130190,0.090089,-0.113947
28.5400,0.051019,0.090995,-0.113041
28.5500,-0.180025,0.090350,-0.112135
28.5600,-0.483533,0.087032,-0.111248
28.5700,-0.473373,0.082248,-0.110401
28.5800,-0.430278,0.077729,-0.109601
28.5900,-0.508694,0.073035,-0.108848
28.6000,-0.574811,0.067617,-0.108144
28.6100,-0.618729,0.061649,-0.107498
28.6200,-0.658504,0.055263,-0.106913
28.6300,-0.525448,0.049343,-0.106390
28.6400,-0.461823,0.044407,-0.105922
28.6500,-0.387781,0.040159,-0.105499
28.6600,-0.452841,0.035956,-0.105118
28.6700,-0.544555,0.030969,-0.104784
28.6800,-0.588662,0.025303,-0.104502
28.6900,-0.415107,0.020284,-0.104274
28.7000,-0.239054,0.017013,-0.104088
28.7100,-0.045447,0.015591,-0.103925
28.7200,-0.152181,0.014603,-0.103774
28.7300,-0.143848,0.013122,-0.103635
28.7400,-0.182999,0.011488,-0.103512
28.7500,-0.174770,0.009699,-0.103406
28.7600,-0.022917,0.008711,-0.103314
28.7700,0.187251,0.009533,-0.103223
28.7800,0.323476,0.012086,-0.103115
28.7900,0.345858,0.015433,-0.102977
28.8000,0.329501,0.018810,-0.102806
28.8100,0.335023,0.022132,-0.102601
28.8200,0.141999,0.024517,-0.102368
28.8300,0.224584,0.026350,-0.102114
28.8400,0.168814,0.028317,-0.101840
28.8500,0.037054,0.029347,-0.101552
28.8600,-0.111567,0.028974,-0.101261
28.8700,-0.151163,0.027660,-0.100977
28.8800,-0.110183,0.026354,-0.100707
28.8900,-0.151584,0.025045,-0.100450
28.9000,0.027432,0.024424,-0.100203
28.9100,0.066465,0.024894,-0.099956
28.9200,-0.068128,0.024885,-0.099708
28.9300,-0.118197,0.023954,-0.099463
28.9400,-0.187423,0.022426,-0.099231
28.9500,-0.191654,0.020530,-0.099017
28.9600,-0.173234,0.018706,-0.098820
28.9700,-0.067946,0.017500,-0.098639
28.9800,0.009188,0.017206,-0.098466
28.9900,0.180741,0.018156,-0.098289
29.0000,0.277290,0.020446,-0.098096
29.0100,0.343315,0.023549,-0.097876
29.0200,0.235407,0.026442,-0.097626
29.0300,0.277613,0.029008,-0.097349
29.0400,0.387145,0.032331,-0.097042
29.0500,0.549408,0.037014,-0.096695
29.0600,0.492218,0.042222,-0.096299
29.0700,0.341422,0.046390,-0.095856
29.0800,0.443287,0.050314,-0.095373
29.0900,0.327617,0.054169,-0.094850
29.1000,0.462018,0.058117,-0.094289
29.1100,0.301535,0.061934,-0.093689
29.1200,0.321959,0.065052,-0.093054
29.1300,-0.016720,0.066578,-0.092396
29.1400,0.005645,0.066523,-0.091730
29.1500,-0.025707,0.066422,-0.091065
29.1600,-0.087609,0.065856,-0.090404
29.1700,0.039174,0.065614,-0.089747
29.1800,0.102702,0.066323,-0.089087
29.1900,-0.046586,0.066604,-0.088422
29.2000,0.055677,0.066649,-0.087756
29.2100,0.177050,0.067813,-0.087084
29.2200,0.226503,0.069830,-0.086395
29.2300,0.240132,0.072164,-0.085685
29.2400,0.251285,0.074621,-0.084952
29.2500,0.302636,0.077390,-0.084192
29.2600,0.332949,0.080568,-0.083402
29.2700,0.409119,0.084279,-0.082577
29.2800,0.282164,0.087735,-0.081717
29.2900,0.174327,0.090017,-0.080829
29.3000,0.188233,0.091830,-0.079919
29.3100,0.217199,0.093857,-0.078991
29.3200,0.105537,0.095471,-0.078044
29.3300,0.128452,0.096641,-0.077084
29.3400,-0.085118,0.096858,-0.076116
29.3500,-0.176438,0.095550,-0.075154
29.3600,-0.143194,0.093952,-0.074207
29.3700,-0.347142,0.091500,-0.073279
29.3800,-0.361926,0.087955,-0.072382
29.3900,-0.428229,0.084004,-0.071522
29.4000,-0.269571,0.080515,-0.070700
29.4100,-0.158789,0.078373,-0.069905
29.4200,-0.242557,0.076366,-0.069132
29.4300,-0.197489,0.074166,-0.068379
29.4400,-0.107063,0.072643,-0.067645
29.4500,-0.070294,0.071757,-0.066923
29.4600,-0.240416,0.070203,-0.066213
29.4700,-0.277287,0.067615,-0.065524
29.4800,-0.386146,0.064297,-0.064865
29.4900,-0.355238,0.060591,-0.064240
29.5000,-0.248270,0.057573,-0.063649
29.5100,-0.287272,0.054895,-0.063087
29.5200,-0.355837,0.051680,-0.062554
29.5300,-0.435214,0.047724,-0.062057
29.5400,-0.271714,0.044190,-0.061597
29.5500,-0.362286,0.041020,-0.061171
29.5600,-0.663485,0.035891,-0.060787
29.5700,-0.662585,0.029261,-0.060461
29.5800,-0.745096,0.022222,-0.060204
29.5900,-0.738760,0.014803,-0.060019
29.6000,-0.654925,0.007835,-0.059905
29.6100,-0.598996,0.001565,-0.059858
29.6200,-0.512551,-0.003993,-0.059870
29.6300,-0.380084,-0.008456,-0.059933
29.6400,-0.476099,-0.012737,-0.060039
29.6500,-0.420635,-0.017221,-0.060188
29.6600,-0.314258,-0.020895,-0.060379
29.6700,-0.238888,-0.023661,-0.060602
29.6800,-0.093196,-0.025321,-0.060847
29.6900,0.174085,-0.024917,-0.061098
29.7000,0.236635,-0.022863,-0.061337
29.7100,0.300860,-0.020176,-0.061552
29.7200,0.225120,-0.017546,-0.061741
29.7300,0.300784,-0.014916,-0.061903
29.7400,0.407213,-0.011376,-0.062034
29.7500,0.383974,-0.007420,-0.062128
29.7600,0.191593,-0.004542,-0.062188
29.7700,0.257156,-0.002299,-0.062222
29.7800,0.280165,0.000388,-0.062232
29.7900,0.078326,0.002180,-0.062219
29.8000,0.045402,0.002799,-0.062194
29.8100,0.097505,0.003513,-0.062163
29.8200,0.141198,0.004707,-0.062122
29.8300,0.170993,0.006268,-0.062067
29.8400,0.173037,0.007988,-0.061995
29.8500,0.141399,0.009560,-0.061908
29.8600,0.161296,0.011074,-0.061805
29.8700,0.179571,0.012778,-0.061685
29.8800,0.108104,0.014216,-0.061550
29.8900,-0.006023,0.014727,-0.061406
29.9000,-0.038647,0.014504,-0.061259
29.9100,0.015330,0.014387,-0.061115
29.9200,0.005121,0.014489,-0.060971
29.9300,-0.244975,0.013290,-0.060832
29.9400,-0.183432,0.011148,-0.060709
29.9500,-0.119565,0.009633,-0.060606
29.9600,-0.003978,0.009015,-0.060512
29.9700,0.067509,0.009333,-0.060421
29.9800,0.070907,0.010025,-0.060324
29.9900,0.002109,0.010390,-0.060222
30.0000,-0.116156,0.009820,-0.060121
30.0100,-0.031961,0.009079,-0.060026
30.0200,-0.013428,0.008852,-0.059937
30.0300,0.253910,0.010055,-0.059842
30.0400,0.314332,0.012896,-0.059727
30.0500,0.280035,0.015868,-0.059583
30.0600,0.237493,0.018455,-0.059412
30.0700,0.174987,0.020518,-0.059217
30.0800,-0.041962,0.021183,-0.059008
30.0900,-0.144942,0.020248,-0.058801
30.1000,-0.130915,0.018869,-0.058606
30.1100,-0.188100,0.017274,-0.058425
30.1200,-0.257717,0.015045,-0.058263
30.1300,-0.167624,0.012918,-0.058124
30.1400,-0.252195,0.010819,-0.058005
30.1500,-0.246704,0.008325,-0.057909
30.1600,-0.268188,0.005750,-0.057839
30.1700,-0.273249,0.003043,-0.057795
30.1800,-0.198492,0.000684,-0.057776
30.1900,-0.037080,-0.000494,-0.057775
30.2000,0.004629,-0.000656,-0.057781
30.2100,0.062987,-0.000318,-0.057786
30.2200,-0.005876,-0.000032,-0.057788
30.2300,0.211275,0.000995,-0.057783
30.2400,0.384991,0.003976,-0.057758
30.2500,0.333425,0.007568,-0.057700
30.2600,0.400386,0.011237,-0.057606
30.2700,0.400830,0.015243,-0.057474
30.2800,0.523577,0.019865,-0.057298
30.2900,0.452055,0.024743,-0.057075
30.3000,0.502388,0.029516,-0.056804
30.3100,0.442197,0.034239,-0.056485
30.3200,0.400294,0.038451,-0.056122
30.3300,0.448203,0.042694,-0.055716
30.3400,0.456234,0.047216,-0.055266
30.3500,0.531442,0.052154,-0.054770
30.3600,0.406843,0.056846,-0.054225
30.3700,0.284764,0.060304,-0.053639
30.3800,0.186204,0.062658,-0.053024
30.3900,0.103974,0.064109,-0.052390
30.4000,0.000370,0.064631,-0.051746
30.4100,0.043329,0.064850,-0.051099
30.4200,-0.074975,0.064691,-0.050451
30.4300,-0.107595,0.063778,-0.049809
30.4400,-0.188822,0.062296,-0.049179
30.4500,-0.250316,0.060101,-0.048567
30.4600,-0.230704,0.057696,-0.047978
30.4700,-0.254990,0.055267,-0.047413
30.4800,-0.248752,0.052748,-0.046873
30.4900,-0.100494,0.051002,-0.046354
30.5000,-0.133433,0.049833,-0.045850
30.5100,-0.001689,0.049157,-0.045355
30.5200,0.034060,0.049319,-0.044863
30.5300,0.018611,0.049582,-0.044368
30.5400,0.047010,0.049910,-0.043871
30.5500,0.003630,0.050163,-0.043370
30.5600,0.065453,0.050509,-0.042867
30.5700,0.029145,0.050982,-0.042359
30.5800,0.027346,0.051264,-0.041848
30.5900,0.074111,0.051772,-0.041333
30.6000,0.093167,0.052608,-0.040811
30.6100,-0.092770,0.052610,-0.040285
30.6200,-0.074441,0.051774,-0.039763
30.6300,-0.025137,0.051276,-0.039248
30.6400,-0.087399,0.050713,-0.038738
30.6500,-0.058628,0.049983,-0.038234
30.6600,0.175746,0.050569,-0.037732
30.6700,0.263744,0.052766,-0.037215
30.6800,0.184432,0.055007,-0.036676
30.6900,0.198460,0.056922,-0.036116
30.7000,0.148930,0.058659,-0.035539
30.7100,0.169553,0.060251,-0.034944
30.7200,0.382040,0.063009,-0.034328
30.7300,0.408328,0.066961,-0.033678
30.7400,0.342631,0.070716,-0.032989
30.7500,0.255376,0.073706,-0.032267
30.7600,0.071875,0.075342,-0.031522
30.7700,-0.053802,0.075432,-0.030768
30.7800,-0.107591,0.074625,-0.030018
30.7900,-0.076893,0.073703,-0.029276
30.8000,-0.039904,0.073119,-0.028542
30.8100,-0.171860,0.072060,-0.027816
30.8200,-0.172563,0.070338,-0.027104
30.8300,-0.177289,0.068589,-0.026410
30.8400,-0.203443,0.066685,-0.025733
30.8500,-0.064997,0.065343,-0.025073
30.8600,-0.153524,0.064250,-0.024425
30.8700,-0.079495,0.063085,-0.023789
30.8800,-0.129964,0.062038,-0.023163
30.8900,-0.401963,0.059378,-0.022556
30.9000,-0.578765,0.054474,-0.021987
30.9100,-0.537974,0.048891,-0.021470
30.9200,-0.458657,0.043908,-0.021006
30.9300,-0.418620,0.039521,-0.020589
30.9400,-0.426381,0.035296,-0.020215
30.9500,-0.481082,0.030759,-0.019884
30.9600,-0.365945,0.026524,-0.019598
30.9700,-0.291146,0.023238,-0.019349
30.9800,-0.226817,0.020649,-0.019130
30.9900,-0.239305,0.018318,-0.018935
31.0000,-0.283632,0.015703,-0.018765
31.0100,-0.273892,0.012916,-0.018622
31.0200,-0.141021,0.010841,-0.018503
31.0300,-0.196763,0.009152,-0.018403
31.0400,-0.106611,0.007635,-0.018319
31.0500,-0.058299,0.006811,-0.018247
31.0600,-0.148523,0.005777,-0.018184
31.0700,-0.134069,0.004364,-0.018133
31.0800,-0.200479,0.002691,-0.018098
31.0900,-0.213462,0.000621,-0.018081
31.1000,-0.098267,-0.000937,-0.018083
31.1100,-0.051598,-0.001687,-0.018096
31.1200,-0.118638,-0.002538,-0.018117
31.1300,-0.258483,-0.004424,-0.018152
31.1400,-0.383843,-0.007635,-0.018212
31.1500,-0.496373,-0.012036,-0.018310
31.1600,-0.431796,-0.016677,-0.018454
31.1700,-0.337749,-0.020525,-0.018640
31.1800,-0.260266,-0.023515,-0.018860
31.1900,-0.251972,-0.026076,-0.019108
31.2000,-0.126159,-0.027967,-0.019378
31.2100,-0.188653,-0.029541,-0.019666
31.2200,-0.176786,-0.031368,-0.019971
31.2300,-0.069237,-0.032598,-0.020290
31.2400,0.018440,-0.032852,-0.020618
31.2500,0.012282,-0.032699,-0.020945
31.2600,-0.012380,-0.032699,-0.021272
31.2700,-0.007544,-0.032799,-0.021600
31.2800,-0.104318,-0.033358,-0.021931
31.2900,-0.128726,-0.034523,-0.022270
31.3000,-0.150755,-0.035921,-0.022622
31.3100,-0.108790,-0.037218,-0.022988
31.3200,-0.087377,-0.038199,-0.023365
31.3300,-0.162375,-0.039448,-0.023753
31.3400,-0.019293,-0.040356,-0.024152
31.3500,0.095222,-0.039977,-0.024554
31.3600,0.217533,-0.038413,-0.024946
31.3700,0.220057,-0.036225,-0.025319
31.3800,0.276984,-0.033740,-0.025669
31.3900,0.298177,-0.030864,-0.025992
31.4000,0.337417,-0.027686,-0.026285
31.4100,0.473111,-0.023633,-0.026541
31.4200,0.377735,-0.019379,-0.026756
31.4300,0.325768,-0.015861,-0.026933
31.4400,0.292653,-0.012769,-0.027076
31.4500,0.148460,-0.010564,-0.027192
31.4600,0.192476,-0.008859,-0.027289
31.4700,0.196775,-0.006913,-0.027368
31.4800,0.179662,-0.005031,-0.027428
31.4900,0.168577,-0.003289,-0.027470
31.5000,0.231781,-0.001288,-0.027493
31.5100,0.209671,0.000920,-0.027494
31.5200,0.159462,0.002765,-0.027476
31.5300,0.158914,0.004357,-0.027440
31.5400,0.144290,0.005873,-0.027389
31.5500,0.165288,0.007421,-0.027323
31.5600,0.215964,0.009327,-0.027239
31.5700,0.258370,0.011699,-0.027134
31.5800,0.232986,0.014156,-0.027005
31.5900,0.114932,0.015895,-0.026854
31.6000,0.181957,0.017380,-0.026688
31.6100,0.070317,0.018641,-0.026508
31.6200,0.004270,0.019014,-0.026320
31.6300,0.142542,0.019748,-0.026126
31.6400,0.202620,0.021474,-0.025920
31.6500,0.139713,0.023186,-0.025696
31.6600,0.028492,0.024027,-0.025460
31.6700,0.012806,0.024233,-0.025219
31.6800,-0.029832,0.024148,-0.024977
31.6900,-0.100481,0.023496,-0.024739
31.7000,-0.180682,0.022091,-0.024511
31.7100,-0.083329,0.020771,-0.024297
31.7200,-0.111587,0.019796,-0.024094
31.7300,-0.004806,0.019214,-0.023899
31.7400,0.141368,0.019897,-0.023703
31.7500,0.224429,0.021726,-0.023495
31.7600,0.200568,0.023851,-0.023267
31.7700,0.282037,0.026264,-0.023017
31.7800,0.243699,0.028892,-0.022741
31.7900,0.331637,0.031769,-0.022437
31.8000,0.360469,0.035230,-0.022103
31.8100,0.334051,0.038702,-0.021733
31.8200,0.288129,0.041813,-0.021330
31.8300,0.284213,0.044675,-0.020898
31.8400,0.301305,0.047602,-0.020436
31.8500,0.222383,0.050221,-0.019947
31.8600,0.227084,0.052468,-0.019434
31.8700,0.234447,0.054776,-0.018898
31.8800,0.172934,0.056813,-0.018340
31.8900,0.058826,0.057972,-0.017766
31.9000,0.009503,0.058313,-0.017184
31.9100,-0.114420,0.057789,-0.016604
31.9200,-0.224334,0.056095,-0.016034
31.9300,-0.246568,0.053740,-0.015485
31.9400,-0.375339,0.050631,-0.014963
31.9500,-0.280893,0.047350,-0.014474
31.9600,-0.287001,0.044510,-0.014014
31.9700,-0.287505,0.041638,-0.013583
31.9800,-0.295405,0.038723,-0.013182
31.9900,-0.126121,0.036616,-0.012805
32.0000,-0.031025,0.035830,-0.012443
32.0100,-0.079779,0.035276,-0.012087
32.0200,-0.077119,0.034491,-0.011738
32.0300,-0.141414,0.033399,-0.011399
32.0400,-0.193844,0.031722,-0.011073
32.0500,-0.137925,0.030063,-0.010764
32.0600,-0.117057,0.028789,-0.010470
32.0700,-0.155510,0.027426,-0.010189
32.0800,-0.216074,0.025568,-0.009924
32.0900,-0.158095,0.023697,-0.009678
32.1000,-0.021402,0.022799,-0.009445
32.1100,-0.065629,0.022364,-0.009219
32.1200,-0.058257,0.021745,-0.008999
32.1300,-0.067047,0.021118,-0.008785
32.1400,-0.100199,0.020282,-0.008578
32.1500,-0.091642,0.019323,-0.008380
32.1600,-0.029695,0.018716,-0.008189
32.1700,0.053950,0.018838,-0.008002
32.1800,0.187677,0.020046,-0.007807
32.1900,0.048148,0.021225,-0.007601
32.2000,0.019238,0.021562,-0.007387
32.2100,-0.000711,0.021654,-0.007171
32.2200,0.001507,0.021658,-0.006954
32.2300,0.024563,0.021789,-0.006737
32.2400,0.090759,0.022365,-0.006516
32.2500,0.066447,0.023151,-0.006289
32.2600,0.015819,0.023563,-0.006055
32.2700,0.007248,0.023678,-0.005819
32.2800,0.038962,0.023909,-0.005581
32.2900,0.018283,0.024195,-0.005340
32.3000,-0.091926,0.023827,-0.005100
32.3100,-0.125762,0.022739,-0.004868
32.3200,-0.141986,0.021400,-0.004647
32.3300,-0.218172,0.019599,-0.004442
32.3400,-0.245060,0.017283,-0.004257
32.3500,-0.248844,0.014813,-0.004097
32.3600,-0.245527,0.012342,-0.003961
32.3700,-0.202332,0.010102,-0.003849
32.3800,-0.164626,0.008267,-0.003757
32.3900,-0.085928,0.007015,-0.003681
32.4000,-0.104208,0.006064,-0.003615
32.4100,0.057384,0.005830,-0.003556
32.4200,-0.059231,0.005821,-0.003498
32.4300,-0.197627,0.004536,-0.003446
32.4400,-0.214912,0.002474,-0.003411
32.4500,-0.159023,0.000604,-0.003395
32.4600,-0.161697,-0.001000,-0.003397
32.4700,-0.249819,-0.003057,-0.003418
32.4800,-0.101677,-0.004815,-0.003457
32.4900,-0.109280,-0.005869,-0.003510
32.5000,-0.116257,-0.006997,-0.003575
32.5100,-0.021279,-0.007685,-0.003648
32.5200,-0.074246,-0.008162,-0.003727
32.5300,-0.118174,-0.009125,-0.003814
32.5400,-0.091304,-0.010172,-0.003910
32.5500,-0.070270,-0.010980,-0.004016
32.5600,-0.157733,-0.012120,-0.004132
32.5700,-0.127153,-0.013544,-0.004260
32.5800,-0.060899,-0.014485,-0.004400
32.5900,-0.066786,-0.015123,-0.004548
32.6000,-0.113432,-0.016024,-0.004704
32.6100,-0.066645,-0.016924,-0.004869
32.6200,0.006845,-0.017223,-0.005039
32.6300,-0.020990,-0.017294,-0.005212
32.6400,-0.065684,-0.017727,-0.005387
32.6500,-0.111376,-0.018613,-0.005569
32.6600,-0.103752,-0.019688,-0.005760
32.6700,-0.061355,-0.020514,-0.005961
32.6800,0.038190,-0.020630,-0.006167
32.6900,0.013458,-0.020372,-0.006372
32.7000,0.041551,-0.020097,-0.006574
32.7100,0.002905,-0.019874,-0.006774
32.7200,0.042819,-0.019646,-0.006972
32.7300,0.114303,-0.018860,-0.007164
32.7400,0.067941,-0.017949,-0.007348
32.7500,0.114706,-0.017036,-0.007523
32.7600,0.084683,-0.016039,-0.007689
32.7700,0.098542,-0.015122,-0.007844
32.7800,0.148289,-0.013888,-0.007989
32.7900,0.147310,-0.012410,-0.008121
32.8000,0.237251,-0.010488,-0.008235
32.8100,0.177992,-0.008411,-0.008330
32.8200,0.103019,-0.007006,-0.008407
32.8300,0.030719,-0.006338,-0.008474
32.8400,0.022952,-0.006069,-0.008536
32.8500,0.033282,-0.005788,-0.008595
32.8600,-0.158010,-0.006412,-0.008656
32.8700,-0.078785,-0.007596,-0.008726
32.8800,-0.086550,-0.008422,-0.008806
32.8900,-0.078640,-0.009248,-0.008894
32.9000,-0.152376,-0.010403,-0.008993
32.9100,-0.148284,-0.011907,-0.009104
32.9200,-0.105481,-0.013175,-0.009230
32.9300,-0.196338,-0.014685,-0.009369
32.9400,-0.245967,-0.016896,-0.009527
32.9500,-0.190695,-0.019079,-0.009707
32.9600,-0.166198,-0.020864,-0.009907
32.9700,-0.184391,-0.022617,-0.010124
32.9800,-0.089400,-0.023986,-0.010357
32.9900,-0.051138,-0.024688,-0.010600
33.0000,-0.108021,-0.025484,-0.010851
33.0100,-0.031051,-0.026180,-0.011109
33.0200,0.107200,-0.025799,-0.011369
33.0300,0.128919,-0.024618,-0.011621
33.0400,0.119409,-0.023377,-0.011861
33.0500,0.103867,-0.022260,-0.012090
33.0600,0.056239,-0.021460,-0.012308
33.0700,0.086472,-0.020746,-0.012519
33.0800,0.050706,-0.020060,-0.012723
33.0900,-0.035615,-0.019985,-0.012923
33.1000,-0.014771,-0.020237,-0.013125
33.1100,-0.096033,-0.020791,-0.013330
33.1200,-0.067718,-0.021609,-0.013542
33.1300,-0.180336,-0.022850,-0.013764
33.1400,-0.244387,-0.024973,-0.014003
33.1500,-0.069387,-0.026542,-0.014261
33.1600,0.004911,-0.026865,-0.014528
33.1700,-0.016356,-0.026922,-0.014797
33.1800,0.047518,-0.026766,-0.015065
33.1900,0.075783,-0.026150,-0.015330
33.2000,0.079265,-0.025374,-0.015587
33.2100,0.058480,-0.024686,-0.015838
33.2200,0.137887,-0.023704,-0.016080
33.2300,0.151758,-0.022256,-0.016309
33.2400,0.152074,-0.020736,-0.016524
33.2500,0.181600,-0.019068,-0.016723
33.2600,0.182332,-0.017248,-0.016905
33.2700,0.152015,-0.015577,-0.017069
33.2800,0.118423,-0.014224,-0.017218
33.2900,-0.003873,-0.013652,-0.017357
33.3000,-0.154296,-0.014442,-0.017498
33.3100,-0.111420,-0.015771,-0.017649
33.3200,-0.211600,-0.017386,-0.017815
33.3300,-0.264404,-0.019766,-0.018001
33.3400,-0.192896,-0.022053,-0.018210
33.3500,-0.183168,-0.023933,-0.018440
33.3600,-0.185756,-0.025778,-0.018688
33.3700,-0.248630,-0.027950,-0.018957
33.3800,-0.206537,-0.030225,-0.019248
33.3900,-0.204253,-0.032279,-0.019560
33.4000,-0.242483,-0.034513,-0.019894
33.4100,-0.185173,-0.036651,-0.020250
33.4200,-0.101594,-0.038085,-0.020624
33.4300,-0.080145,-0.038994,-0.021009
33.4400,-0.032711,-0.039558,-0.021402
33.4500,-0.110523,-0.040274,-0.021801
33.4600,-0.038412,-0.041019,-0.022207
33.4700,-0.046307,-0.041443,-0.022620
33.4800,0.008103,-0.041634,-0.023035
33.4900,-0.021838,-0.041702,-0.023452
33.5000,0.032856,-0.041647,-0.023869
33.5100,0.014852,-0.041409,-0.024284
33.5200,0.039060,-0.041139,-0.024697
33.5300,0.074830,-0.040570,-0.025105
33.5400,0.027969,-0.040056,-0.025508
33.5500,0.018648,-0.039823,-0.025908
33.5600,0.031686,-0.039571,-0.026305
33.5700,0.050668,-0.039159,-0.026698
33.5800,0.043792,-0.038687,-0.027087
33.5900,0.004688,-0.038444,-0.027473
33.6000,-0.128140,-0.039062,-0.027861
33.6100,-0.149317,-0.040449,-0.028258
33.6200,-0.131906,-0.041855,-0.028670
33.6300,-0.140314,-0.043216,-0.029095
33.6400,-0.197321,-0.044904,-0.029536
33.6500,-0.267129,-0.047227,-0.029996
33.6600,-0.160923,-0.049367,-0.030479
33.6700,-0.083693,-0.050590,-0.030979
33.6800,-0.103239,-0.051525,-0.031490
33.6900,-0.234087,-0.053211,-0.032013
33.7000,-0.148331,-0.055123,-0.032555
33.7100,-0.128903,-0.056509,-0.033113
33.7200,-0.082727,-0.057568,-0.033684
33.7300,-0.008281,-0.058023,-0.034261
33.7400,0.028089,-0.057924,-0.034841
33.7500,0.125222,-0.057157,-0.035417
33.7600,0.191230,-0.055575,-0.035980
33.7700,0.248267,-0.053377,-0.036525
33.7800,0.266245,-0.050805,-0.037046
33.7900,0.246415,-0.048241,-0.037541
33.8000,0.297258,-0.045523,-0.038010
33.8100,0.287532,-0.042599,-0.038451
33.8200,0.254607,-0.039888,-0.038863
33.8300,0.191313,-0.037659,-0.039251
33.8400,0.182283,-0.035791,-0.039618
33.8500,0.096808,-0.034395,-0.039969
33.8600,-0.032693,-0.034075,-0.040311
33.8700,-0.000827,-0.034242,-0.040653
33.8800,0.021699,-0.034138,-0.040995
33.8900,0.066351,-0.033698,-0.041334
33.9000,0.105840,-0.032837,-0.041667
33.9100,0.045167,-0.032082,-0.041991
33.9200,0.028396,-0.031714,-0.042310
33.9300,0.051575,-0.031314,-0.042625
33.9400,0.049595,-0.030808,-0.042936
33.9500,0.001010,-0.030555,-0.043243
33.9600,-0.072114,-0.030911,-0.043550
33.9700,-0.117776,-0.031860,-0.043864
33.9800,-0.014269,-0.032520,-0.044186
33.9900,0.020128,-0.032491,-0.044511
34.0000,0.049143,-0.032145,-0.044834
34.0100,0.194105,-0.030929,-0.045149
34.0200,0.196891,-0.028974,-0.045449
34.0300,0.196734,-0.027005,-0.045729
34.0400,0.102077,-0.025511,-0.045991
34.0500,-0.017650,-0.025089,-0.046244
34.0600,-0.076521,-0.025560,-0.046498
34.0700,-0.042829,-0.026157,-0.046756
34.0800,-0.021964,-0.026481,-0.047020
34.0900,-0.056815,-0.026875,-0.047286
34.1000,-0.089365,-0.027606,-0.047559
34.1100,-0.047997,-0.028292,-0.047838
34.1200,-0.003757,-0.028551,-0.048122
34.1300,-0.051567,-0.028828,-0.048409
34.1400,0.011639,-0.029027,-0.048699
34.1500,0.032945,-0.028805,-0.048988
34.1600,-0.046750,-0.028874,-0.049276
34.1700,-0.051343,-0.029364,-0.049567
34.1800,-0.046681,-0.029854,-0.049863
34.1900,-0.003243,-0.030104,-0.050163
34.2000,0.034753,-0.029946,-0.050463
34.2100,0.049455,-0.029525,-0.050761
34.2200,0.185844,-0.028349,-0.051050
34.2300,0.176133,-0.026539,-0.051325
34.2400,0.098997,-0.025163,-0.051583
34.2500,0.079511,-0.024271,-0.051830
34.2600,0.120755,-0.023269,-0.052068
34.2700,0.032565,-0.022503,-0.052297
34.2800,0.018738,-0.022246,-0.052521
34.2900,-0.018877,-0.022247,-0.052743
34.3000,-0.068174,-0.022682,-0.052968
34.3100,-0.034497,-0.023196,-0.053197
34.3200,-0.016646,-0.023451,-0.053430
34.3300,-0.032353,-0.023696,-0.053666
34.3400,0.022902,-0.023743,-0.053903
34.3500,-0.017320,-0.023716,-0.054141
34.3600,0.024061,-0.023682,-0.054378
34.3700,0.012984,-0.023497,-0.054613
34.3800,0.002835,-0.023418,-0.054848
34.3900,0.041680,-0.023195,-0.055081
34.4000,0.081141,-0.022581,-0.055310
34.4100,0.044549,-0.021952,-0.055533
34.4200,-0.055539,-0.022007,-0.055752
34.4300,-0.154198,-0.023056,-0.055978
34.4400,-0.199471,-0.024824,-0.056217
34.4500,-0.154412,-0.026594,-0.056474
34.4600,-0.153722,-0.028134,-0.056748
34.4700,-0.108025,-0.029443,-0.057036
34.4800,-0.027949,-0.030123,-0.057334
34.4900,-0.067863,-0.030602,-0.057637
34.5000,-0.070507,-0.031294,-0.057947
34.5100,-0.080100,-0.032047,-0.058263
34.5200,0.045496,-0.032220,-0.058585
34.5300,0.106715,-0.031459,-0.058903
34.5400,0.138843,-0.030231,-0.059212
34.5500,0.136570,-0.028854,-0.059507
34.5600,0.112051,-0.027611,-0.059789
34.5700,0.120313,-0.026449,-0.060060
34.5800,0.182568,-0.024935,-0.060317
34.5900,0.192429,-0.023060,-0.060557
34.6000,0.196560,-0.021115,-0.060777
34.6100,0.209554,-0.019084,-0.060978
34.6200,0.154977,-0.017262,-0.061160
34.6300,0.067305,-0.016150,-0.061327
34.6400,0.138566,-0.015121,-0.061484
34.6500,0.108204,-0.013887,-0.061629
34.6600,0.058515,-0.013053,-0.061763
34.6700,0.139987,-0.012061,-0.061889
34.6800,0.126200,-0.010730,-0.062003
34.6900,0.031750,-0.009940,-0.062106
34.7000,0.016711,-0.009698,-0.062204
34.7100,0.109978,-0.009064,-0.062298
34.7200,0.172657,-0.007651,-0.062382
34.7300,0.215392,-0.005711,-0.062449
34.7400,0.160325,-0.003832,-0.062496
34.7500,0.071882,-0.002671,-0.062529
34.7600,-0.043974,-0.002532,-0.062555
34.7700,-0.048263,-0.002993,-0.062582
34.7800,0.024784,-0.003110,-0.062613
34.7900,0.024679,-0.002863,-0.062643
34.8000,0.062744,-0.002426,-0.062669
34.8100,-0.048433,-0.002354,-0.062693
34.8200,0.029866,-0.002447,-0.062717
34.8300,0.058751,-0.002004,-0.062739
34.8400,-0.013163,-0.001776,-0.062758
34.8500,0.119942,-0.001242,-0.062773
34.8600,0.115290,-0.000066,-0.062780
34.8700,0.140541,0.001213,-0.062774
34.8800,0.020194,0.002017,-0.062758
34.8900,0.081358,0.002524,-0.062735
34.9000,0.126317,0.003563,-0.062705
34.9100,0.165246,0.005021,-0.062662
34.9200,0.194918,0.006821,-0.062603
34.9300,0.284998,0.009221,-0.062523
34.9400,0.376317,0.012527,-0.062414
34.9500,0.448207,0.016650,-0.062268
34.9600,0.271571,0.020249,-0.062083
34.9700,0.169582,0.022455,-0.061870
34.9800,0.170328,0.024154,-0.061637
34.9900,0.196412,0.025988,-0.061386
35.0000,0.244864,0.028194,-0.061115
35.0100,0.200182,0.030420,-0.060822
35.0200,0.098498,0.031913,-0.060511
35.0300,0.098102,0.032896,-0.060187
35.0400,0.082447,0.033799,-0.059853
35.0500,0.044583,0.034434,-0.059512
35.0600,0.014746,0.034731,-0.059166
35.0700,0.011300,0.034861,-0.058818
35.0800,-0.002035,0.034907,-0.058469
35.0900,-0.060300,0.034595,-0.058122
35.1000,-0.065871,0.033965,-0.057779
35.1100,-0.119242,0.033039,-0.057444
35.1200,-0.105729,0.031914,-0.057119
35.1300,-0.058207,0.031094,-0.056804
35.1400,-0.079259,0.030407,-0.056497
35.1500,-0.120684,0.029407,-0.056198
35.1600,-0.100205,0.028303,-0.055909
35.1700,-0.154968,0.027027,-0.055632
35.1800,-0.222521,0.025140,-0.055372
35.1900,-0.201297,0.023021,-0.055131
35.2000,-0.222687,0.020901,-0.054911
35.2100,-0.185066,0.018862,-0.054712
35.2200,-0.146387,0.017205,-0.054532
35.2300,-0.122862,0.015858,-0.054367
35.2400,-0.106298,0.014713,-0.054214
35.2500,-0.043674,0.013963,-0.054070
35.2600,-0.049626,0.013496,-0.053933
35.2700,-0.125714,0.012620,-0.053803
35.2800,-0.137173,0.011305,-0.053683
35.2900,-0.195465,0.009642,-0.053578
35.3000,-0.201795,0.007656,-0.053492
35.3100,-0.173089,0.005781,-0.053425
35.3200,-0.156609,0.004133,-0.053375
35.3300,-0.074130,0.002979,-0.053339
35.3400,-0.077219,0.002222,-0.053313
35.3500,-0.097075,0.001351,-0.053296
35.3600,0.010568,0.000918,-0.053284
35.3700,0.046245,0.001202,-0.053274
35.3800,0.009653,0.001482,-0.053260
35.3900,0.026539,0.001663,-0.053244
35.4000,0.086635,0.002229,-0.053225
35.4100,0.174611,0.003535,-0.053196
35.4200,0.201327,0.005415,-0.053151
35.4300,0.241951,0.007631,-0.053086
35.4400,0.297989,0.010331,-0.052996
35.4500,0.323003,0.013436,-0.052878
35.4600,0.289733,0.016499,-0.052728
35.4700,0.309026,0.019493,-0.052548
35.4800,0.242338,0.022250,-0.052339
35.4900,0.228765,0.024605,-0.052105
35.5000,0.214957,0.026824,-0.051848
35.5100,0.125355,0.028526,-0.051571
35.5200,0.078798,0.029546,-0.051281
35.5300,0.008292,0.029982,-0.050983
35.5400,-0.017870,0.029934,-0.050683
35.5500,0.007130,0.029880,-0.050384
35.5600,0.054274,0.030187,-0.050084
35.5700,0.072061,0.030819,-0.049779
35.5800,0.088816,0.031623,-0.049467
35.5900,0.156173,0.032848,-0.049144
35.6000,0.121669,0.034237,-0.048809
35.6100,0.150017,0.035596,-0.048460
35.6200,0.184298,0.037267,-0.048095
35.6300,0.176866,0.039073,-0.047714
35.6400,0.179004,0.040853,-0.047314
35.6500,0.155653,0.042526,-0.046897
35.6600,0.161524,0.044112,-0.046464
35.6700,0.181218,0.045826,-0.046014
35.6800,0.160297,0.047533,-0.045548
35.6900,0.177807,0.049224,-0.045064
35.7000,0.152614,0.050876,-0.044563
35.7100,0.125435,0.052266,-0.044048
35.7200,0.142408,0.053605,-0.043518
35.7300,0.037751,0.054506,-0.042978
35.7400,0.015237,0.054771,-0.042431
35.7500,0.070553,0.055200,-0.041881
35.7600,0.052170,0.055813,-0.041326
35.7700,0.048129,0.056315,-0.040766
35.7800,0.036720,0.056739,-0.040200
35.7900,0.106455,0.057455,-0.039630
35.8000,0.098349,0.058479,-0.039050
35.8100,0.088493,0.059413,-0.038460
35.8200,0.074847,0.060230,-0.037862
35.8300,0.033965,0.060774,-0.037257
35.8400,0.047625,0.061182,-0.036647
35.8500,0.049271,0.061667,-0.036033
35.8600,0.023619,0.062031,-0.035415
35.8700,-0.036598,0.061966,-0.034795
35.8800,-0.011084,0.061728,-0.034176
35.8900,0.047684,0.061911,-0.033558
35.9000,0.044816,0.062373,-0.032937
35.9100,0.031666,0.062756,-0.032311
35.9200,0.007468,0.062951,-0.031682
35.9300,0.008236,0.063030,-0.031052
35.9400,0.046774,0.063305,-0.030421
35.9500,0.065162,0.063865,-0.029785
35.9600,0.075411,0.064567,-0.029143
35.9700,0.059714,0.065243,-0.028494
35.9800,0.092650,0.066005,-0.027838
35.9900,0.068126,0.066809,-0.027173
36.0000,0.024502,0.067272,-0.026503
36.0100,-0.025028,0.067269,-0.025830
36.0200,-0.105087,0.066619,-0.025161
36.0300,-0.101271,0.065587,-0.024500
36.0400,-0.130366,0.064429,-0.023850
36.0500,-0.173786,0.062908,-0.023213
36.0600,-0.155798,0.061260,-0.022592
36.0700,-0.117239,0.059895,-0.021986
36.0800,-0.135067,0.058633,-0.021394
36.0900,-0.179580,0.057060,-0.020815
36.1000,-0.216402,0.055080,-0.020255
36.1100,-0.216642,0.052915,-0.019715
36.1200,-0.171577,0.050974,-0.019195
36.1300,-0.158689,0.049322,-0.018694
36.1400,-0.163919,0.047709,-0.018209
36.1500,-0.188964,0.045945,-0.017740
36.1600,-0.141393,0.044293,-0.017289
36.1700,-0.124394,0.042964,-0.016853
36.1800,-0.203570,0.041324,-0.016431
36.1900,-0.185784,0.039378,-0.016028
36.2000,-0.239581,0.037251,-0.015645
36.2100,-0.219562,0.034955,-0.015284
36.2200,-0.273374,0.032490,-0.014947
36.2300,-0.315141,0.029548,-0.014636
36.2400,-0.366193,0.026141,-0.014358
36.2500,-0.383215,0.022394,-0.014115
36.2600,-0.312211,0.018917,-0.013909
36.2700,-0.262077,0.016046,-0.013734
36.2800,-0.269850,0.013386,-0.013587
36.2900,-0.253834,0.010768,-0.013466
36.3000,-0.227973,0.008359,-0.013370
36.3100,-0.240916,0.006014,-0.013298
36.3200,-0.234163,0.003639,-0.013250
36.3300,-0.276687,0.001084,-0.013227
36.3400,-0.234585,-0.001472,-0.013228
36.3500,-0.294765,-0.004119,-0.013256
36.3600,-0.277954,-0.006982,-0.013312
36.3700,-0.246605,-0.009605,-0.013395
36.3800,-0.239699,-0.012037,-0.013503
36.3900,-0.212946,-0.014300,-0.013635
36.4000,-0.203492,-0.016382,-0.013788
36.4100,-0.243902,-0.018619,-0.013963
36.4200,-0.226605,-0.020972,-0.014161
36.4300,-0.159278,-0.022901,-0.014380
36.4400,-0.068279,-0.024039,-0.014615
36.4500,0.011833,-0.024321,-0.014857
36.4600,0.034323,-0.024090,-0.015099
36.4700,0.070986,-0.023564,-0.015337
36.4800,0.173311,-0.022342,-0.015567
36.4900,0.217630,-0.020387,-0.015780
36.5000,0.238988,-0.018104,-0.015973
36.5100,0.220219,-0.015808,-0.016143
36.5200,0.214588,-0.013634,-0.016290
36.5300,0.207080,-0.011526,-0.016416
36.5400,0.151218,-0.009734,-0.016522
36.5500,0.112529,-0.008416,-0.016613
36.5600,0.063227,-0.007537,-0.016692
36.5700,0.077685,-0.006832,-0.016764
36.5800,0.039385,-0.006247,-0.016830
36.5900,0.062581,-0.005737,-0.016889
36.6000,0.138855,-0.004730,-0.016942
36.6100,0.109777,-0.003487,-0.016983
36.6200,0.086115,-0.002507,-0.017013
36.6300,0.123481,-0.001459,-0.017033
36.6400,0.113872,-0.000273,-0.017041
36.6500,0.041344,0.000503,-0.017040
36.6600,0.042139,0.000921,-0.017033
36.6700,-0.004737,0.001108,-0.017023
36.6800,-0.061489,0.000777,-0.017014
36.6900,-0.076354,0.000088,-0.017009
36.7000,-0.042406,-0.000506,-0.017011
36.7100,0.008985,-0.000673,-0.017017
36.7200,-0.023077,-0.000744,-0.017024
36.7300,-0.011075,-0.000915,-0.017033
36.7400,-0.030650,-0.001123,-0.017043
36.7500,-0.048118,-0.001517,-0.017056
36.7600,-0.040368,-0.001959,-0.017073
36.7700,-0.032238,-0.002323,-0.017095
36.7800,-0.077340,-0.002870,-0.017121
36.7900,-0.052878,-0.003521,-0.017153
36.8000,-0.089710,-0.004234,-0.017191
36.8100,-0.073412,-0.005050,-0.017238
36.8200,-0.025112,-0.005543,-0.017291
36.8300,0.047396,-0.005431,-0.017346
36.8400,0.106394,-0.004662,-0.017396
36.8500,0.110355,-0.003579,-0.017437
36.8600,0.124444,-0.002405,-0.017467
36.8700,0.081366,-0.001376,-0.017486
36.8800,0.115725,-0.000390,-0.017495
36.8900,0.072941,0.000553,-0.017494
36.9000,-0.013813,0.000849,-0.017487
36.9100,-0.005148,0.000754,-0.017479
36.9200,0.032193,0.000889,-0.017471
36.9300,0.007551,0.001088,-0.017461
36.9400,0.043730,0.001344,-0.017449
36.9500,0.127225,0.002199,-0.017431
36.9600,0.211242,0.003892,-0.017401
36.9700,0.229940,0.006097,-0.017351
36.9800,0.233631,0.008415,-0.017278
36.9900,0.212165,0.010644,-0.017183
37.0000,0.167824,0.012544,-0.017067
37.0100,0.131047,0.014039,-0.016934
37.0200,0.113171,0.015260,-0.016788
37.0300,0.077606,0.016214,-0.016630
37.0400,0.070225,0.016953,-0.016464
37.0500,0.129057,0.017949,-0.016290
37.0600,0.158414,0.019387,-0.016103
37.0700,0.189585,0.021127,-0.015901
37.0800,0.163507,0.022892,-0.015681
37.0900,0.095527,0.024187,-0.015445
37.1000,0.121488,0.025272,-0.015198
37.1100,0.053954,0.026149,-0.014941
37.1200,-0.016959,0.026334,-0.014678
37.1300,-0.004102,0.026229,-0.014416
37.1400,-0.053329,0.025942,-0.014155
37.1500,-0.060654,0.025372,-0.013898
37.1600,-0.071372,0.024712,-0.013648
37.1700,-0.135894,0.023676,-0.013406
37.1800,-0.154950,0.022221,-0.013176
37.1900,-0.152608,0.020684,-0.012962
37.2000,-0.100738,0.019417,-0.012761
37.2100,-0.030015,0.018763,-0.012570
37.2200,-0.015012,0.018538,-0.012384
37.2300,-0.037148,0.018277,-0.012200
37.2400,-0.010012,0.018041,-0.012018
37.2500,-0.007113,0.017956,-0.011838
37.2600,0.014562,0.017993,-0.011658
37.2700,0.052062,0.018326,-0.011477
37.2800,0.047809,0.018825,-0.011291
37.2900,0.052019,0.019325,-0.011100
37.3000,0.056742,0.019868,-0.010904
37.3100,-0.013262,0.020086,-0.010705
37.3200,-0.015580,0.019942,-0.010504
37.3300,0.006812,0.019898,-0.010305
37.3400,0.041101,0.020137,-0.010105
37.3500,0.035718,0.020521,-0.009902
37.3600,-0.051764,0.020441,-0.009697
37.3700,0.007440,0.020220,-0.009494
37.3800,-0.020746,0.020153,-0.009292
37.3900,0.009584,0.020097,-0.009091
37.4000,-0.086942,0.019710,-0.008892
37.4100,-0.121072,0.018670,-0.008700
37.4200,-0.161127,0.017259,-0.008520
37.4300,-0.192494,0.015491,-0.008356
37.4400,-0.132550,0.013866,-0.008209
37.4500,-0.083249,0.012787,-0.008076
37.4600,-0.041340,0.012164,-0.007951
37.4700,-0.047131,0.011722,-0.007832
37.4800,-0.030935,0.011331,-0.007717
37.4900,-0.013347,0.011110,-0.007605
37.5000,-0.026518,0.010911,-0.007494
37.5100,-0.031750,0.010619,-0.007387
37.5200,-0.022163,0.010350,-0.007282
37.5300,-0.051935,0.009979,-0.007180
37.5400,-0.092762,0.009256,-0.007084
37.5500,-0.079405,0.008395,-0.006996
37.5600,-0.058083,0.007707,-0.006915
37.5700,-0.033136,0.007251,-0.006841
37.5800,0.007734,0.007124,-0.006769
37.5900,-0.011991,0.007103,-0.006698
37.6000,0.029922,0.007193,-0.006626
37.6100,-0.023240,0.007226,-0.006554
37.6200,0.016721,0.007194,-0.006482
37.6300,0.037750,0.007466,-0.006409
37.6400,0.037562,0.007842,-0.006332
37.6500,0.006164,0.008061,-0.006252
37.6600,-0.032887,0.007928,-0.006173
37.6700,-0.028049,0.007623,-0.006095
37.6800,-0.035516,0.007305,-0.006020
37.6900,-0.042557,0.006915,-0.005949
37.7000,-0.043333,0.006485,-0.005882
37.7100,-0.048933,0.006024,-0.005820
37.7200,-0.007896,0.005740,-0.005761
37.7300,-0.047258,0.005464,-0.005705
37.7400,-0.117205,0.004642,-0.005654
37.7500,-0.108189,0.003515,-0.005613
37.7600,-0.109146,0.002428,-0.005584
37.7700,-0.134356,0.001210,-0.005565
37.7800,-0.102136,0.000028,-0.005559
37.7900,-0.056482,-0.000765,-0.005563
37.8000,-0.025034,-0.001173,-0.005573
37.8100,-0.024929,-0.001422,-0.005586
37.8200,-0.019388,-0.001644,-0.005601
37.8300,-0.037654,-0.001929,-0.005619
37.8400,0.000807,-0.002114,-0.005639
37.8500,0.006967,-0.002075,-0.005660
37.8600,0.005162,-0.002014,-0.005680
37.8700,-0.001185,-0.001994,-0.005700
37.8800,-0.074896,-0.002375,-0.005722
37.8900,-0.103632,-0.003267,-0.005751
37.9000,-0.052248,-0.004047,-0.005787
37.9100,-0.022448,-0.004420,-0.005829
37.9200,0.041062,-0.004327,-0.005873
37.9300,0.022088,-0.004011,-0.005915
37.9400,-0.009214,-0.003947,-0.005955
37.9500,-0.034711,-0.004166,-0.005995
37.9600,-0.063788,-0.004659,-0.006039
37.9700,-0.101828,-0.005487,-0.006090
37.9800,-0.087538,-0.006434,-0.006150
37.9900,-0.096616,-0.007355,-0.006219
38.0000,-0.051084,-0.008093,-0.006296
38.0100,-0.041820,-0.008558,-0.006379
38.0200,-0.028507,-0.008909,-0.006466
38.0300,-0.035217,-0.009228,-0.006557
38.0400,-0.035581,-0.009582,-0.006651
38.0500,-0.031372,-0.009917,-0.006749
38.0600,-0.031999,-0.010234,-0.006849
38.0700,-0.060887,-0.010698,-0.006954
38.0800,-0.059904,-0.011302,-0.007064
38.0900,-0.074497,-0.011974,-0.007180
38.1000,-0.065189,-0.012672,-0.007304
38.1100,-0.037134,-0.013184,-0.007433
38.1200,-0.000158,-0.013370,-0.007566
38.1300,-0.030445,-0.013523,-0.007700
38.1400,-0.052283,-0.013937,-0.007837
38.1500,-0.022309,-0.014310,-0.007979
38.1600,0.027832,-0.014282,-0.008122
38.1700,0.029236,-0.013997,-0.008263
38.1800,0.049673,-0.013603,-0.008401
38.1900,0.029152,-0.013208,-0.008535
38.2000,0.067345,-0.012726,-0.008665
38.2100,0.101939,-0.011880,-0.008788
38.2200,0.147671,-0.010631,-0.008900
38.2300,0.177496,-0.009006,-0.008999
38.2400,0.140201,-0.007417,-0.009081
38.2500,0.115234,-0.006140,-0.009148
38.2600,0.059133,-0.005268,-0.009206
38.2700,0.033490,-0.004805,-0.009256
38.2800,0.008416,-0.004595,-0.009303
38.2900,0.020473,-0.004451,-0.009348
38.3000,-0.068415,-0.004691,-0.009394
38.3100,-0.100379,-0.005535,-0.009445
38.3200,-0.092068,-0.006497,-0.009505
38.3300,-0.108976,-0.007502,-0.009575
38.3400,-0.168804,-0.008891,-0.009657
38.3500,-0.131223,-0.010391,-0.009753
38.3600,-0.129875,-0.011697,-0.009864
38.3700,-0.161181,-0.013152,-0.009988
38.3800,-0.148628,-0.014701,-0.010127
38.3900,-0.093029,-0.015909,-0.010280
38.4000,-0.032489,-0.016537,-0.010443
38.4100,-0.010927,-0.016754,-0.010609
38.4200,0.030357,-0.016657,-0.010776
38.4300,0.008675,-0.016462,-0.010942
38.4400,-0.004227,-0.016439,-0.011106
38.4500,-0.029429,-0.016608,-0.011272
38.4600,0.008281,-0.016713,-0.011438
38.4700,-0.024180,-0.016793,-0.011606
38.4800,-0.030895,-0.017068,-0.011775
38.4900,0.011724,-0.017164,-0.011946
38.5000,0.047759,-0.016867,-0.012116
38.5100,0.082088,-0.016218,-0.012282
38.5200,0.097291,-0.015321,-0.012439
38.5300,0.120970,-0.014229,-0.012587
38.5400,0.096787,-0.013141,-0.012724
38.5500,0.106624,-0.012123,-0.012850
38.5600,0.139857,-0.010891,-0.012965
38.5700,0.188759,-0.009248,-0.013066
38.5800,0.215630,-0.007226,-0.013148
38.5900,0.215764,-0.005069,-0.013210
38.6000,0.201715,-0.002982,-0.013250
38.6100,0.168523,-0.001130,-0.013271
38.6200,0.132198,0.000373,-0.013275
38.6300,0.076735,0.001418,-0.013266
38.6400,0.060034,0.002102,-0.013248
38.6500,0.078414,0.002794,-0.013224
38.6600,0.079606,0.003584,-0.013192
38.6700,0.074488,0.004354,-0.013152
38.6800,0.084432,0.005149,-0.013104
38.6900,0.069720,0.005920,-0.013049
38.7000,0.067418,0.006605,-0.012986
38.7100,0.026229,0.007074,-0.012918
38.7200,0.031732,0.007364,-0.012846
38.7300,0.070405,0.007874,-0.012770
38.7400,0.038848,0.008420,-0.012688
38.7500,0.022324,0.008726,-0.012602
38.7600,0.059670,0.009136,-0.012513
38.7700,0.073930,0.009804,-0.012418
38.7800,0.064247,0.010495,-0.012317
38.7900,0.074436,0.011189,-0.012209
38.8000,0.087458,0.011998,-0.012093
38.8100,0.082152,0.012846,-0.011968
38.8200,0.027956,0.013397,-0.011837
38.8300,0.044427,0.013759,-0.011701
38.8400,0.043018,0.014196,-0.011562
38.8500,0.011796,0.014470,-0.011418
38.8600,0.018058,0.014619,-0.011273
38.8700,0.055200,0.014985,-0.011125
38.8800,0.039133,0.015457,-0.010973
38.8900,0.025304,0.015779,-0.010816
38.9000,0.034436,0.016078,-0.010657
38.9100,-0.025967,0.016120,-0.010496
38.9200,-0.051154,0.015735,-0.010337
38.9300,-0.035921,0.015299,-0.010182
38.9400,-0.036827,0.014936,-0.010031
38.9500,-0.031371,0.014595,-0.009883
38.9600,-0.012530,0.014375,-0.009738
38.9700,0.018692,0.014406,-0.009594
38.9800,0.034146,0.014670,-0.009449
38.9900,0.018603,0.014934,-0.009301
39.0000,-0.003640,0.015009,-0.009151
39.0100,0.011729,0.015049,-0.009001
39.0200,0.035781,0.015287,-0.008849
39.0300,0.034803,0.015640,-0.008694
39.0400,0.022753,0.015927,-0.008537
39.0500,-0.011164,0.015985,-0.008377
39.0600,-0.019443,0.015832,-0.008218
39.0700,-0.003633,0.015717,-0.008060
39.0800,0.004735,0.015722,-0.007903
39.0900,-0.018184,0.015655,-0.007746
39.1000,-0.033338,0.015398,-0.007591
39.1100,-0.022900,0.015116,-0.007438
39.1200,-0.058055,0.014712,-0.007289
39.1300,-0.030659,0.014268,-0.007144
39.1400,0.019325,0.014211,-0.007002
39.1500,0.055691,0.014586,-0.006858
39.1600,0.069084,0.015210,-0.006709
39.1700,0.117555,0.016144,-0.006552
39.1800,0.086698,0.017165,-0.006386
39.1900,0.093163,0.018064,-0.006209
39.2000,0.115013,0.019105,-0.006024
39.2100,0.094347,0.020152,-0.005827
39.2200,0.008795,0.020667,-0.005623
39.2300,-0.002845,0.020697,-0.005416
39.2400,-0.021230,0.020577,-0.005210
39.2500,-0.017224,0.020385,-0.005005
39.2600,-0.034544,0.020126,-0.004803
39.2700,-0.019135,0.019857,-0.004603
39.2800,-0.011754,0.019703,-0.004405
39.2900,-0.028092,0.019504,-0.004209
39.3000,-0.044328,0.019142,-0.004016
39.3100,-0.049736,0.018671,-0.003827
39.3200,-0.040911,0.018218,-0.003642
39.3300,-0.079716,0.017615,-0.003463
39.3400,-0.119485,0.016619,-0.003292
39.3500,-0.157734,0.015233,-0.003133
39.3600,-0.168630,0.013601,-0.002988
39.3700,-0.157171,0.011972,-0.002861
39.3800,-0.152308,0.010425,-0.002749
39.3900,-0.160401,0.008861,-0.002652
39.4000,-0.190263,0.007108,-0.002572
39.4100,-0.193058,0.005191,-0.002511
39.4200,-0.205637,0.003198,-0.002469
39.4300,-0.172658,0.001306,-0.002446
39.4400,-0.121379,-0.000164,-0.002441
39.4500,-0.135090,-0.001446,-0.002449
39.4600,-0.128333,-0.002764,-0.002470
39.4700,-0.105577,-0.003933,-0.002503
39.4800,-0.117216,-0.005047,-0.002548
39.4900,-0.072769,-0.005997,-0.002603
39.5000,-0.015557,-0.006439,-0.002665
39.5100,0.017827,-0.006427,-0.002730
39.5200,0.035594,-0.006160,-0.002793
39.5300,0.020188,-0.005881,-0.002853
39.5400,0.051858,-0.005521,-0.002910
39.5500,0.072791,-0.004898,-0.002962
39.5600,0.066982,-0.004199,-0.003008
39.5700,0.037242,-0.003678,-0.003047
39.5800,0.044226,-0.003270,-0.003082
39.5900,0.042781,-0.002835,-0.003112
39.6000,0.064677,-0.002298,-0.003138
39.6100,0.072481,-0.001612,-0.003157
39.6200,0.062568,-0.000937,-0.003170
39.6300,0.076047,-0.000244,-0.003176
39.6400,0.072323,0.000498,-0.003175
39.6500,0.103586,0.001377,-0.003165
39.6600,0.092449,0.002358,-0.003147
39.6700,0.080134,0.003220,-0.003119
39.6800,0.051458,0.003878,-0.003083
39.6900,0.064662,0.004459,-0.003042
39.7000,0.044165,0.005003,-0.002994
39.7100,0.022640,0.005337,-0.002943
39.7200,0.041986,0.005660,-0.002888
39.7300,0.055220,0.006146,-0.002829
39.7400,0.058842,0.006717,-0.002764
39.7500,0.083636,0.007429,-0.002694
39.7600,0.057057,0.008133,-0.002616
39.7700,0.035895,0.008597,-0.002532
39.7800,0.005092,0.008802,-0.002445
39.7900,-0.049190,0.008582,-0.002358
39.8000,-0.050728,0.008082,-0.002275
39.8100,-0.037154,0.007643,-0.002196
39.8200,-0.049673,0.007209,-0.002122
39.8300,-0.058808,0.006666,-0.002053
39.8400,-0.050030,0.006122,-0.001989
39.8500,-0.048490,0.005629,-0.001930
39.8600,-0.037511,0.005199,-0.001876
39.8700,-0.049162,0.004766,-0.001826
39.8800,-0.061910,0.004211,-0.001781
39.8900,-0.067447,0.003564,-0.001742
39.9000,-0.061289,0.002920,-0.001710
39.9100,-0.059439,0.002317,-0.001684
39.9200,-0.048463,0.001777,-0.001663
39.9300,-0.033394,0.001368,-0.001647
39.9400,-0.024681,0.001077,-0.001635
39.9500,-0.008641,0.000911,-0.001625
39.9600,-0.007787,0.000829,-0.001617
39.9700,-0.039881,0.000590,-0.001609
39.9800,-0.009197,0.000345,-0.001605
39.9900,-0.033897,0.000129,-0.001602
