time_s,accel_corrected_m_s2,vel_m_s,disp_m
0.0000,0.007231,0.000000,0.000000
0.0100,0.007199,0.000072,0.000000
0.0200,0.007167,0.000144,0.000001
0.0300,0.007200,0.000216,0.000003
0.0400,0.007223,0.000288,0.000006
0.0500,0.007238,0.000360,0.000009
0.0600,0.007121,0.000432,0.000013
0.0700,0.007129,0.000503,0.000018
0.0800,0.007659,0.000577,0.000023
0.0900,0.007635,0.000654,0.000029
0.1000,0.008089,0.000732,0.000036
0.1100,0.007212,0.000809,0.000044
0.1200,0.007546,0.000883,0.000052
0.1300,0.008088,0.000961,0.000062
0.1400,0.008683,0.001045,0.000072
0.1500,0.008773,0.001132,0.000082
0.1600,0.007300,0.001212,0.000094
0.1700,0.011665,0.001307,0.000107
0.1800,0.010914,0.001420,0.000120
0.1900,0.009646,0.001523,0.000135
0.2000,0.012818,0.001635,0.000151
0.2100,0.013578,0.001767,0.000168
0.2200,0.018877,0.001929,0.000186
0.2300,0.018903,0.002118,0.000207
0.2400,0.017268,0.002299,0.000229
0.2500,0.018059,0.002476,0.000253
0.2600,0.023258,0.002682,0.000278
0.2700,0.031547,0.002956,0.000307
0.2800,0.026688,0.003248,0.000338
0.2900,0.025995,0.003511,0.000371
0.3000,0.028605,0.003784,0.000408
0.3100,0.029505,0.004075,0.000447
0.3200,0.016306,0.004304,0.000489
0.3300,0.009549,0.004433,0.000533
0.3400,-0.003279,0.004464,0.000577
0.3500,-0.002814,0.004434,0.000622
0.3600,0.001972,0.004430,0.000666
0.3700,-0.004191,0.004418,0.000710
0.3800,-0.007252,0.004361,0.000754
0.3900,-0.016283,0.004244,0.000797
0.4000,-0.021780,0.004053,0.000839
0.4100,-0.013932,0.003875,0.000878
0.4200,0.001362,0.003812,0.000917
0.4300,-0.019810,0.003720,0.000954
0.4400,-0.004506,0.003598,0.000991
0.4500,0.026189,0.003706,0.001027
0.4600,0.025422,0.003964,0.001066
0.4700,0.037747,0.004280,0.001107
0.4800,0.058510,0.004762,0.001152
0.4900,0.077768,0.005443,0.001203
0.5000,0.086578,0.006265,0.001262
0.5100,0.088369,0.007139,0.001329
0.5200,0.057330,0.007868,0.001404
0.5300,0.061944,0.008464,0.001486
0.5400,0.058411,0.009066,0.001573
0.5500,0.082689,0.009772,0.001667
0.5600,0.072225,0.010546,0.001769
0.5700,0.057876,0.011197,0.001878
0.5800,0.111166,0.012042,0.001994
0.5900,0.088687,0.013041,0.002119
0.6000,0.063829,0.013804,0.002254
0.6100,0.026535,0.014256,0.002394
0.6200,0.049634,0.014636,0.002538
0.6300,0.038004,0.015075,0.002687
0.6400,0.016039,0.015345,0.002839
0.6500,0.035750,0.015604,0.002994
0.6600,-0.013351,0.015716,0.003150
0.6700,-0.063234,0.015333,0.003306
0.6800,-0.109848,0.014467,0.003455
0.6900,-0.105571,0.013390,0.003594
0.7000,-0.116793,0.012279,0.003722
0.7100,-0.070718,0.011341,0.003840
0.7200,-0.040857,0.010783,0.003951
0.7300,-0.065999,0.010249,0.004056
0.7400,-0.112177,0.009358,0.004154
0.7500,-0.082312,0.008385,0.004243
0.7600,-0.027375,0.007837,0.004324
0.7700,-0.041632,0.007492,0.004401
0.7800,-0.064135,0.006963,0.004473
0.7900,-0.045698,0.006414,0.004540
0.8000,-0.033570,0.006018,0.004602
0.8100,-0.045431,0.005623,0.004660
0.8200,-0.007654,0.005357,0.004715
0.8300,0.066327,0.005651,0.004770
0.8400,0.106883,0.006517,0.004831
0.8500,0.075510,0.007429,0.004901
0.8600,0.055576,0.008084,0.004978
0.8700,0.072242,0.008723,0.005062
0.8800,0.014933,0.009159,0.005152
0.8900,-0.023000,0.009119,0.005243
0.9000,-0.015077,0.008928,0.005333
0.9100,-0.001327,0.008846,0.005422
0.9200,-0.036889,0.008655,0.005510
0.9300,-0.042049,0.008260,0.005594
0.9400,0.010710,0.008104,0.005676
0.9500,0.161213,0.008963,0.005761
0.9600,0.224250,0.010891,0.005861
0.9700,0.258428,0.013304,0.005982
0.9800,0.161060,0.015402,0.006125
0.9900,0.110710,0.016760,0.006286
1.0000,0.099137,0.017810,0.006459
1.0100,0.112053,0.018866,0.006642
1.0200,0.151684,0.020184,0.006837
1.0300,0.027083,0.021078,0.007044
1.0400,-0.162189,0.020403,0.007251
1.0500,-0.171426,0.018735,0.007447
1.0600,0.001460,0.017885,0.007630
1.0700,0.000218,0.017893,0.007809
1.0800,-0.020940,0.017789,0.007987
1.0900,-0.087758,0.017246,0.008162
1.1000,0.022910,0.016922,0.008333
1.1100,-0.000465,0.017034,0.008503
1.1200,0.060727,0.017335,0.008675
1.1300,0.224389,0.018761,0.008855
1.1400,0.390322,0.021834,0.009058
1.1500,0.439392,0.025983,0.009297
1.1600,0.421450,0.030287,0.009579
1.1700,0.337142,0.034080,0.009901
1.1800,0.307513,0.037303,0.010257
1.1900,0.407644,0.040879,0.010648
1.2000,0.306927,0.044452,0.011075
1.2100,0.192921,0.046951,0.011532
1.2200,-0.001999,0.047906,0.012006
1.2300,-0.056829,0.047612,0.012484
1.2400,-0.217400,0.046241,0.012953
1.2500,-0.359565,0.043356,0.013401
1.2600,-0.464377,0.039236,0.013814
1.2700,-0.534157,0.034243,0.014182
1.2800,-0.634050,0.028402,0.014495
1.2900,-0.706726,0.021699,0.014745
1.3000,-0.730082,0.014514,0.014926
1.3100,-0.750866,0.007110,0.015034
1.3200,-0.661242,0.000049,0.015070
1.3300,-0.341716,-0.004966,0.015046
1.3400,-0.316822,-0.008258,0.014980
1.3500,-0.350962,-0.011597,0.014880
1.3600,-0.491797,-0.015811,0.014743
1.3700,-0.662051,-0.021580,0.014556
1.3800,-0.672711,-0.028254,0.014307
1.3900,-0.506587,-0.034151,0.013995
1.4000,-0.295040,-0.038159,0.013634
1.4100,-0.236738,-0.040818,0.013239
1.4200,-0.247999,-0.043241,0.012818
1.4300,-0.283051,-0.045897,0.012373
1.4400,-0.268002,-0.048652,0.011900
1.4500,-0.318744,-0.051585,0.011399
1.4600,-0.269071,-0.054525,0.010868
1.4700,-0.162425,-0.056682,0.010312
1.4800,-0.185713,-0.058423,0.009737
1.4900,-0.122604,-0.059964,0.009145
1.5000,-0.057657,-0.060866,0.008541
1.5100,0.069285,-0.060808,0.007932
1.5200,0.112868,-0.059897,0.007329
1.5300,0.221982,-0.058222,0.006738
1.5400,0.146255,-0.056381,0.006165
1.5500,0.067385,-0.055313,0.005607
1.5600,-0.090727,-0.055430,0.005053
1.5700,-0.112806,-0.056447,0.004493
1.5800,-0.072891,-0.057376,0.003924
1.5900,-0.200406,-0.058742,0.003344
1.6000,0.140559,-0.059042,0.002755
1.6100,0.498446,-0.055847,0.002180
1.6200,0.424536,-0.051232,0.001645
1.6300,0.395965,-0.047129,0.001153
1.6400,0.432186,-0.042988,0.000703
1.6500,0.450773,-0.038574,0.000295
1.6600,0.530930,-0.033665,-0.000066
1.6700,0.425863,-0.028881,-0.000379
1.6800,0.561537,-0.023944,-0.000643
1.6900,0.489422,-0.018689,-0.000856
1.7000,0.291831,-0.014783,-0.001024
1.7100,0.048191,-0.013083,-0.001163
1.7200,-0.162556,-0.013655,-0.001297
1.7300,-0.114930,-0.015042,-0.001440
1.7400,-0.108951,-0.016162,-0.001596
1.7500,-0.046518,-0.016939,-0.001762
1.7600,-0.022787,-0.017286,-0.001933
1.7700,0.153654,-0.016631,-0.002103
1.7800,0.218893,-0.014769,-0.002260
1.7900,0.212769,-0.012610,-0.002396
1.8000,0.282630,-0.010133,-0.002510
1.8100,0.093301,-0.008254,-0.002602
1.8200,0.172643,-0.006924,-0.002678
1.8300,0.408468,-0.004018,-0.002733
1.8400,0.256430,-0.000694,-0.002756
1.8500,0.238408,0.001780,-0.002751
1.8600,-0.012235,0.002911,-0.002727
1.8700,-0.337593,0.001162,-0.002707
1.8800,-0.578683,-0.003419,-0.002718
1.8900,-0.773871,-0.010182,-0.002786
1.9000,-0.813101,-0.018117,-0.002928
1.9100,-0.904646,-0.026706,-0.003152
1.9200,-0.806854,-0.035263,-0.003462
1.9300,-0.760000,-0.043097,-0.003854
1.9400,-0.584314,-0.049819,-0.004318
1.9500,-0.600183,-0.055741,-0.004846
1.9600,-0.315673,-0.060321,-0.005426
1.9700,0.030114,-0.061749,-0.006037
1.9800,-0.069522,-0.061946,-0.006655
1.9900,-0.491241,-0.064749,-0.007289
2.0000,-0.390054,-0.069156,-0.007958
2.0100,-0.588243,-0.074047,-0.008674
2.0200,-0.627063,-0.080124,-0.009445
2.0300,-0.707664,-0.086797,-0.010280
2.0400,-0.640783,-0.093540,-0.011181
2.0500,-0.765110,-0.100569,-0.012152
2.0600,-0.522930,-0.107009,-0.013190
2.0700,-0.753387,-0.113391,-0.014292
2.0800,-0.650462,-0.120410,-0.015461
2.0900,-0.391572,-0.125620,-0.016691
2.1000,-0.109450,-0.128126,-0.017960
2.1100,0.097998,-0.128183,-0.019241
2.1200,-0.220748,-0.128797,-0.020526
2.1300,-0.037082,-0.130086,-0.021820
2.1400,0.050208,-0.130020,-0.023121
2.1500,0.257852,-0.128480,-0.024413
2.1600,0.317782,-0.125602,-0.025684
2.1700,0.229010,-0.122868,-0.026926
2.1800,0.181910,-0.120813,-0.028145
2.1900,-0.236779,-0.121087,-0.029354
2.2000,-0.178311,-0.123163,-0.030575
2.2100,-0.522818,-0.126668,-0.031824
2.2200,-0.835694,-0.133461,-0.033125
2.2300,-0.886591,-0.142072,-0.034503
2.2400,-0.647855,-0.149745,-0.035962
2.2500,-0.181966,-0.153894,-0.037480
2.2600,-0.050285,-0.155055,-0.039025
2.2700,0.215415,-0.154229,-0.040571
2.2800,0.411805,-0.151093,-0.042098
2.2900,0.321857,-0.147425,-0.043590
2.3000,0.585254,-0.142889,-0.045042
2.3100,0.713670,-0.136395,-0.046438
2.3200,0.716845,-0.129242,-0.047767
2.3300,0.470722,-0.123304,-0.049029
2.3400,0.430207,-0.118800,-0.050240
2.3500,0.654294,-0.113377,-0.051401
2.3600,0.531310,-0.107449,-0.052505
2.3700,0.589973,-0.101843,-0.053551
2.3800,0.180739,-0.097989,-0.054550
2.3900,0.308825,-0.095541,-0.055518
2.4000,0.152402,-0.093235,-0.056462
2.4100,0.252297,-0.091212,-0.057384
2.4200,-0.155901,-0.090730,-0.058294
2.4300,-0.351919,-0.093269,-0.059214
2.4400,-0.384666,-0.096952,-0.060165
2.4500,-0.830679,-0.103029,-0.061165
2.4600,-0.811139,-0.111238,-0.062236
2.4700,-0.313338,-0.116860,-0.063377
2.4800,-0.127939,-0.119066,-0.064556
2.4900,-0.186679,-0.120639,-0.065755
2.5000,-0.231316,-0.122729,-0.066972
2.5100,-0.563367,-0.126703,-0.068219
2.5200,-0.444536,-0.131742,-0.069511
2.5300,-0.715651,-0.137543,-0.070858
2.5400,-0.345522,-0.142849,-0.072260
2.5500,-0.460088,-0.146877,-0.073708
2.5600,-0.287978,-0.150618,-0.075196
2.5700,-0.190939,-0.153012,-0.076714
2.5800,-0.038163,-0.154158,-0.078250
2.5900,0.168696,-0.153505,-0.079788
2.6000,0.422625,-0.150548,-0.081308
2.6100,0.622040,-0.145325,-0.082788
2.6200,0.762295,-0.138403,-0.084206
2.6300,0.933124,-0.129926,-0.085548
2.6400,0.648935,-0.122016,-0.086808
2.6500,0.592053,-0.115811,-0.087997
2.6600,0.167798,-0.112012,-0.089136
2.6700,0.071968,-0.110813,-0.090250
2.6800,0.233313,-0.109287,-0.091350
2.6900,-0.007801,-0.108159,-0.092438
2.7000,-0.302665,-0.109711,-0.093527
2.7100,-0.127495,-0.111862,-0.094635
2.7200,0.340653,-0.110796,-0.095748
2.7300,0.343508,-0.107376,-0.096839
2.7400,0.549468,-0.102911,-0.097891
2.7500,0.358285,-0.098372,-0.098897
2.7600,0.242744,-0.095367,-0.099866
2.7700,0.098150,-0.093662,-0.100811
2.7800,0.434592,-0.090999,-0.101734
2.7900,0.344252,-0.087104,-0.102625
2.8000,0.130214,-0.084732,-0.103484
2.8100,-0.197672,-0.085069,-0.104333
2.8200,-0.107407,-0.086595,-0.105191
2.8300,0.030084,-0.086981,-0.106059
2.8400,0.410051,-0.084781,-0.106918
2.8500,0.699484,-0.079233,-0.107738
2.8600,0.359034,-0.073940,-0.108504
2.8700,0.463670,-0.069827,-0.109223
2.8800,0.036793,-0.067325,-0.109908
2.8900,0.166752,-0.066307,-0.110576
2.9000,0.112157,-0.064912,-0.111233
2.9100,-0.136377,-0.065033,-0.111882
2.9200,0.191881,-0.064756,-0.112531
2.9300,0.300016,-0.062296,-0.113167
2.9400,0.148392,-0.060054,-0.113778
2.9500,-0.254842,-0.060587,-0.114381
2.9600,-0.005264,-0.061887,-0.114994
2.9700,0.386601,-0.059980,-0.115603
2.9800,0.817123,-0.053962,-0.116173
2.9900,0.300255,-0.048375,-0.116685
3.0000,-0.025383,-0.047001,-0.117161
3.0100,-0.475845,-0.049507,-0.117644
3.0200,-0.378377,-0.053778,-0.118160
3.0300,-0.006635,-0.055703,-0.118708
3.0400,-0.331723,-0.057395,-0.119273
3.0500,-0.410105,-0.061104,-0.119866
3.0600,0.224829,-0.062030,-0.120481
3.0700,0.160601,-0.060103,-0.121092
3.0800,0.939590,-0.054602,-0.121666
3.0900,1.448380,-0.042662,-0.122152
3.1000,1.212173,-0.029359,-0.122512
3.1100,1.330746,-0.016645,-0.122742
3.1200,0.722519,-0.006379,-0.122857
3.1300,0.099891,-0.002267,-0.122900
3.1400,0.377054,0.000118,-0.122911
3.1500,1.048143,0.007244,-0.122874
3.1600,1.423654,0.019603,-0.122740
3.1700,1.138929,0.032416,-0.122480
3.1800,0.978584,0.043004,-0.122103
3.1900,1.413311,0.054963,-0.121613
3.2000,0.652974,0.065295,-0.121012
3.2100,0.876667,0.072943,-0.120321
3.2200,0.361715,0.079135,-0.119560
3.2300,0.399157,0.082939,-0.118750
3.2400,0.106415,0.085467,-0.117908
3.2500,-0.087565,0.085561,-0.117053
3.2600,0.178383,0.086015,-0.116195
3.2700,0.110510,0.087460,-0.115327
3.2800,0.477957,0.090402,-0.114438
3.2900,1.081925,0.098201,-0.113495
3.3000,1.670798,0.111965,-0.112444
3.3100,1.636091,0.128500,-0.111242
3.3200,1.887997,0.146120,-0.109869
3.3300,2.118771,0.166154,-0.108308
3.3400,1.828531,0.185890,-0.106547
3.3500,1.721291,0.203639,-0.104600
3.3600,1.784404,0.221168,-0.102476
3.3700,2.046591,0.240323,-0.100168
3.3800,1.407062,0.257591,-0.097679
3.3900,0.788179,0.268567,-0.095048
3.4000,0.157158,0.273294,-0.092338
3.4100,-0.124485,0.273457,-0.089605
3.4200,-0.226667,0.271702,-0.086879
3.4300,-0.117169,0.269982,-0.084170
3.4400,-0.045630,0.269168,-0.081475
3.4500,0.163584,0.269758,-0.078780
3.4600,0.374243,0.272447,-0.076069
3.4700,0.044408,0.274541,-0.073334
3.4800,-0.047822,0.274524,-0.070589
3.4900,-0.230727,0.273131,-0.067851
3.5000,-0.047451,0.271740,-0.065126
3.5100,-0.412892,0.269438,-0.062420
3.5200,-0.251486,0.266116,-0.059743
3.5300,-0.836154,0.260678,-0.057109
3.5400,-0.063893,0.256178,-0.054524
3.5500,0.487426,0.258296,-0.051952
3.5600,0.411495,0.262790,-0.049346
3.5700,0.820428,0.268950,-0.046688
3.5800,0.708630,0.276595,-0.043960
3.5900,0.169696,0.280987,-0.041172
3.6000,0.253307,0.283102,-0.038352
3.6100,-0.266478,0.283036,-0.035521
3.6200,-0.412000,0.279643,-0.032708
3.6300,-1.039714,0.272385,-0.029947
3.6400,-0.991175,0.262230,-0.027274
3.6500,-0.206044,0.256244,-0.024682
3.6600,0.042058,0.255424,-0.022124
3.6700,0.283105,0.257050,-0.019561
3.6800,0.155333,0.259242,-0.016980
3.6900,-0.247835,0.258780,-0.014390
3.7000,-0.806096,0.253510,-0.011828
3.7100,-0.720505,0.245877,-0.009331
3.7200,-1.295427,0.235798,-0.006923
3.7300,-1.501243,0.221814,-0.004635
3.7400,-0.781042,0.210403,-0.002474
3.7500,-0.465411,0.204171,-0.000401
3.7600,-0.097672,0.201355,0.001627
3.7700,0.824367,0.204989,0.003658
3.7800,0.780689,0.213014,0.005748
3.7900,0.558237,0.219709,0.007912
3.8000,0.390613,0.224453,0.010133
3.8100,-0.145021,0.225681,0.012383
3.8200,-0.379635,0.223057,0.014627
3.8300,-0.601506,0.218152,0.016833
3.8400,-0.464457,0.212822,0.018988
3.8500,-0.083404,0.210083,0.021103
3.8600,0.151885,0.210425,0.023205
3.8700,-0.972092,0.206324,0.025289
3.8800,-1.583471,0.193546,0.027288
3.8900,-0.889579,0.181181,0.029162
3.9000,-1.219154,0.170637,0.030921
3.9100,-1.289529,0.158094,0.032565
3.9200,-1.761645,0.142838,0.034069
3.9300,-0.978017,0.129140,0.035429
3.9400,-0.272286,0.122888,0.036689
3.9500,-1.242747,0.115313,0.037880
3.9600,-1.090369,0.103647,0.038975
3.9700,-0.227481,0.097058,0.039979
3.9800,0.120173,0.096522,0.040947
3.9900,0.245524,0.098350,0.041921
4.0000,1.047690,0.104816,0.042937
4.0100,1.245711,0.116283,0.044042
4.0200,0.939299,0.127208,0.045260
4.0300,1.048830,0.137149,0.046581
4.0400,1.578946,0.150288,0.048019
4.0500,1.171833,0.164042,0.049590
4.0600,1.367843,0.176740,0.051294
4.0700,0.906564,0.188112,0.053118
4.0800,0.769949,0.196495,0.055042
4.0900,1.468235,0.207686,0.057062
4.1000,1.123306,0.220643,0.059204
4.1100,-0.095510,0.225782,0.061436
4.1200,-0.491122,0.222849,0.063679
4.1300,-0.055485,0.220116,0.065894
4.1400,-0.243542,0.218621,0.068088
4.1500,-1.222073,0.211293,0.070237
4.1600,-0.620093,0.202082,0.072304
4.1700,-0.702746,0.195468,0.074292
4.1800,-0.406591,0.189921,0.076219
4.1900,-0.757821,0.184099,0.078089
4.2000,0.110055,0.180860,0.079914
4.2100,0.391975,0.183370,0.081735
4.2200,0.366630,0.187163,0.083588
4.2300,0.124215,0.189618,0.085472
4.2400,-0.209430,0.189192,0.087366
4.2500,0.017057,0.188230,0.089253
4.2600,-0.263188,0.186999,0.091129
4.2700,-0.280504,0.184281,0.092985
4.2800,-0.174147,0.182007,0.094817
4.2900,0.608361,0.184178,0.096648
4.3000,1.031639,0.192378,0.098530
4.3100,0.541470,0.200244,0.100494
4.3200,1.071746,0.208310,0.102536
4.3300,1.242337,0.219880,0.104677
4.3400,0.511075,0.228648,0.106920
4.3500,-0.075736,0.230824,0.109217
4.3600,-0.502715,0.227932,0.111511
4.3700,-0.827806,0.221279,0.113757
4.3800,-1.492568,0.209677,0.115912
4.3900,-1.822656,0.193101,0.117926
4.4000,-1.848111,0.174748,0.119765
4.4100,-1.787979,0.156567,0.121422
4.4200,-0.752866,0.143863,0.122924
4.4300,-0.621498,0.136991,0.124328
4.4400,-0.961655,0.129075,0.125658
4.4500,-0.877567,0.119879,0.126903
4.4600,-0.738709,0.111798,0.128062
4.4700,-0.910475,0.103552,0.129138
4.4800,-0.601728,0.095991,0.130136
4.4900,-1.177781,0.087093,0.131051
4.5000,-1.690955,0.072750,0.131851
4.5100,-1.746168,0.055564,0.132492
4.5200,-1.967887,0.036994,0.132955
4.5300,-2.065705,0.016826,0.133224
4.5400,-2.257537,-0.004790,0.133284
4.5500,-3.176815,-0.031962,0.133100
4.5600,-2.098555,-0.058339,0.132649
4.5700,-1.332815,-0.075496,0.131980
4.5800,-1.357387,-0.088947,0.131158
4.5900,-0.607138,-0.098770,0.130219
4.6000,0.019156,-0.101709,0.129217
4.6100,1.157215,-0.095828,0.128229
4.6200,1.966581,-0.080209,0.127349
4.6300,1.541245,-0.062669,0.126634
4.6400,1.382125,-0.048053,0.126081
4.6500,1.670292,-0.032791,0.125677
4.6600,1.453025,-0.017174,0.125427
4.6700,1.079768,-0.004510,0.125318
4.6800,0.408135,0.002930,0.125310
4.6900,0.645300,0.008197,0.125366
4.7000,0.005436,0.011450,0.125464
4.7100,-1.010248,0.006426,0.125554
4.7200,-0.393066,-0.000590,0.125583
4.7300,-0.166325,-0.003387,0.125563
4.7400,0.124677,-0.003595,0.125528
4.7500,0.954536,0.001801,0.125519
4.7600,0.616762,0.009657,0.125576
4.7700,1.135728,0.018420,0.125717
4.7800,0.719854,0.027697,0.125947
4.7900,0.246302,0.032528,0.126248
4.8000,0.205193,0.034786,0.126585
4.8100,0.318388,0.037404,0.126946
4.8200,0.221330,0.040102,0.127333
4.8300,0.609843,0.044258,0.127755
4.8400,0.437773,0.049496,0.128224
4.8500,0.857352,0.055972,0.128751
4.8600,0.843794,0.064478,0.129354
4.8700,-0.108246,0.068155,0.130017
4.8800,-0.222863,0.066500,0.130690
4.8900,0.187765,0.066324,0.131354
4.9000,0.159516,0.068061,0.132026
4.9100,0.380941,0.070763,0.132720
4.9200,0.748365,0.076409,0.133456
4.9300,0.244292,0.081373,0.134245
4.9400,1.571349,0.090451,0.135104
4.9500,1.711734,0.106866,0.136091
4.9600,1.977114,0.125311,0.137252
4.9700,1.461766,0.142505,0.138591
4.9800,0.164786,0.150638,0.140056
4.9900,-0.018995,0.151367,0.141566
5.0000,0.666545,0.154604,0.143096
5.0100,0.393508,0.159905,0.144669
5.0200,-0.193250,0.160906,0.146273
5.0300,-0.350842,0.158186,0.147868
5.0400,-0.646396,0.153199,0.149425
5.0500,-1.119514,0.144370,0.150913
5.0600,-1.299461,0.132275,0.152296
5.0700,-1.775780,0.116899,0.153542
5.0800,-2.280733,0.096616,0.154610
5.0900,-1.943433,0.075495,0.155470
5.1000,-2.437658,0.053590,0.156116
5.1100,-1.717269,0.032815,0.156548
5.1200,-1.414659,0.017156,0.156798
5.1300,-1.384943,0.003158,0.156899
5.1400,-1.288575,-0.010210,0.156864
5.1500,-1.337023,-0.023338,0.156696
5.1600,-1.175711,-0.035902,0.156400
5.1700,-1.153384,-0.047547,0.155983
5.1800,-0.789179,-0.057260,0.155459
5.1900,-1.091403,-0.066663,0.154839
5.2000,-1.793417,-0.081087,0.154100
5.2100,-1.914284,-0.099625,0.153197
5.2200,-2.241564,-0.120405,0.152097
5.2300,-2.711361,-0.145169,0.150769
5.2400,-3.412714,-0.175790,0.149164
5.2500,-3.175907,-0.208733,0.147241
5.2600,-3.080543,-0.240015,0.144998
5.2700,-2.107500,-0.265955,0.142468
5.2800,-1.647098,-0.284728,0.139714
5.2900,-1.538606,-0.300657,0.136787
5.3000,-1.160317,-0.314151,0.133713
5.3100,-0.524580,-0.322576,0.130530
5.3200,0.079274,-0.324802,0.127293
5.3300,0.501682,-0.321898,0.124059
5.3400,-0.224767,-0.320513,0.120847
5.3500,-0.121449,-0.322244,0.117634
5.3600,0.104181,-0.322330,0.114411
5.3700,-0.053640,-0.322078,0.111189
5.3800,0.401236,-0.320340,0.107977
5.3900,0.935128,-0.313658,0.104807
5.4000,1.109009,-0.303437,0.101721
5.4100,0.519169,-0.295296,0.098727
5.4200,1.049820,-0.287451,0.095814
5.4300,0.570225,-0.279351,0.092980
5.4400,0.308261,-0.274959,0.090208
5.4500,0.080893,-0.273013,0.087468
5.4600,0.201967,-0.271599,0.084745
5.4700,1.163909,-0.264769,0.082063
5.4800,0.342465,-0.257237,0.079453
5.4900,0.464357,-0.253203,0.076901
5.5000,0.621980,-0.247772,0.074396
5.5100,1.492661,-0.237198,0.071971
5.5200,1.925021,-0.220110,0.069685
5.5300,1.945862,-0.200756,0.067581
5.5400,2.392099,-0.179066,0.065681
5.5500,1.869288,-0.157759,0.063997
5.5600,1.076236,-0.143031,0.062493
5.5700,0.322697,-0.136037,0.061098
5.5800,-0.362320,-0.136235,0.059737
5.5900,-1.424483,-0.145169,0.058330
5.6000,-1.532217,-0.159952,0.056804
5.6100,-1.515138,-0.175189,0.055128
5.6200,-1.577559,-0.190652,0.053299
5.6300,-1.099135,-0.204036,0.051326
5.6400,-1.144291,-0.215253,0.049229
5.6500,-0.622589,-0.224087,0.047033
5.6600,-0.990430,-0.232153,0.044751
5.6700,-0.715588,-0.240683,0.042387
5.6800,0.029596,-0.244113,0.039963
5.6900,0.614854,-0.240890,0.037538
5.7000,1.068374,-0.232474,0.035171
5.7100,1.182260,-0.221221,0.032903
5.7200,0.915979,-0.210730,0.030743
5.7300,1.461406,-0.198843,0.028695
5.7400,1.603013,-0.183521,0.026783
5.7500,1.778677,-0.166612,0.025033
5.7600,1.032484,-0.152557,0.023437
5.7700,0.784531,-0.143471,0.021957
5.7800,1.231367,-0.133392,0.020572
5.7900,1.142881,-0.121521,0.019298
5.8000,1.053229,-0.110540,0.018138
5.8100,1.199600,-0.099276,0.017089
5.8200,1.142359,-0.087566,0.016154
5.8300,1.151253,-0.076098,0.015336
5.8400,1.109576,-0.064794,0.014632
5.8500,0.537902,-0.056557,0.014025
5.8600,0.288548,-0.052424,0.013480
5.8700,0.126717,-0.050348,0.012966
5.8800,-0.924925,-0.054339,0.012443
5.8900,-1.631496,-0.067121,0.011835
5.9000,-2.373254,-0.087145,0.011064
5.9100,-1.736025,-0.107691,0.010090
5.9200,-1.037118,-0.121557,0.008943
5.9300,-0.407876,-0.128782,0.007692
5.9400,-0.475973,-0.133201,0.006382
5.9500,-1.184171,-0.141502,0.005008
5.9600,-1.396488,-0.154405,0.003529
5.9700,-1.454431,-0.168660,0.001913
5.9800,-1.510062,-0.183482,0.000153
5.9900,-1.270914,-0.197387,-0.001752
6.0000,-0.457302,-0.206028,-0.003769
6.0100,0.832776,-0.204151,-0.005820
6.0200,1.626553,-0.191854,-0.007800
6.0300,2.468349,-0.171380,-0.009616
6.0400,2.094611,-0.148565,-0.011215
6.0500,1.217048,-0.132007,-0.012618
6.0600,1.680721,-0.117518,-0.013866
6.0700,1.191431,-0.103157,-0.014969
6.0800,1.846417,-0.087968,-0.015925
6.0900,0.985252,-0.073810,-0.016734
6.1000,-0.046491,-0.069116,-0.017448
6.1100,-0.848785,-0.073592,-0.018162
6.1200,-2.120181,-0.088437,-0.018972
6.1300,-2.721859,-0.112647,-0.019978
6.1400,-2.310178,-0.137807,-0.021230
6.1500,-1.614196,-0.157429,-0.022706
6.1600,-0.927091,-0.170136,-0.024344
6.1700,-1.043259,-0.179987,-0.026094
6.1800,-0.371277,-0.187060,-0.027930
6.1900,0.353506,-0.187149,-0.029801
6.2000,0.038940,-0.185187,-0.031662
6.2100,0.648156,-0.181751,-0.033497
6.2200,1.217062,-0.172425,-0.035268
6.2300,1.092632,-0.160877,-0.036935
6.2400,1.549006,-0.147668,-0.038477
6.2500,1.108721,-0.134380,-0.039887
6.2600,0.803995,-0.124816,-0.041183
6.2700,1.439929,-0.113597,-0.042376
6.2800,1.864390,-0.097075,-0.043429
6.2900,1.488043,-0.080313,-0.044316
6.3000,1.172816,-0.067009,-0.045052
6.3100,1.297135,-0.054659,-0.045661
6.3200,1.134054,-0.042503,-0.046147
6.3300,0.248209,-0.035592,-0.046537
6.3400,-0.143731,-0.035069,-0.046890
6.3500,-0.126280,-0.036419,-0.047248
6.3600,-0.598449,-0.040043,-0.047630
6.3700,-0.478752,-0.045429,-0.048057
6.3800,-1.056007,-0.053103,-0.048550
6.3900,-1.562573,-0.066196,-0.049147
6.4000,-1.055224,-0.079285,-0.049874
6.4100,-0.996647,-0.089544,-0.050718
6.4200,-1.552849,-0.102291,-0.051677
6.4300,-1.841396,-0.119263,-0.052785
6.4400,-1.255112,-0.134745,-0.054055
6.4500,-1.275631,-0.147399,-0.055466
6.4600,-0.884006,-0.158197,-0.056994
6.4700,-1.130065,-0.168267,-0.058626
6.4800,-2.091541,-0.184375,-0.060389
6.4900,-1.359732,-0.201632,-0.062319
6.5000,-0.557596,-0.211218,-0.064384
6.5100,-0.546964,-0.216741,-0.066523
6.5200,-0.920977,-0.224081,-0.068728
6.5300,-2.040992,-0.238891,-0.071042
6.5400,-1.283246,-0.255512,-0.073514
6.5500,-0.723285,-0.265545,-0.076120
6.5600,-0.823100,-0.273277,-0.078814
6.5700,-0.651696,-0.280651,-0.081583
6.5800,-1.333980,-0.290579,-0.084440
6.5900,-1.134567,-0.302922,-0.087407
6.6000,-0.406201,-0.310625,-0.090475
6.6100,0.486650,-0.310223,-0.093579
6.6200,0.865954,-0.303460,-0.096648
6.6300,0.991789,-0.294172,-0.099636
6.6400,0.943636,-0.284494,-0.102529
6.6500,0.749015,-0.276031,-0.105332
6.6600,0.535849,-0.269607,-0.108060
6.6700,0.229525,-0.265780,-0.110737
6.6800,-0.055810,-0.264911,-0.113390
6.6900,0.608799,-0.262146,-0.116025
6.7000,0.443179,-0.256887,-0.118621
6.7100,1.209747,-0.248622,-0.121148
6.7200,1.085077,-0.237148,-0.123577
6.7300,0.848538,-0.227480,-0.125900
6.7400,0.255285,-0.221961,-0.128147
6.7500,0.207716,-0.219646,-0.130355
6.7600,0.309489,-0.217060,-0.132539
6.7700,0.949894,-0.210763,-0.134678
6.7800,0.149600,-0.205265,-0.136758
6.7900,-0.546466,-0.207250,-0.138821
6.8000,-0.178789,-0.210876,-0.140911
6.8100,-0.362510,-0.213582,-0.143034
6.8200,-0.426390,-0.217527,-0.145189
6.8300,0.042522,-0.219446,-0.147374
6.8400,-0.318732,-0.220827,-0.149575
6.8500,-0.278558,-0.223814,-0.151799
6.8600,-0.077965,-0.225596,-0.154046
6.8700,-0.000539,-0.225989,-0.156304
6.8800,0.735786,-0.222313,-0.158545
6.8900,0.755531,-0.214856,-0.160731
6.9000,1.442927,-0.203864,-0.162825
6.9100,1.454012,-0.189379,-0.164791
6.9200,1.100448,-0.176607,-0.166621
6.9300,0.874184,-0.166733,-0.168337
6.9400,0.614471,-0.159290,-0.169968
6.9500,0.165792,-0.155389,-0.171541
6.9600,0.328804,-0.152916,-0.173082
6.9700,1.892251,-0.141811,-0.174556
6.9800,1.708970,-0.123805,-0.175884
6.9900,1.814452,-0.106187,-0.177034
7.0000,1.170393,-0.091263,-0.178021
7.0100,0.959587,-0.080613,-0.178881
7.0200,0.113061,-0.075250,-0.179660
7.0300,-0.153321,-0.075451,-0.180414
7.0400,-0.071916,-0.076578,-0.181174
7.0500,0.557820,-0.074148,-0.181927
7.0600,0.049274,-0.071113,-0.182654
7.0700,-0.445331,-0.073093,-0.183375
7.0800,-0.004029,-0.075340,-0.184117
7.0900,0.924200,-0.070739,-0.184847
7.1000,1.045175,-0.060892,-0.185505
7.1100,2.043879,-0.045447,-0.186037
7.1200,2.956880,-0.020443,-0.186367
7.1300,2.265163,0.005667,-0.186440
7.1400,1.933945,0.026663,-0.186279
7.1500,1.892096,0.045793,-0.185916
7.1600,1.976127,0.065134,-0.185362
7.1700,2.933438,0.089682,-0.184588
7.1800,2.897535,0.118837,-0.183545
7.1900,2.897482,0.147812,-0.182212
7.2000,2.807938,0.176339,-0.180591
7.2100,1.424214,0.197500,-0.178722
7.2200,1.712199,0.213182,-0.176669
7.2300,1.034144,0.226914,-0.174468
7.2400,0.415815,0.234163,-0.172163
7.2500,0.143766,0.236961,-0.169807
7.2600,0.828769,0.241824,-0.167413
7.2700,1.141447,0.251675,-0.164946
7.2800,0.501137,0.259888,-0.162388
7.2900,0.770730,0.266247,-0.159757
7.3000,0.020519,0.270204,-0.157075
7.3100,-0.386452,0.268374,-0.154382
7.3200,-0.218028,0.265352,-0.151713
7.3300,-0.464346,0.261940,-0.149077
7.3400,-0.868058,0.255278,-0.146491
7.3500,0.274344,0.252309,-0.143953
7.3600,0.838189,0.257872,-0.141402
7.3700,0.632796,0.265227,-0.138787
7.3800,-0.416091,0.266310,-0.136129
7.3900,-0.903858,0.259710,-0.133499
7.4000,-0.358704,0.253398,-0.130933
7.4100,-0.296735,0.250120,-0.128416
7.4200,0.313774,0.250206,-0.125914
7.4300,-0.147278,0.251038,-0.123408
7.4400,-0.141235,0.249596,-0.120905
7.4500,-0.339492,0.247192,-0.118421
7.4600,-1.162917,0.239680,-0.115986
7.4700,0.259676,0.235164,-0.113612
7.4800,0.504849,0.238986,-0.111241
7.4900,-0.133034,0.240845,-0.108842
7.5000,-0.014209,0.240109,-0.106437
7.5100,-0.508689,0.237495,-0.104049
7.5200,-1.105942,0.229422,-0.101715
7.5300,-0.558027,0.221102,-0.099462
7.5400,-0.257244,0.217025,-0.097272
7.5500,0.226735,0.216873,-0.095102
7.5600,0.538831,0.220701,-0.092914
7.5700,0.754899,0.227169,-0.090675
7.5800,0.677980,0.234334,-0.088367
7.5900,0.421303,0.239830,-0.085996
7.6000,1.824723,0.251060,-0.083542
7.6100,2.213048,0.271249,-0.080930
7.6200,2.171784,0.293173,-0.078108
7.6300,1.860969,0.313337,-0.075076
7.6400,2.084732,0.333065,-0.071844
7.6500,1.493374,0.350956,-0.068424
7.6600,1.545524,0.366151,-0.064838
7.6700,1.044257,0.379099,-0.061112
7.6800,1.660626,0.392624,-0.057253
7.6900,1.001342,0.405934,-0.053261
7.7000,0.014963,0.411015,-0.049176
7.7100,0.189959,0.412040,-0.045060
7.7200,0.032031,0.413150,-0.040935
7.7300,-0.237284,0.412123,-0.036808
7.7400,-0.743822,0.407218,-0.032711
7.7500,-1.231503,0.397341,-0.028689
7.7600,-1.592336,0.383222,-0.024786
7.7700,-2.168809,0.364416,-0.021048
7.7800,-2.014258,0.343501,-0.017508
7.7900,-1.092869,0.327965,-0.014151
7.8000,-0.680740,0.319097,-0.010915
7.8100,-1.209747,0.309645,-0.007772
7.8200,-0.911556,0.299038,-0.004728
7.8300,0.212851,0.295545,-0.001755
7.8400,0.998461,0.301601,0.001230
7.8500,1.529689,0.314242,0.004310
7.8600,1.201598,0.327899,0.007520
7.8700,1.076595,0.339290,0.010856
7.8800,1.315081,0.351248,0.014309
7.8900,0.959395,0.362620,0.017878
7.9000,0.900386,0.371919,0.021551
7.9100,0.862523,0.380734,0.025314
7.9200,1.796261,0.394028,0.029188
7.9300,2.408873,0.415053,0.033233
7.9400,2.787158,0.441034,0.037514
7.9500,3.376135,0.471850,0.042078
7.9600,2.612365,0.501793,0.046946
7.9700,1.951895,0.524614,0.052079
7.9800,1.234393,0.540545,0.057404
7.9900,-0.002337,0.546706,0.062841
8.0000,-1.221254,0.540588,0.068277
8.0100,-1.963840,0.524662,0.073603
8.0200,-2.658031,0.501553,0.078734
8.0300,-2.849836,0.474013,0.083612
8.0400,-2.664340,0.446443,0.088214
8.0500,-2.129488,0.422473,0.092559
8.0600,-2.026770,0.401692,0.096680
8.0700,-1.988106,0.381618,0.100596
8.0800,-1.898166,0.362186,0.104315
8.0900,-2.717080,0.339110,0.107822
8.1000,-1.659536,0.317227,0.111104
8.1100,-0.231389,0.307772,0.114229
8.1200,-0.240900,0.305411,0.117295
8.1300,0.363926,0.306026,0.120352
8.1400,0.551324,0.310602,0.123435
8.1500,0.221026,0.314464,0.126560
8.1600,-0.537471,0.312882,0.129697
8.1700,-1.407473,0.303157,0.132777
8.1800,-1.747729,0.287381,0.135730
8.1900,-1.812802,0.269579,0.138515
8.2000,-1.875329,0.251138,0.141118
8.2100,-2.182476,0.230849,0.143528
8.2200,-2.474884,0.207562,0.145720
8.2300,-2.959960,0.180388,0.147660
8.2400,-2.608797,0.152544,0.149325
8.2500,-2.506319,0.126968,0.150722
8.2600,-1.444763,0.107213,0.151893
8.2700,-1.374473,0.093117,0.152895
8.2800,-1.569638,0.078396,0.153752
8.2900,-1.595774,0.062569,0.154457
8.3000,-1.196613,0.048607,0.155013
8.3100,-1.067451,0.037287,0.155442
8.3200,-0.695821,0.028471,0.155771
8.3300,-0.814105,0.020921,0.156018
8.3400,0.198459,0.017843,0.156212
8.3500,0.394221,0.020806,0.156405
8.3600,-0.409125,0.020732,0.156613
8.3700,-1.183114,0.012770,0.156780
8.3800,-1.068881,0.001510,0.156852
8.3900,-0.363178,-0.005650,0.156831
8.4000,-0.809499,-0.011513,0.156745
8.4100,0.274789,-0.014187,0.156617
8.4200,0.621868,-0.009703,0.156497
8.4300,0.975794,-0.001715,0.156440
8.4400,0.166194,0.003995,0.156452
8.4500,0.383784,0.006745,0.156505
8.4600,0.925846,0.013293,0.156606
8.4700,1.445867,0.025151,0.156798
8.4800,0.306512,0.033913,0.157093
8.4900,0.379698,0.037344,0.157449
8.5000,-0.676720,0.035859,0.157815
8.5100,-1.350122,0.025725,0.158123
8.5200,-1.361803,0.012165,0.158313
8.5300,-1.985150,-0.004569,0.158351
8.5400,-1.026052,-0.019625,0.158230
8.5500,-0.329844,-0.026405,0.158000
8.5600,-0.970826,-0.032908,0.157703
8.5700,-0.800728,-0.041766,0.157330
8.5800,0.792055,-0.041809,0.156912
8.5900,1.043983,-0.032629,0.156540
8.6000,0.916285,-0.022828,0.156262
8.6100,1.403079,-0.011231,0.156092
8.6200,2.029019,0.005929,0.156066
8.6300,1.940756,0.025778,0.156224
8.6400,1.674660,0.043855,0.156572
8.6500,1.499457,0.059726,0.157090
8.6600,1.079324,0.072620,0.157752
8.6700,0.847146,0.082252,0.158526
8.6800,0.299626,0.087986,0.159377
8.6900,-0.956162,0.084703,0.160241
8.7000,-1.921000,0.070318,0.161016
8.7100,-1.366903,0.053878,0.161637
8.7200,-0.446193,0.044813,0.162130
8.7300,0.026226,0.042713,0.162568
8.7400,0.246671,0.044077,0.163002
8.7500,0.008876,0.045355,0.163449
8.7600,-0.470038,0.043049,0.163891
8.7700,-0.738062,0.037009,0.164292
8.7800,-0.457668,0.031030,0.164632
8.7900,0.214571,0.029815,0.164936
8.8000,0.457412,0.033175,0.165251
8.8100,-1.141254,0.029755,0.165566
8.8200,-2.178977,0.013154,0.165780
8.8300,-2.675186,-0.011117,0.165790
8.8400,-1.352625,-0.031256,0.165578
8.8500,-0.674363,-0.041391,0.165215
8.8600,-0.830237,-0.048914,0.164764
8.8700,-1.040790,-0.058269,0.164228
8.8800,-1.348254,-0.070214,0.163585
8.8900,-1.293804,-0.083424,0.162817
8.9000,-0.753114,-0.093659,0.161932
8.9100,-0.578271,-0.100316,0.160962
8.9200,-1.239886,-0.109407,0.159913
8.9300,-0.826392,-0.119738,0.158768
8.9400,0.354616,-0.122097,0.157558
8.9500,0.684367,-0.116902,0.156363
8.9600,-0.437041,-0.115665,0.155201
8.9700,0.212662,-0.116787,0.154038
8.9800,0.517497,-0.113136,0.152889
8.9900,0.145922,-0.109819,0.151774
9.0000,-0.858549,-0.113382,0.150658
9.0100,-0.877594,-0.122063,0.149481
9.0200,-1.323380,-0.133068,0.148205
9.0300,-1.754868,-0.148459,0.146797
9.0400,-1.512817,-0.164798,0.145231
9.0500,-2.200130,-0.183362,0.143490
9.0600,-1.969121,-0.204209,0.141552
9.0700,-2.093668,-0.224523,0.139409
9.0800,-2.328406,-0.246633,0.137053
9.0900,-1.984521,-0.268198,0.134479
9.1000,-2.401355,-0.290127,0.131687
9.1100,-3.252956,-0.318399,0.128645
9.1200,-2.509476,-0.347211,0.125316
9.1300,-1.108675,-0.365302,0.121754
9.1400,-0.112297,-0.371406,0.118070
9.1500,0.476084,-0.369587,0.114365
9.1600,0.196117,-0.366226,0.110686
9.1700,0.511276,-0.362689,0.107042
9.1800,1.125138,-0.354507,0.103456
9.1900,2.120434,-0.338280,0.099992
9.2000,2.715366,-0.314101,0.096730
9.2100,1.745259,-0.291797,0.093700
9.2200,1.276407,-0.276689,0.090858
9.2300,1.235784,-0.264128,0.088154
9.2400,1.352280,-0.251188,0.085577
9.2500,1.798583,-0.235434,0.083144
9.2600,1.265547,-0.220113,0.080867
9.2700,1.446661,-0.206552,0.078733
9.2800,2.049571,-0.189071,0.076755
9.2900,2.147663,-0.168084,0.074969
9.3000,3.330821,-0.140692,0.073425
9.3100,3.396448,-0.107056,0.072187
9.3200,3.192664,-0.074110,0.071281
9.3300,2.829640,-0.043999,0.070690
9.3400,2.315600,-0.018272,0.070379
9.3500,1.261526,-0.000387,0.070286
9.3600,1.331516,0.012578,0.070347
9.3700,1.361142,0.026042,0.070540
9.3800,1.744137,0.041568,0.070878
9.3900,0.573457,0.053156,0.071351
9.4000,0.924433,0.060645,0.071920
9.4100,0.673979,0.068638,0.072567
9.4200,1.130571,0.077660,0.073298
9.4300,0.459772,0.085612,0.074115
9.4400,-0.102400,0.087399,0.074980
9.4500,-1.102924,0.081372,0.075824
9.4600,-1.675154,0.067482,0.076568
9.4700,-2.380866,0.047202,0.077141
9.4800,-1.710008,0.026747,0.077511
9.4900,-1.341023,0.011492,0.077702
9.5000,-1.473899,-0.002582,0.077747
9.5100,-1.210311,-0.016003,0.077654
9.5200,-0.754220,-0.025826,0.077445
9.5300,-0.701099,-0.033103,0.077150
9.5400,-0.783179,-0.040524,0.076782
9.5500,-0.807462,-0.048477,0.076337
9.5600,-1.004333,-0.057536,0.075807
9.5700,-1.832879,-0.071722,0.075161
9.5800,-1.227590,-0.087025,0.074367
9.5900,-1.943042,-0.102878,0.073417
9.6000,-2.304199,-0.124114,0.072282
9.6100,-2.405264,-0.147661,0.070923
9.6200,-1.645205,-0.167914,0.069346
9.6300,-1.467656,-0.183478,0.067589
9.6400,-0.622479,-0.193929,0.065702
9.6500,-0.251925,-0.198301,0.063740
9.6600,-0.357327,-0.201347,0.061742
9.6700,-0.380923,-0.205038,0.059710
9.6800,0.139403,-0.206246,0.057654
9.6900,1.419373,-0.198452,0.055630
9.7000,2.571255,-0.178499,0.053746
9.7100,2.781160,-0.151737,0.052094
9.7200,2.505056,-0.125306,0.050709
9.7300,1.827546,-0.103643,0.049564
9.7400,1.899907,-0.085005,0.048621
9.7500,2.490862,-0.063052,0.047881
9.7600,1.901171,-0.041091,0.047360
9.7700,1.464627,-0.024262,0.047033
9.7800,1.645611,-0.008711,0.046869
9.7900,0.928286,0.004158,0.046846
9.8000,0.952709,0.013563,0.046934
9.8100,0.839879,0.022526,0.047115
9.8200,-0.112044,0.026165,0.047358
9.8300,-0.361765,0.023796,0.047608
9.8400,0.612009,0.025048,0.047852
9.8500,0.887495,0.032545,0.048140
9.8600,1.349667,0.043731,0.048522
9.8700,2.381957,0.062389,0.049052
9.8800,2.375430,0.086176,0.049795
9.8900,2.350631,0.109806,0.050775
9.9000,2.221977,0.132669,0.051987
9.9100,1.773674,0.152648,0.053414
9.9200,1.965483,0.171343,0.055034
9.9300,2.735830,0.194850,0.056865
9.9400,2.401474,0.220536,0.058942
9.9500,2.238502,0.243736,0.061263
9.9600,2.170030,0.265779,0.063811
9.9700,0.859200,0.280925,0.066544
9.9800,0.375209,0.287097,0.069384
9.9900,-0.896743,0.284489,0.072242
10.0000,-1.031890,0.274846,0.075039
10.0100,-1.375114,0.262811,0.077727
10.0200,-1.010079,0.250885,0.080296
10.0300,-0.843315,0.241618,0.082758
10.0400,-0.640641,0.234199,0.085137
10.0500,-1.662867,0.222681,0.087422
10.0600,-2.143289,0.203650,0.089553
10.0700,-2.723516,0.179316,0.091468
10.0800,-2.437464,0.153511,0.093132
10.0900,-1.923281,0.131708,0.094559
10.1000,-2.081229,0.111685,0.095776
10.1100,-1.055851,0.096000,0.096814
10.1200,-1.178293,0.084829,0.097718
10.1300,-0.345298,0.077211,0.098528
10.1400,0.640416,0.078687,0.099308
10.1500,2.217819,0.092978,0.100166
10.1600,3.211844,0.120126,0.101232
10.1700,2.330974,0.147840,0.102571
10.1800,2.515510,0.172073,0.104171
10.1900,2.473410,0.197017,0.106016
10.2000,1.853051,0.218649,0.108095
10.2100,1.398742,0.234908,0.110363
10.2200,2.109082,0.252448,0.112799
10.2300,1.350903,0.269748,0.115410
10.2400,1.657957,0.284792,0.118183
10.2500,0.544651,0.295805,0.121086
10.2600,0.448489,0.300771,0.124069
10.2700,-0.471179,0.300657,0.127076
10.2800,-0.851520,0.294044,0.130050
10.2900,-1.020399,0.284684,0.132943
10.3000,-1.257240,0.273296,0.135733
10.3100,-1.507150,0.259474,0.138397
10.3200,-1.080809,0.246534,0.140927
10.3300,-1.122218,0.235519,0.143337
10.3400,-1.929349,0.220261,0.145616
10.3500,-1.827456,0.201477,0.147725
10.3600,-2.504047,0.179820,0.149631
10.3700,-1.897899,0.157810,0.151319
10.3800,-1.112915,0.142756,0.152822
10.3900,-0.675260,0.133815,0.154205
10.4000,-0.038535,0.130246,0.155525
10.4100,-0.386468,0.128121,0.156817
10.4200,-1.433411,0.119021,0.158053
10.4300,-1.882704,0.102441,0.159160
10.4400,-1.987034,0.083092,0.160088
10.4500,-1.047687,0.067919,0.160843
10.4600,-0.135410,0.062003,0.161493
10.4700,-0.391117,0.059370,0.162099
10.4800,0.282011,0.058825,0.162690
10.4900,0.098867,0.060729,0.163288
10.5000,0.807085,0.065259,0.163918
10.5100,0.304241,0.070816,0.164599
10.5200,-0.218333,0.071245,0.165309
10.5300,-0.673719,0.066785,0.165999
10.5400,-1.594465,0.055444,0.166610
10.5500,-1.466946,0.040137,0.167088
10.5600,-0.940107,0.028102,0.167429
10.5700,-1.287493,0.016964,0.167655
10.5800,-1.917555,0.000939,0.167744
10.5900,-2.237528,-0.019837,0.167650
10.6000,-2.207867,-0.042064,0.167340
10.6100,-1.236843,-0.059287,0.166833
10.6200,-0.228164,-0.066612,0.166204
10.6300,-0.107883,-0.068293,0.165529
10.6400,-0.970780,-0.073686,0.164819
10.6500,-0.755474,-0.082317,0.164039
10.6600,-0.949435,-0.090842,0.163174
10.6700,-1.287121,-0.102025,0.162209
10.6800,-1.195293,-0.114437,0.161127
10.6900,-1.962459,-0.130225,0.159904
10.7000,-1.898795,-0.149532,0.158505
10.7100,-0.968949,-0.163870,0.156938
10.7200,-0.427813,-0.170854,0.155264
10.7300,-1.385629,-0.179921,0.153510
10.7400,-1.372414,-0.193712,0.151642
10.7500,-0.526556,-0.203207,0.149658
10.7600,-0.157281,-0.206626,0.147608
10.7700,-1.076016,-0.212792,0.145511
10.7800,-1.039071,-0.223368,0.143331
10.7900,-0.362887,-0.230377,0.141062
10.8000,-0.992841,-0.237156,0.138724
10.8100,-0.237278,-0.243307,0.136322
10.8200,-0.517740,-0.247082,0.133870
10.8300,0.024048,-0.249550,0.131387
10.8400,0.688145,-0.245989,0.128909
10.8500,0.852362,-0.238287,0.126488
10.8600,1.014554,-0.228952,0.124151
10.8700,1.152345,-0.218118,0.121916
10.8800,0.248310,-0.211114,0.119770
10.8900,0.316849,-0.208289,0.117673
10.9000,1.509650,-0.199156,0.115636
10.9100,0.804724,-0.187584,0.113702
10.9200,0.546457,-0.180828,0.111860
10.9300,0.623064,-0.174981,0.110081
10.9400,0.451833,-0.169606,0.108358
10.9500,0.733875,-0.163678,0.106692
10.9600,1.446091,-0.152778,0.105109
10.9700,0.686005,-0.142117,0.103635
10.9800,0.278425,-0.137295,0.102238
10.9900,-0.803971,-0.139923,0.100852
11.0000,-0.653378,-0.147210,0.099416
11.0100,-0.075192,-0.150852,0.097926
11.0200,0.090816,-0.150774,0.096418
11.0300,0.288876,-0.148876,0.094919
11.0400,0.069148,-0.147086,0.093440
11.0500,-0.189468,-0.147687,0.091966
11.0600,-0.445156,-0.150861,0.090473
11.0700,0.127897,-0.152447,0.088956
11.0800,0.452366,-0.149545,0.087446
11.0900,0.906818,-0.142750,0.085985
11.1000,0.541836,-0.135506,0.084594
11.1100,0.418152,-0.130706,0.083263
11.1200,-0.198567,-0.129608,0.081961
11.1300,-0.211368,-0.131658,0.080655
11.1400,-0.746114,-0.136446,0.079314
11.1500,-1.089390,-0.145623,0.077904
11.1600,-1.400443,-0.158072,0.076385
11.1700,-1.755467,-0.173852,0.074726
11.1800,-1.797396,-0.191616,0.072898
11.1900,-1.748894,-0.209348,0.070894
11.2000,-1.532188,-0.225753,0.068718
11.2100,-1.517360,-0.241001,0.066384
11.2200,-0.798008,-0.252577,0.063916
11.2300,-0.541393,-0.259274,0.061357
11.2400,-0.974684,-0.266855,0.058726
11.2500,-0.491976,-0.274188,0.056021
11.2600,-0.814953,-0.280723,0.053247
11.2700,-1.514642,-0.292371,0.050381
11.2800,-2.136881,-0.310628,0.047366
11.2900,-1.243034,-0.327528,0.044175
11.3000,-0.106168,-0.334274,0.040866
11.3100,0.740209,-0.331104,0.037540
11.3200,0.592434,-0.324441,0.034262
11.3300,0.258090,-0.320188,0.031039
11.3400,-0.142500,-0.319610,0.027840
11.3500,-0.601082,-0.323328,0.024625
11.3600,-0.302700,-0.327847,0.021369
11.3700,-0.661604,-0.332668,0.018067
11.3800,0.076531,-0.335594,0.014725
11.3900,0.163643,-0.334393,0.011375
11.4000,0.492870,-0.331110,0.008048
11.4100,1.331337,-0.321989,0.004782
11.4200,1.259883,-0.309033,0.001627
11.4300,1.458663,-0.295440,-0.001395
11.4400,0.982999,-0.283232,-0.004289
11.4500,1.821626,-0.269209,-0.007051
11.4600,1.077442,-0.254714,-0.009670
11.4700,0.723120,-0.245711,-0.012172
11.4800,0.949299,-0.237349,-0.014588
11.4900,1.460416,-0.225300,-0.016901
11.5000,1.621509,-0.209891,-0.019077
11.5100,1.041533,-0.196575,-0.021109
11.5200,0.592653,-0.188404,-0.023034
11.5300,0.778598,-0.181548,-0.024884
11.5400,1.401113,-0.170650,-0.026645
11.5500,1.782597,-0.154731,-0.028272
11.5600,1.201110,-0.139812,-0.029745
11.5700,1.009653,-0.128759,-0.031087
11.5800,0.839379,-0.119514,-0.032329
11.5900,0.680454,-0.111914,-0.033486
11.6000,0.908101,-0.103972,-0.034565
11.6100,0.817404,-0.095344,-0.035562
11.6200,0.058754,-0.090963,-0.036493
11.6300,-0.648580,-0.093912,-0.037418
11.6400,-0.598508,-0.100148,-0.038388
11.6500,0.084355,-0.102719,-0.039402
11.6600,0.193418,-0.101330,-0.040423
11.6700,-0.365564,-0.102190,-0.041440
11.6800,0.783709,-0.100100,-0.042452
11.6900,1.161258,-0.090375,-0.043404
11.7000,0.968921,-0.079724,-0.044255
11.7100,0.693545,-0.071412,-0.045010
11.7200,0.261356,-0.066637,-0.045701
11.7300,0.720944,-0.061726,-0.046342
11.7400,0.055850,-0.057842,-0.046940
11.7500,0.228678,-0.056419,-0.047512
11.7600,-0.028983,-0.055421,-0.048071
11.7700,-0.467433,-0.057903,-0.048637
11.7800,-0.874255,-0.064611,-0.049250
11.7900,-1.716504,-0.077565,-0.049961
11.8000,-0.988497,-0.091090,-0.050804
11.8100,-0.776322,-0.099914,-0.051759
11.8200,-1.045168,-0.109021,-0.052804
11.8300,-1.307535,-0.120785,-0.053953
11.8400,-1.567810,-0.135162,-0.055233
11.8500,-0.931329,-0.147657,-0.056647
11.8600,-0.543379,-0.155031,-0.058160
11.8700,-0.574254,-0.160619,-0.059738
11.8800,-0.033015,-0.163655,-0.061360
11.8900,0.618733,-0.160727,-0.062982
11.9000,0.919587,-0.153035,-0.064550
11.9100,1.595650,-0.140459,-0.066018
11.9200,2.225946,-0.121351,-0.067327
11.9300,1.158115,-0.104431,-0.068456
11.9400,0.855066,-0.094365,-0.069450
11.9500,1.852751,-0.080826,-0.070326
11.9600,1.821065,-0.062457,-0.071042
11.9700,1.906217,-0.043820,-0.071574
11.9800,1.407658,-0.027251,-0.071929
11.9900,0.452377,-0.017951,-0.072155
12.0000,-0.629090,-0.018834,-0.072339
12.0100,-0.254545,-0.023253,-0.072549
12.0200,-0.560949,-0.027330,-0.072802
12.0300,-0.119479,-0.030732,-0.073092
12.0400,-0.153153,-0.032095,-0.073407
12.0500,-0.147071,-0.033596,-0.073735
12.0600,-0.040118,-0.034532,-0.074076
12.0700,-0.110273,-0.035284,-0.074425
12.0800,0.390581,-0.033883,-0.074771
12.0900,0.710526,-0.028377,-0.075082
12.1000,1.047657,-0.019586,-0.075322
12.1100,1.726014,-0.005718,-0.075448
12.1200,1.099979,0.008412,-0.075435
12.1300,1.366593,0.020745,-0.075289
12.1400,1.115711,0.033156,-0.075020
12.1500,0.695099,0.042210,-0.074643
12.1600,1.158179,0.051477,-0.074174
12.1700,0.755807,0.061047,-0.073612
12.1800,0.618866,0.067920,-0.072967
12.1900,-0.505486,0.068487,-0.072285
12.2000,-0.505440,0.063432,-0.071625
12.2100,-0.451180,0.058649,-0.071015
12.2200,-1.790123,0.047443,-0.070484
12.2300,-1.059768,0.033193,-0.070081
12.2400,-0.894403,0.023422,-0.069798
12.2500,-0.982922,0.014036,-0.069611
12.2600,-0.340935,0.007417,-0.069503
12.2700,0.446125,0.007943,-0.069427
12.2800,0.612202,0.013234,-0.069321
12.2900,-0.254531,0.015023,-0.069180
12.3000,-0.415485,0.011672,-0.069046
12.3100,-0.760199,0.005794,-0.068959
12.3200,-0.785549,-0.001935,-0.068939
12.3300,-0.766243,-0.009694,-0.068998
12.3400,-1.140058,-0.019225,-0.069142
12.3500,-0.724136,-0.028546,-0.069381
12.3600,-0.301839,-0.033676,-0.069692
12.3700,-0.074886,-0.035560,-0.070038
12.3800,-0.164995,-0.036759,-0.070400
12.3900,0.545278,-0.034858,-0.070758
12.4000,0.743033,-0.028416,-0.071074
12.4100,0.884266,-0.020280,-0.071318
12.4200,0.859864,-0.011559,-0.071477
12.4300,0.946094,-0.002529,-0.071547
12.4400,0.845462,0.006429,-0.071528
12.4500,1.313470,0.017223,-0.071410
12.4600,0.700333,0.027292,-0.071187
12.4700,0.488625,0.033237,-0.070884
12.4800,0.559209,0.038476,-0.070526
12.4900,0.166347,0.042104,-0.070123
12.5000,0.257621,0.044224,-0.069691
12.5100,0.153162,0.046278,-0.069239
12.5200,0.435088,0.049219,-0.068761
12.5300,1.156980,0.057179,-0.068229
12.5400,0.287618,0.064402,-0.067621
12.5500,-0.160750,0.065037,-0.066974
12.5600,0.066511,0.064566,-0.066326
12.5700,0.084420,0.065320,-0.065677
12.5800,-0.145851,0.065013,-0.065025
12.5900,-0.152000,0.063524,-0.064382
12.6000,-0.735621,0.059086,-0.063769
12.6100,-1.335252,0.048731,-0.063230
12.6200,-1.564356,0.034233,-0.062816
12.6300,-1.274328,0.020040,-0.062544
12.6400,-1.577284,0.005782,-0.062415
12.6500,-1.743044,-0.010820,-0.062440
12.6600,-1.214798,-0.025609,-0.062622
12.6700,-1.556087,-0.039464,-0.062948
12.6800,-1.178295,-0.053135,-0.063411
12.6900,-0.475632,-0.061405,-0.063983
12.7000,-0.446349,-0.066015,-0.064621
12.7100,0.187411,-0.067310,-0.065287
12.7200,0.846060,-0.062142,-0.065934
12.7300,0.861495,-0.053605,-0.066513
12.7400,1.337428,-0.042610,-0.066994
12.7500,1.853029,-0.026658,-0.067341
12.7600,1.839501,-0.008195,-0.067515
12.7700,1.624572,0.009125,-0.067510
12.7800,1.333984,0.023918,-0.067345
12.7900,0.833742,0.034757,-0.067052
12.8000,0.074088,0.039296,-0.066681
12.8100,-0.739775,0.035968,-0.066305
12.8200,-1.041273,0.027062,-0.065990
12.8300,-1.105229,0.016330,-0.065773
12.8400,-0.918836,0.006209,-0.065660
12.8500,-0.759894,-0.002184,-0.065640
12.8600,-0.608765,-0.009027,-0.065696
12.8700,-0.531879,-0.014731,-0.065815
12.8800,-0.274856,-0.018764,-0.065982
12.8900,0.413104,-0.018073,-0.066167
12.9000,-0.094419,-0.016480,-0.066339
12.9100,-0.402950,-0.018967,-0.066517
12.9200,-0.281405,-0.022388,-0.066723
12.9300,-0.820697,-0.027899,-0.066975
12.9400,-1.029045,-0.037148,-0.067300
12.9500,-0.165678,-0.043121,-0.067701
12.9600,0.026859,-0.043815,-0.068136
12.9700,0.157348,-0.042894,-0.068570
12.9800,0.316963,-0.040523,-0.068987
12.9900,0.483297,-0.036521,-0.069372
13.0000,0.443715,-0.031886,-0.069714
13.0100,-0.124981,-0.030293,-0.070025
13.0200,-0.110403,-0.031470,-0.070334
13.0300,0.447333,-0.029785,-0.070640
13.0400,0.281562,-0.026140,-0.070920
13.0500,0.269393,-0.023386,-0.071167
13.0600,0.922684,-0.017425,-0.071371
13.0700,0.032562,-0.012649,-0.071522
13.0800,0.198807,-0.011492,-0.071642
13.0900,0.593060,-0.007533,-0.071737
13.1000,0.210083,-0.003517,-0.071793
13.1100,0.601753,0.000542,-0.071808
13.1200,0.692614,0.007014,-0.071770
13.1300,0.201034,0.011482,-0.071677
13.1400,0.520461,0.015090,-0.071544
13.1500,1.088221,0.023133,-0.071353
13.1600,1.372292,0.035436,-0.071061
13.1700,1.008936,0.047342,-0.070647
13.1800,0.648920,0.055631,-0.070132
13.1900,0.370261,0.060727,-0.069550
13.2000,1.098833,0.068072,-0.068906
13.2100,0.821256,0.077673,-0.068177
13.2200,0.095452,0.082256,-0.067378
13.2300,0.041884,0.082943,-0.066552
13.2400,-0.617415,0.080065,-0.065737
13.2500,-1.018683,0.071885,-0.064977
13.2600,-0.575086,0.063916,-0.064298
13.2700,-0.699322,0.057544,-0.063691
13.2800,-0.639340,0.050851,-0.063149
13.2900,-0.128084,0.047014,-0.062659
13.3000,0.337118,0.048059,-0.062184
13.3100,-0.031529,0.049587,-0.061696
13.3200,-0.444916,0.047204,-0.061212
13.3300,-0.190657,0.044027,-0.060756
13.3400,-0.023087,0.042958,-0.060321
13.3500,0.161500,0.043650,-0.059888
13.3600,-0.354117,0.042687,-0.059456
13.3700,-1.127977,0.035276,-0.059066
13.3800,-0.056662,0.029353,-0.058743
13.3900,-0.025946,0.028940,-0.058451
13.4000,0.059423,0.029107,-0.058161
13.4100,0.506723,0.031938,-0.057856
13.4200,0.261481,0.035779,-0.057517
13.4300,-0.442581,0.034874,-0.057164
13.4400,-0.908329,0.028119,-0.056849
13.4500,-0.634373,0.020406,-0.056607
13.4600,0.178463,0.018126,-0.056414
13.4700,0.423068,0.021134,-0.056218
13.4800,1.143382,0.028966,-0.055967
13.4900,0.559195,0.037479,-0.055635
13.5000,1.051397,0.045532,-0.055220
13.5100,1.098348,0.056281,-0.054711
13.5200,1.279103,0.068168,-0.054089
13.5300,1.128834,0.080208,-0.053347
13.5400,1.317959,0.092441,-0.052483
13.5500,1.006326,0.104063,-0.051501
13.5600,1.048810,0.114339,-0.050409
13.5700,0.779868,0.123482,-0.049220
13.5800,0.067936,0.127721,-0.047964
13.5900,-0.392215,0.126100,-0.046695
13.6000,-0.915516,0.119561,-0.045466
13.6100,-1.180305,0.109082,-0.044323
13.6200,-1.758841,0.094386,-0.043306
13.6300,-1.527217,0.077956,-0.042444
13.6400,-1.359298,0.063523,-0.041737
13.6500,-1.684581,0.048304,-0.041178
13.6600,-2.524277,0.027260,-0.040800
13.6700,-2.323310,0.003022,-0.040648
13.6800,-1.939110,-0.018290,-0.040725
13.6900,-1.771652,-0.036844,-0.041000
13.7000,-1.218903,-0.051797,-0.041444
13.7100,-0.533457,-0.060559,-0.042005
13.7200,0.298818,-0.061732,-0.042617
13.7300,0.374318,-0.058366,-0.043217
13.7400,0.653302,-0.053228,-0.043775
13.7500,1.338358,-0.043270,-0.044258
13.7600,1.520624,-0.028975,-0.044619
13.7700,1.778577,-0.012479,-0.044826
13.7800,1.699123,0.004909,-0.044864
13.7900,1.807447,0.022442,-0.044727
13.8000,1.264362,0.037801,-0.044426
13.8100,0.681601,0.047531,-0.043999
13.8200,0.602834,0.053953,-0.043492
13.8300,0.158779,0.057761,-0.042933
13.8400,-0.589753,0.055607,-0.042367
13.8500,-0.656372,0.049376,-0.041842
13.8600,-0.855586,0.041816,-0.041386
13.8700,-1.385044,0.030613,-0.041024
13.8800,-1.488931,0.016243,-0.040789
13.8900,-1.096515,0.003316,-0.040691
13.9000,-0.854565,-0.006440,-0.040707
13.9100,-0.059269,-0.011009,-0.040794
13.9200,-0.972842,-0.016169,-0.040930
13.9300,-0.673696,-0.024402,-0.041133
13.9400,-0.703586,-0.031288,-0.041412
13.9500,-0.264386,-0.036128,-0.041749
13.9600,0.347454,-0.035713,-0.042108
13.9700,0.677561,-0.030588,-0.042439
13.9800,1.014597,-0.022127,-0.042703
13.9900,1.207675,-0.011016,-0.042869
14.0000,1.413807,0.002092,-0.042913
14.0100,2.036482,0.019343,-0.042806
14.0200,1.917116,0.039111,-0.042514
14.0300,1.132504,0.054359,-0.042046
14.0400,0.788255,0.063963,-0.041455
14.0500,0.204505,0.068927,-0.040790
14.0600,-0.921087,0.065344,-0.040119
14.0700,-1.300729,0.054235,-0.039521
14.0800,-1.442999,0.040516,-0.039047
14.0900,-0.912059,0.028741,-0.038701
14.1000,-0.939555,0.019483,-0.038460
14.1100,-1.254750,0.008511,-0.038320
14.1200,-1.893496,-0.007230,-0.038314
14.1300,-2.128507,-0.027340,-0.038486
14.1400,-1.886826,-0.047417,-0.038860
14.1500,-1.531617,-0.064509,-0.039420
14.1600,-2.006929,-0.082201,-0.040153
14.1700,-1.859850,-0.101535,-0.041072
14.1800,-1.380906,-0.117739,-0.042168
14.1900,-0.948967,-0.129389,-0.043404
14.2000,-0.564154,-0.136954,-0.044736
14.2100,0.090925,-0.139320,-0.046117
14.2200,-0.169261,-0.139712,-0.047512
14.2300,-0.054544,-0.140831,-0.048915
14.2400,-0.770592,-0.144957,-0.050344
14.2500,-1.286224,-0.155241,-0.051845
14.2600,-1.448556,-0.168915,-0.053466
14.2700,-1.207694,-0.182196,-0.055221
14.2800,-1.114016,-0.193804,-0.057101
14.2900,-1.130404,-0.205027,-0.059095
14.3000,-0.556219,-0.213460,-0.061188
14.3100,-0.255474,-0.217518,-0.063343
14.3200,-0.355806,-0.220575,-0.065533
14.3300,0.079170,-0.221958,-0.067746
14.3400,0.503777,-0.219043,-0.069951
14.3500,0.516074,-0.213944,-0.072116
14.3600,0.711971,-0.207803,-0.074225
14.3700,0.246370,-0.203012,-0.076279
14.3800,0.391730,-0.199821,-0.078293
14.3900,0.338608,-0.196170,-0.080273
14.4000,0.703176,-0.190961,-0.082208
14.4100,0.604803,-0.184421,-0.084085
14.4200,0.959168,-0.176601,-0.085890
14.4300,1.231498,-0.165648,-0.087602
14.4400,0.874306,-0.155119,-0.089206
14.4500,1.200184,-0.144746,-0.090705
14.4600,1.026757,-0.133611,-0.092097
14.4700,1.556017,-0.120698,-0.093368
14.4800,1.433685,-0.105749,-0.094500
14.4900,1.725136,-0.089955,-0.095479
14.5000,0.898603,-0.076836,-0.096313
14.5100,0.539537,-0.069646,-0.097045
14.5200,0.770650,-0.063095,-0.097709
14.5300,0.737706,-0.055553,-0.098302
14.5400,1.150833,-0.046110,-0.098811
14.5500,0.571875,-0.037497,-0.099229
14.5600,0.488303,-0.032196,-0.099577
14.5700,0.099934,-0.029255,-0.099884
14.5800,-0.032455,-0.028917,-0.100175
14.5900,0.052532,-0.028817,-0.100464
14.6000,-0.358831,-0.030348,-0.100760
14.6100,-0.693518,-0.035610,-0.101089
14.6200,-0.776888,-0.042962,-0.101482
14.6300,-0.705706,-0.050375,-0.101949
14.6400,-0.014300,-0.053975,-0.102471
14.6500,-0.061405,-0.054354,-0.103012
14.6600,0.012364,-0.054599,-0.103557
14.6700,-0.138433,-0.055229,-0.104106
14.6800,-0.048348,-0.056163,-0.104663
14.6900,0.404373,-0.054383,-0.105216
14.7000,0.595112,-0.049385,-0.105735
14.7100,0.349106,-0.044664,-0.106205
14.7200,-0.165809,-0.043748,-0.106647
14.7300,-0.296507,-0.046059,-0.107096
14.7400,-0.348051,-0.049282,-0.107573
14.7500,-0.237270,-0.052209,-0.108080
14.7600,-0.210331,-0.054447,-0.108614
14.7700,-0.079872,-0.055898,-0.109165
14.7800,0.020202,-0.056196,-0.109726
14.7900,-0.371277,-0.057952,-0.110297
14.8000,0.155348,-0.059031,-0.110881
14.8100,0.205099,-0.057229,-0.111463
14.8200,0.541124,-0.053498,-0.112016
14.8300,0.456690,-0.048509,-0.112526
14.8400,0.741068,-0.042520,-0.112982
14.8500,1.119768,-0.033216,-0.113360
14.8600,1.805786,-0.018588,-0.113619
14.8700,1.439178,-0.002363,-0.113724
14.8800,1.037644,0.010021,-0.113686
14.8900,0.959650,0.020007,-0.113536
14.9000,1.113741,0.030374,-0.113284
14.9100,1.474257,0.043314,-0.112915
14.9200,1.223942,0.056805,-0.112415
14.9300,1.525411,0.070552,-0.111778
14.9400,0.916268,0.082760,-0.111011
14.9500,0.485931,0.089771,-0.110149
14.9600,0.554760,0.094975,-0.109225
14.9700,0.503448,0.100266,-0.108249
14.9800,0.390914,0.104738,-0.107224
14.9900,0.009104,0.106738,-0.106166
15.0000,-0.274870,0.105409,-0.105106
15.0100,-0.506816,0.101501,-0.104071
15.0200,-0.248355,0.097725,-0.103075
15.0300,0.379444,0.098380,-0.102094
15.0400,-0.236412,0.099095,-0.101107
15.0500,-0.776214,0.094032,-0.100141
15.0600,-0.981372,0.085244,-0.099245
15.0700,-1.014355,0.075266,-0.098442
15.0800,-0.568411,0.067352,-0.097729
15.0900,-0.875669,0.060131,-0.097092
15.1000,-1.225759,0.049624,-0.096543
15.1100,-1.547127,0.035760,-0.096116
15.1200,-1.094353,0.022552,-0.095825
15.1300,-0.573257,0.014214,-0.095641
15.1400,-0.878832,0.006954,-0.095535
15.1500,-0.693476,-0.000908,-0.095505
15.1600,-0.060158,-0.004676,-0.095533
15.1700,0.424340,-0.002855,-0.095570
15.1800,-0.023748,-0.000852,-0.095589
15.1900,-0.126395,-0.001603,-0.095601
15.2000,-0.386702,-0.004168,-0.095630
15.2100,-0.418926,-0.008196,-0.095692
15.2200,-0.163903,-0.011110,-0.095788
15.2300,-0.196817,-0.012914,-0.095908
15.2400,-0.034830,-0.014072,-0.096043
15.2500,-0.049290,-0.014493,-0.096186
15.2600,-0.225444,-0.015866,-0.096338
15.2700,-0.180588,-0.017897,-0.096507
15.2800,-0.428836,-0.020944,-0.096701
15.2900,-0.688490,-0.026530,-0.096938
15.3000,-0.246422,-0.031205,-0.097227
15.3100,-0.271602,-0.033795,-0.097552
15.3200,-0.064651,-0.035476,-0.097898
15.3300,0.155688,-0.035021,-0.098251
15.3400,0.737613,-0.030555,-0.098579
15.3500,1.130721,-0.021213,-0.098838
15.3600,0.786620,-0.011626,-0.099002
15.3700,0.716033,-0.004113,-0.099081
15.3800,0.572472,0.002330,-0.099089
15.3900,0.948352,0.009934,-0.099028
15.4000,1.386051,0.021606,-0.098870
15.4100,1.380419,0.035438,-0.098585
15.4200,0.962495,0.047153,-0.098172
15.4300,0.342039,0.053675,-0.097668
15.4400,-0.220898,0.054281,-0.097128
15.4500,0.165778,0.054005,-0.096587
15.4600,0.386874,0.056769,-0.096033
15.4700,-0.138674,0.058010,-0.095459
15.4800,0.232445,0.058478,-0.094877
15.4900,0.008682,0.059684,-0.094286
15.5000,-0.227604,0.058590,-0.093695
15.5100,-0.171240,0.056595,-0.093119
15.5200,0.189568,0.056687,-0.092552
15.5300,-0.085993,0.057205,-0.091983
15.5400,-0.454305,0.054503,-0.091424
15.5500,-0.185545,0.051304,-0.090895
15.5600,-0.802085,0.046366,-0.090407
15.5700,-0.530851,0.039701,-0.089976
15.5800,-0.810166,0.032996,-0.089613
15.5900,-0.956634,0.024162,-0.089327
15.6000,-0.661607,0.016071,-0.089126
15.6100,-0.651427,0.009506,-0.088998
15.6200,-0.804306,0.002227,-0.088939
15.6300,-1.076873,-0.007179,-0.088964
15.6400,-0.835861,-0.016742,-0.089084
15.6500,-0.745209,-0.024648,-0.089291
15.6600,-1.000548,-0.033377,-0.089581
15.6700,-1.021380,-0.043486,-0.089965
15.6800,-1.025816,-0.053722,-0.090451
15.6900,-0.936016,-0.063531,-0.091038
15.7000,-1.194303,-0.074183,-0.091726
15.7100,-0.355456,-0.081932,-0.092507
15.7200,0.128534,-0.083066,-0.093332
15.7300,0.255132,-0.081148,-0.094153
15.7400,0.115524,-0.079295,-0.094955
15.7500,0.051990,-0.078457,-0.095744
15.7600,0.589818,-0.075248,-0.096512
15.7700,0.261881,-0.070990,-0.097243
15.7800,0.339797,-0.067981,-0.097938
15.7900,0.199052,-0.065287,-0.098605
15.8000,-0.121685,-0.064900,-0.099256
15.8100,-0.243227,-0.066725,-0.099914
15.8200,-0.254022,-0.069211,-0.100593
15.8300,-0.088581,-0.070924,-0.101294
15.8400,-0.403264,-0.073383,-0.102016
15.8500,-0.485617,-0.077828,-0.102772
15.8600,-0.110762,-0.080810,-0.103565
15.8700,0.250964,-0.080109,-0.104369
15.8800,0.559130,-0.076058,-0.105150
15.8900,0.320660,-0.071659,-0.105889
15.9000,0.088267,-0.069614,-0.106595
15.9100,0.530221,-0.066522,-0.107276
15.9200,0.964492,-0.059048,-0.107904
15.9300,1.001269,-0.049220,-0.108445
15.9400,1.071937,-0.038854,-0.108885
15.9500,0.859534,-0.029196,-0.109226
15.9600,0.500199,-0.022398,-0.109484
15.9700,0.342645,-0.018183,-0.109687
15.9800,0.585144,-0.013544,-0.109845
15.9900,0.450032,-0.008369,-0.109955
16.0000,0.109329,-0.005572,-0.110024
16.0100,-0.516199,-0.007606,-0.110090
16.0200,-0.245530,-0.011415,-0.110185
16.0300,-0.379820,-0.014541,-0.110315
16.0400,-0.570638,-0.019294,-0.110484
16.0500,0.092495,-0.021685,-0.110689
16.0600,0.700758,-0.017718,-0.110886
16.0700,0.866791,-0.009880,-0.111024
16.0800,0.657193,-0.002261,-0.111085
16.0900,0.702723,0.004539,-0.111074
16.1000,1.105274,0.013579,-0.110983
16.1100,1.246574,0.025338,-0.110788
16.1200,1.209324,0.037618,-0.110474
16.1300,1.274766,0.050038,-0.110035
16.1400,0.925411,0.061039,-0.109480
16.1500,0.984463,0.070588,-0.108822
16.1600,0.528642,0.078154,-0.108078
16.1700,0.673377,0.084164,-0.107267
16.1800,0.569165,0.090377,-0.106394
16.1900,0.203541,0.094240,-0.105471
16.2000,-0.307942,0.093718,-0.104531
16.2100,-0.783878,0.088259,-0.103621
16.2200,-0.669854,0.080991,-0.102775
16.2300,-1.039234,0.072445,-0.102008
16.2400,-1.170789,0.061395,-0.101338
16.2500,-1.133509,0.049873,-0.100782
16.2600,-1.294459,0.037734,-0.100344
16.2700,-1.093831,0.025792,-0.100026
16.2800,-1.331815,0.013664,-0.099829
16.2900,-1.366312,0.000173,-0.099760
16.3000,-1.154738,-0.012432,-0.099821
16.3100,-1.351215,-0.024962,-0.100008
16.3200,-1.325303,-0.038344,-0.100325
16.3300,-1.213720,-0.051039,-0.100772
16.3400,-0.651826,-0.060367,-0.101329
16.3500,-0.829161,-0.067772,-0.101969
16.3600,-0.854994,-0.076193,-0.102689
16.3700,-0.479080,-0.082863,-0.103485
16.3800,-0.376781,-0.087143,-0.104335
16.3900,-0.206687,-0.090060,-0.105221
16.4000,0.122636,-0.090480,-0.106123
16.4100,-0.106001,-0.090397,-0.107028
16.4200,-0.588074,-0.093867,-0.107949
16.4300,-0.630441,-0.099960,-0.108918
16.4400,-0.445599,-0.105340,-0.109945
16.4500,-0.507112,-0.110104,-0.111022
16.4600,-0.707971,-0.116179,-0.112153
16.4700,-0.960949,-0.124524,-0.113357
16.4800,-0.868607,-0.133671,-0.114648
16.4900,-0.660011,-0.141315,-0.116023
16.5000,-0.192726,-0.145578,-0.117457
16.5100,-0.069961,-0.146892,-0.118919
16.5200,-0.486772,-0.149675,-0.120402
16.5300,-0.781270,-0.156016,-0.121931
16.5400,-1.115920,-0.165502,-0.123538
16.5500,-0.640819,-0.174285,-0.125237
16.5600,-0.140910,-0.178194,-0.127000
16.5700,-0.011455,-0.178956,-0.128785
16.5800,0.282225,-0.177602,-0.130568
16.5900,0.488695,-0.173747,-0.132325
16.6000,1.086882,-0.165869,-0.134023
16.6100,0.939972,-0.155735,-0.135631
16.6200,0.918607,-0.146442,-0.137142
16.6300,0.810885,-0.137795,-0.138563
16.6400,0.607332,-0.130704,-0.139906
16.6500,0.947903,-0.122927,-0.141174
16.6600,1.015177,-0.113112,-0.142354
16.6700,0.929312,-0.103390,-0.143437
16.6800,0.856417,-0.094461,-0.144426
16.6900,0.604376,-0.087157,-0.145334
16.7000,0.276933,-0.082750,-0.146183
16.7100,0.500738,-0.078862,-0.146991
16.7200,0.625466,-0.073231,-0.147752
16.7300,0.930049,-0.065454,-0.148445
16.7400,0.984680,-0.055880,-0.149052
16.7500,0.740454,-0.047254,-0.149568
16.7600,0.983470,-0.038635,-0.149997
16.7700,0.697152,-0.030231,-0.150341
16.7800,0.546683,-0.024012,-0.150613
16.7900,0.571007,-0.018424,-0.150825
16.8000,0.642854,-0.012355,-0.150979
16.8100,0.783317,-0.005224,-0.151067
16.8200,0.732822,0.002357,-0.151081
16.8300,0.589852,0.008970,-0.151024
16.8400,0.348867,0.013664,-0.150911
16.8500,0.524163,0.018029,-0.150753
16.8600,0.512333,0.023212,-0.150546
16.8700,0.326671,0.027407,-0.150293
16.8800,0.010074,0.029090,-0.150011
16.8900,0.283313,0.030557,-0.149713
16.9000,0.053386,0.032241,-0.149399
16.9100,-0.018097,0.032417,-0.149075
16.9200,-0.373138,0.030461,-0.148761
16.9300,-0.586790,0.025661,-0.148480
16.9400,-0.497889,0.020238,-0.148251
16.9500,0.093461,0.018216,-0.148059
16.9600,0.012187,0.018744,-0.147874
16.9700,-0.176343,0.017923,-0.147690
16.9800,0.422565,0.019154,-0.147505
16.9900,0.433451,0.023435,-0.147292
17.0000,0.184461,0.026524,-0.147042
17.0100,0.152743,0.028210,-0.146769
17.0200,0.086785,0.029408,-0.146481
17.0300,0.164808,0.030666,-0.146180
17.0400,0.300290,0.032991,-0.145862
17.0500,0.340259,0.036194,-0.145516
17.0600,0.640989,0.041100,-0.145130
17.0700,0.689526,0.047753,-0.144685
17.0800,0.941935,0.055910,-0.144167
17.0900,0.535274,0.063296,-0.143571
17.1000,0.175070,0.066848,-0.142920
17.1100,0.209710,0.068772,-0.142242
17.1200,0.296103,0.071301,-0.141542
17.1300,0.083769,0.073200,-0.140819
17.1400,-0.552839,0.070855,-0.140099
17.1500,-0.425394,0.065964,-0.139415
17.1600,-0.273673,0.062468,-0.138773
17.1700,-0.359501,0.059302,-0.138164
17.1800,-0.710103,0.053954,-0.137598
17.1900,-0.510801,0.047850,-0.137089
17.2000,-0.454016,0.043026,-0.136634
17.2100,-0.181128,0.039850,-0.136220
17.2200,-0.230571,0.037792,-0.135832
17.2300,-0.232215,0.035478,-0.135465
17.2400,-0.064227,0.033995,-0.135118
17.2500,-0.476425,0.031292,-0.134791
17.2600,-0.774020,0.025040,-0.134510
17.2700,-0.367412,0.019333,-0.134288
17.2800,-0.349641,0.015748,-0.134113
17.2900,-0.165441,0.013172,-0.133968
17.3000,-0.119502,0.011747,-0.133843
17.3100,-0.456698,0.008866,-0.133740
17.3200,0.116313,0.007164,-0.133660
17.3300,0.235600,0.008924,-0.133580
17.3400,0.609306,0.013149,-0.133469
17.3500,0.677041,0.019580,-0.133306
17.3600,0.172390,0.023827,-0.133089
17.3700,0.118463,0.025282,-0.132843
17.3800,0.310536,0.027427,-0.132580
17.3900,0.725509,0.032607,-0.132279
17.4000,0.656453,0.039517,-0.131919
17.4100,0.957085,0.047584,-0.131483
17.4200,0.790034,0.056320,-0.130964
17.4300,0.486851,0.062704,-0.130369
17.4400,0.131482,0.065796,-0.129726
17.4500,0.078133,0.066844,-0.129063
17.4600,-0.296988,0.065750,-0.128400
17.4700,-0.134080,0.063595,-0.127753
17.4800,-0.048720,0.062681,-0.127122
17.4900,-0.329427,0.060790,-0.126504
17.5000,-0.102630,0.058630,-0.125907
17.5100,-0.043552,0.057899,-0.125325
17.5200,-0.313581,0.056113,-0.124755
17.5300,0.412406,0.056607,-0.124191
17.5400,0.823904,0.062789,-0.123594
17.5500,0.906945,0.071443,-0.122923
17.5600,0.712444,0.079540,-0.122168
17.5700,0.259700,0.084401,-0.121348
17.5800,0.335439,0.087376,-0.120489
17.5900,0.408457,0.091096,-0.119597
17.6000,0.397231,0.095124,-0.118666
17.6100,0.029280,0.097257,-0.117704
17.6200,0.089556,0.097851,-0.116729
17.6300,0.207109,0.099334,-0.115743
17.6400,0.473677,0.102738,-0.114732
17.6500,0.759415,0.108904,-0.113674
17.6600,0.564766,0.115525,-0.112552
17.6700,0.518188,0.120939,-0.111370
17.6800,0.650175,0.126781,-0.110131
17.6900,0.779134,0.133928,-0.108827
17.7000,0.853174,0.142089,-0.107447
17.7100,0.818962,0.150450,-0.105985
17.7200,0.577319,0.157431,-0.104445
17.7300,-0.142059,0.159608,-0.102860
17.7400,-0.507271,0.156361,-0.101280
17.7500,-0.303115,0.152309,-0.099737
17.7600,-0.671351,0.147437,-0.098238
17.7700,-0.782043,0.140170,-0.096800
17.7800,-0.965463,0.131432,-0.095442
17.7900,-1.025276,0.121479,-0.094178
17.8000,-0.416955,0.114267,-0.092999
17.8100,-0.406942,0.110148,-0.091877
17.8200,-0.448082,0.105873,-0.090797
17.8300,-0.798558,0.099640,-0.089769
17.8400,-0.853058,0.091381,-0.088814
17.8500,-0.609272,0.084070,-0.087937
17.8600,-0.430962,0.078869,-0.087122
17.8700,-0.182818,0.075800,-0.086349
17.8800,-0.251153,0.073630,-0.085602
17.8900,-0.237876,0.071185,-0.084877
17.9000,-0.178870,0.069101,-0.084176
17.9100,0.069925,0.068556,-0.083488
17.9200,0.353778,0.070675,-0.082792
17.9300,0.242390,0.073656,-0.082070
17.9400,0.039639,0.075066,-0.081326
17.9500,-0.040743,0.075060,-0.080576
17.9600,-0.015799,0.074778,-0.079827
17.9700,0.155849,0.075478,-0.079075
17.9800,0.094041,0.076727,-0.078314
17.9900,0.160259,0.077999,-0.077541
18.0000,0.217729,0.079889,-0.076751
18.0100,0.433939,0.083147,-0.075936
18.0200,0.396704,0.087300,-0.075084
18.0300,0.507553,0.091822,-0.074188
18.0400,0.834859,0.098534,-0.073236
18.0500,0.797704,0.106696,-0.072210
18.0600,0.871746,0.115044,-0.071101
18.0700,0.874778,0.123776,-0.069907
18.0800,0.635738,0.131329,-0.068632
18.0900,0.378201,0.136399,-0.067293
18.1000,0.241509,0.139497,-0.065914
18.1100,-0.136608,0.140022,-0.064516
18.1200,-0.292207,0.137878,-0.063127
18.1300,-0.290806,0.134962,-0.061762
18.1400,-0.404246,0.131487,-0.060430
18.1500,-0.557140,0.126680,-0.059139
18.1600,-0.825364,0.119768,-0.057907
18.1700,-0.880286,0.111240,-0.056752
18.1800,-0.907761,0.102299,-0.055684
18.1900,-0.654518,0.094488,-0.054700
18.2000,-0.941987,0.086505,-0.053795
18.2100,-0.903648,0.077277,-0.052977
18.2200,-0.708789,0.069215,-0.052244
18.2300,-0.834080,0.061501,-0.051591
18.2400,-0.864402,0.053008,-0.051018
18.2500,-0.306179,0.047155,-0.050517
18.2600,-0.062711,0.045311,-0.050055
18.2700,0.064534,0.045320,-0.049602
18.2800,0.285186,0.047069,-0.049140
18.2900,0.521428,0.051102,-0.048649
18.3000,0.440528,0.055911,-0.048114
18.3100,0.174490,0.058987,-0.047539
18.3200,-0.022953,0.059744,-0.046946
18.3300,0.415551,0.061707,-0.046338
18.3400,0.700038,0.067285,-0.045693
18.3500,0.473873,0.073155,-0.044991
18.3600,0.391141,0.077480,-0.044238
18.3700,0.412982,0.081500,-0.043443
18.3800,0.474156,0.085936,-0.042606
18.3900,0.360706,0.090110,-0.041726
18.4000,0.501634,0.094422,-0.040803
18.4100,0.759741,0.100729,-0.039827
18.4200,0.735773,0.108207,-0.038783
18.4300,0.730970,0.115540,-0.037664
18.4400,0.521131,0.121801,-0.036477
18.4500,0.696597,0.127889,-0.035229
18.4600,0.754022,0.135142,-0.033914
18.4700,0.421432,0.141020,-0.032533
18.4800,0.097217,0.143613,-0.031110
18.4900,0.097424,0.144586,-0.029669
18.5000,0.440441,0.147276,-0.028209
18.5100,0.182924,0.150392,-0.026721
18.5200,0.404483,0.153329,-0.025202
18.5300,0.499250,0.157848,-0.023647
18.5400,0.467671,0.162683,-0.022044
18.5500,0.053410,0.165288,-0.020404
18.5600,-0.018537,0.165462,-0.018750
18.5700,-0.192467,0.164407,-0.017101
18.5800,-0.052373,0.163183,-0.015463
18.5900,-0.143886,0.162202,-0.013836
18.6000,-0.132376,0.160821,-0.012221
18.6100,-0.255765,0.158880,-0.010622
18.6200,-0.315209,0.156025,-0.009048
18.6300,-0.560146,0.151648,-0.007510
18.6400,-0.383537,0.146930,-0.006017
18.6500,-0.135795,0.144333,-0.004560
18.6600,-0.373013,0.141789,-0.003130
18.6700,-0.200342,0.138922,-0.001726
18.6800,-0.347777,0.136182,-0.000351
18.6900,-0.184015,0.133523,0.000998
18.7000,-0.270147,0.131252,0.002322
18.7100,0.010793,0.129955,0.003628
18.7200,0.213537,0.131077,0.004933
18.7300,-0.127696,0.131506,0.006246
18.7400,-0.368171,0.129027,0.007549
18.7500,-0.329378,0.125539,0.008821
18.7600,-0.238929,0.122697,0.010063
18.7700,-0.272967,0.120138,0.011277
18.7800,-0.559475,0.115976,0.012457
18.7900,-0.555771,0.110400,0.013589
18.8000,-0.480927,0.105216,0.014667
18.8100,-0.894882,0.098337,0.015685
18.8200,-0.719964,0.090263,0.016628
18.8300,-0.115754,0.086084,0.017510
18.8400,-0.056024,0.085225,0.018366
18.8500,-0.167797,0.084106,0.019213
18.8600,0.147970,0.084007,0.020054
18.8700,-0.131389,0.084090,0.020894
18.8800,-0.251628,0.082175,0.021725
18.8900,-0.160724,0.080113,0.022537
18.9000,-0.004689,0.079286,0.023334
18.9100,0.279627,0.080661,0.024134
18.9200,0.475118,0.084434,0.024959
18.9300,0.240253,0.088011,0.025821
18.9400,0.328679,0.090856,0.026716
18.9500,0.058191,0.092790,0.027634
18.9600,-0.399903,0.091082,0.028553
18.9700,-0.817448,0.084995,0.029434
18.9800,-0.658488,0.077615,0.030247
18.9900,-0.198079,0.073333,0.031001
19.0000,0.023197,0.072458,0.031730
19.0100,0.259654,0.073872,0.032462
19.0200,-0.048841,0.074926,0.033206
19.0300,0.073530,0.075050,0.033956
19.0400,0.357808,0.077207,0.034717
19.0500,0.333680,0.080664,0.035506
19.0600,0.261506,0.083640,0.036328
19.0700,-0.084680,0.084524,0.037169
19.0800,-0.236865,0.082916,0.038006
19.0900,-0.292159,0.080271,0.038822
19.1000,-0.255850,0.077531,0.039611
19.1100,-0.245740,0.075023,0.040374
19.1200,-0.274573,0.072422,0.041111
19.1300,-0.093313,0.070582,0.041826
19.1400,-0.058176,0.069825,0.042528
19.1500,-0.233107,0.068368,0.043219
19.1600,-0.471823,0.064844,0.043885
19.1700,-0.490597,0.060032,0.044509
19.1800,-0.301567,0.056071,0.045090
19.1900,0.021640,0.054671,0.045644
19.2000,-0.256114,0.053499,0.046184
19.2100,-0.569577,0.049370,0.046699
19.2200,-0.479565,0.044125,0.047166
19.2300,-0.233578,0.040559,0.047590
19.2400,-0.239314,0.038194,0.047983
19.2500,-0.250969,0.035743,0.048353
19.2600,-0.357530,0.032701,0.048695
19.2700,-0.285721,0.029484,0.049006
19.2800,-0.324560,0.026433,0.049286
19.2900,-0.307452,0.023273,0.049534
19.3000,-0.050911,0.021481,0.049758
19.3100,-0.212916,0.020162,0.049966
19.3200,-0.313945,0.017528,0.050155
19.3300,-0.166269,0.015127,0.050318
19.3400,-0.312406,0.012733,0.050457
19.3500,-0.664090,0.007851,0.050560
19.3600,-0.716530,0.000948,0.050604
19.3700,-0.705625,-0.006163,0.050578
19.3800,-0.429773,-0.011840,0.050488
19.3900,-0.229816,-0.015138,0.050353
19.4000,-0.472118,-0.018648,0.050184
19.4100,-0.501249,-0.023515,0.049974
19.4200,-0.452314,-0.028282,0.049715
19.4300,-0.409093,-0.032589,0.049410
19.4400,0.073274,-0.034269,0.049076
19.4500,0.154333,-0.033131,0.048739
19.4600,-0.052749,-0.032623,0.048410
19.4700,-0.114733,-0.033460,0.048080
19.4800,-0.256118,-0.035314,0.047736
19.4900,0.170391,-0.035743,0.047381
19.5000,0.348525,-0.033148,0.047036
19.5100,0.628875,-0.028261,0.046729
19.5200,0.446330,-0.022885,0.046473
19.5300,0.146123,-0.019923,0.046259
19.5400,-0.016312,-0.019274,0.046063
19.5500,-0.129157,-0.020001,0.045867
19.5600,-0.369861,-0.022496,0.045655
19.5700,-0.006151,-0.024376,0.045420
19.5800,-0.131989,-0.025067,0.045173
19.5900,0.016712,-0.025644,0.044919
19.6000,0.234680,-0.024387,0.044669
19.6100,0.235817,-0.022034,0.044437
19.6200,0.070403,-0.020503,0.044224
19.6300,-0.065544,-0.020479,0.044020
19.6400,-0.029959,-0.020956,0.043812
19.6500,-0.143302,-0.021823,0.043598
19.6600,-0.138086,-0.023229,0.043373
19.6700,-0.158694,-0.024713,0.043133
19.6800,-0.265702,-0.026835,0.042876
19.6900,-0.345558,-0.029892,0.042592
19.7000,-0.564116,-0.034440,0.042270
19.7100,-0.428806,-0.039405,0.041901
19.7200,-0.322109,-0.043159,0.041488
19.7300,-0.425654,-0.046898,0.041038
19.7400,-0.613271,-0.052093,0.040543
19.7500,-0.449457,-0.057406,0.039996
19.7600,-0.470406,-0.062006,0.039399
19.7700,-0.547161,-0.067093,0.038753
19.7800,-0.569431,-0.072676,0.038054
19.7900,-0.636174,-0.078704,0.037297
19.8000,-0.523241,-0.084502,0.036481
19.8100,-0.599007,-0.090113,0.035608
19.8200,-0.306019,-0.094638,0.034684
19.8300,-0.319791,-0.097767,0.033722
19.8400,-0.115459,-0.099943,0.032734
19.8500,-0.072639,-0.100884,0.031730
19.8600,-0.051102,-0.101502,0.030718
19.8700,-0.056093,-0.102038,0.029700
19.8800,0.100442,-0.101817,0.028681
19.8900,0.431048,-0.099159,0.027676
19.9000,0.273947,-0.095634,0.026702
19.9100,0.345342,-0.092538,0.025761
19.9200,0.131821,-0.090152,0.024848
19.9300,0.356211,-0.087712,0.023958
19.9400,0.527530,-0.083293,0.023103
19.9500,0.293511,-0.079188,0.022291
19.9600,0.226184,-0.076589,0.021512
19.9700,0.221199,-0.074352,0.020757
19.9800,0.365660,-0.071418,0.020029
19.9900,0.466119,-0.067259,0.019335
20.0000,0.377807,-0.063040,0.018684
20.0100,0.410426,-0.059098,0.018073
20.0200,0.002163,-0.057036,0.017492
20.0300,-0.171069,-0.057880,0.016918
20.0400,-0.132527,-0.059398,0.016331
20.0500,-0.099191,-0.060557,0.015732
20.0600,-0.105576,-0.061580,0.015121
20.0700,0.234796,-0.060934,0.014508
20.0800,0.201136,-0.058755,0.013910
20.0900,0.289247,-0.056303,0.013335
20.1000,0.427219,-0.052720,0.012789
20.1100,0.434639,-0.048411,0.012284
20.1200,0.244026,-0.045018,0.011817
20.1300,0.105450,-0.043270,0.011375
20.1400,0.095741,-0.042265,0.010948
20.1500,-0.041966,-0.041996,0.010526
20.1600,-0.005077,-0.042231,0.010105
20.1700,-0.086263,-0.042688,0.009680
20.1800,-0.213772,-0.044188,0.009246
20.1900,-0.040849,-0.045461,0.008798
20.2000,0.061887,-0.045356,0.008344
20.2100,-0.000254,-0.045048,0.007892
20.2200,-0.104442,-0.045571,0.007439
20.2300,-0.382400,-0.048005,0.006971
20.2400,-0.348138,-0.051658,0.006472
20.2500,-0.319785,-0.054997,0.005939
20.2600,-0.189968,-0.057546,0.005376
20.2700,0.045759,-0.058267,0.004797
20.2800,0.356957,-0.056254,0.004225
20.2900,0.377628,-0.052581,0.003681
20.3000,-0.033994,-0.050863,0.003163
20.3100,0.000525,-0.051030,0.002654
20.3200,-0.086440,-0.051460,0.002142
20.3300,-0.052635,-0.052155,0.001623
20.3400,-0.231922,-0.053578,0.001095
20.3500,-0.265541,-0.056065,0.000547
20.3600,0.031372,-0.057236,-0.000020
20.3700,-0.034401,-0.057251,-0.000592
20.3800,-0.129641,-0.058071,-0.001169
20.3900,0.234247,-0.057548,-0.001747
20.4000,0.738963,-0.052682,-0.002298
20.4100,0.814108,-0.044917,-0.002786
20.4200,0.590587,-0.037893,-0.003200
20.4300,0.558060,-0.032150,-0.003550
20.4400,0.413991,-0.027290,-0.003848
20.4500,0.325314,-0.023593,-0.004102
20.4600,0.206398,-0.020935,-0.004325
20.4700,0.171528,-0.019045,-0.004525
20.4800,0.014557,-0.018115,-0.004710
20.4900,-0.299880,-0.019541,-0.004899
20.5000,-0.404958,-0.023065,-0.005112
20.5100,-0.338792,-0.026784,-0.005361
20.5200,-0.483125,-0.030894,-0.005649
20.5300,-0.460719,-0.035613,-0.005982
20.5400,-0.318491,-0.039509,-0.006358
20.5500,-0.250005,-0.042352,-0.006767
20.5600,-0.159304,-0.044398,-0.007201
20.5700,0.024941,-0.045070,-0.007648
20.5800,0.194437,-0.043973,-0.008093
20.5900,0.297078,-0.041515,-0.008521
20.6000,0.190954,-0.039075,-0.008924
20.6100,0.084204,-0.037699,-0.009307
20.6200,0.194825,-0.036304,-0.009677
20.6300,0.312727,-0.033767,-0.010028
20.6400,0.379008,-0.030308,-0.010348
20.6500,0.439045,-0.026218,-0.010631
20.6600,0.561772,-0.021214,-0.010868
20.6700,0.808583,-0.014362,-0.011046
20.6800,0.631634,-0.007161,-0.011153
20.6900,0.589488,-0.001055,-0.011195
20.7000,0.504054,0.004413,-0.011178
20.7100,0.306194,0.008464,-0.011113
20.7200,0.242461,0.011207,-0.011015
20.7300,0.178014,0.013310,-0.010892
20.7400,0.065570,0.014527,-0.010753
20.7500,0.008685,0.014899,-0.010606
20.7600,-0.142364,0.014230,-0.010460
20.7700,-0.358608,0.011725,-0.010331
20.7800,-0.675722,0.006554,-0.010239
20.7900,-0.538537,0.000483,-0.010204
20.8000,-0.496578,-0.004693,-0.010225
20.8100,-0.525161,-0.009802,-0.010298
20.8200,-0.366717,-0.014261,-0.010418
20.8300,-0.288388,-0.017537,-0.010577
20.8400,-0.426468,-0.021111,-0.010770
20.8500,-0.294232,-0.024714,-0.010999
20.8600,-0.325144,-0.027811,-0.011262
20.8700,-0.244691,-0.030660,-0.011554
20.8800,-0.153407,-0.032651,-0.011871
20.8900,-0.095633,-0.033896,-0.012204
20.9000,-0.045675,-0.034603,-0.012546
20.9100,-0.022411,-0.034943,-0.012894
20.9200,0.039213,-0.034859,-0.013243
20.9300,0.191479,-0.033706,-0.013586
20.9400,0.329587,-0.031100,-0.013910
20.9500,0.426519,-0.027320,-0.014202
20.9600,0.440879,-0.022983,-0.014453
20.9700,0.482920,-0.018364,-0.014660
20.9800,0.611589,-0.012891,-0.014816
20.9900,0.517797,-0.007244,-0.014917
21.0000,0.689971,-0.001206,-0.014959
21.0100,0.750604,0.005997,-0.014935
21.0200,0.443554,0.011968,-0.014845
21.0300,0.309618,0.015734,-0.014707
21.0400,0.251812,0.018541,-0.014536
21.0500,0.387478,0.021738,-0.014334
21.0600,0.096186,0.024156,-0.014105
21.0700,0.021825,0.024746,-0.013860
21.0800,0.027857,0.024994,-0.013611
21.0900,0.061213,0.025440,-0.013359
21.1000,-0.022101,0.025635,-0.013104
21.1100,-0.150795,0.024771,-0.012852
21.1200,-0.183997,0.023097,-0.012613
21.1300,-0.150687,0.021423,-0.012390
21.1400,-0.066825,0.020336,-0.012181
21.1500,-0.165500,0.019174,-0.011984
21.1600,-0.238363,0.017155,-0.011802
21.1700,-0.297128,0.014477,-0.011644
21.1800,-0.324078,0.011371,-0.011515
21.1900,-0.377817,0.007862,-0.011418
21.2000,-0.113512,0.005405,-0.011352
21.2100,-0.062394,0.004526,-0.011302
21.2200,-0.067853,0.003875,-0.011260
21.2300,0.005953,0.003565,-0.011223
21.2400,0.141273,0.004301,-0.011184
21.2500,0.037293,0.005194,-0.011136
21.2600,0.115844,0.005960,-0.011081
21.2700,0.207700,0.007577,-0.011013
21.2800,0.113359,0.009183,-0.010929
21.2900,0.073642,0.010118,-0.010833
21.3000,0.060464,0.010788,-0.010728
21.3100,0.157453,0.011878,-0.010615
21.3200,0.220625,0.013768,-0.010487
21.3300,0.088617,0.015314,-0.010341
21.3400,-0.055273,0.015481,-0.010187
21.3500,-0.064766,0.014881,-0.010035
21.3600,-0.194860,0.013583,-0.009893
21.3700,-0.231058,0.011453,-0.009768
21.3800,-0.198950,0.009303,-0.009664
21.3900,-0.114362,0.007737,-0.009579
21.4000,0.012642,0.007228,-0.009504
21.4100,0.070785,0.007645,-0.009430
21.4200,0.157875,0.008789,-0.009347
21.4300,0.179013,0.010473,-0.009251
21.4400,0.284680,0.012791,-0.009135
21.4500,0.367522,0.016052,-0.008991
21.4600,0.394018,0.019860,-0.008811
21.4700,0.419961,0.023930,-0.008592
21.4800,0.583786,0.028949,-0.008328
21.4900,0.592477,0.034830,-0.008009
21.5000,0.681012,0.041198,-0.007629
21.5100,0.697354,0.048089,-0.007182
21.5200,0.605201,0.054602,-0.006669
21.5300,0.544445,0.060350,-0.006094
21.5400,0.400232,0.065074,-0.005467
21.5500,0.461456,0.069382,-0.004795
21.5600,0.441493,0.073897,-0.004078
21.5700,0.332309,0.077766,-0.003320
21.5800,0.379407,0.081325,-0.002524
21.5900,0.333660,0.084890,-0.001693
21.6000,-0.046452,0.086326,-0.000837
21.6100,-0.095370,0.085617,0.000022
21.6200,-0.020044,0.085040,0.000876
21.6300,-0.106371,0.084408,0.001723
21.6400,-0.219599,0.082778,0.002559
21.6500,-0.211470,0.080622,0.003376
21.6600,-0.332548,0.077902,0.004168
21.6700,-0.491838,0.073780,0.004927
21.6800,-0.443859,0.069102,0.005641
21.6900,-0.607209,0.063847,0.006306
21.7000,-0.494901,0.058336,0.006917
21.7100,-0.485020,0.053436,0.007476
21.7200,-0.422700,0.048898,0.007987
21.7300,-0.600547,0.043782,0.008451
21.7400,-0.520811,0.038175,0.008861
21.7500,-0.447932,0.033331,0.009218
21.7600,-0.310659,0.029538,0.009533
21.7700,-0.334521,0.026312,0.009812
21.7800,-0.209171,0.023594,0.010061
21.7900,-0.034081,0.022378,0.010291
21.8000,0.115565,0.022785,0.010517
21.8100,0.094319,0.023834,0.010750
21.8200,0.125178,0.024932,0.010994
21.8300,-0.010612,0.025505,0.011246
21.8400,-0.011243,0.025395,0.011501
21.8500,-0.077093,0.024954,0.011752
21.8600,-0.070639,0.024215,0.011998
21.8700,-0.012905,0.023797,0.012238
21.8800,0.161237,0.024539,0.012480
21.8900,0.289132,0.026791,0.012737
21.9000,0.276843,0.029621,0.013019
21.9100,0.369172,0.032851,0.013331
21.9200,0.362086,0.036507,0.013678
21.9300,0.459853,0.040617,0.014063
21.9400,0.333745,0.044585,0.014489
21.9500,0.299137,0.047749,0.014951
21.9600,0.127108,0.049880,0.015439
21.9700,0.021801,0.050625,0.015942
21.9800,-0.125341,0.050107,0.016445
21.9900,-0.264055,0.048160,0.016937
22.0000,-0.312026,0.045280,0.017404
22.0100,-0.296686,0.042236,0.017842
22.0200,-0.050930,0.040498,0.018255
22.0300,0.062764,0.040557,0.018660
22.0400,-0.033729,0.040703,0.019067
22.0500,-0.173492,0.039666,0.019469
22.0600,-0.073363,0.038432,0.019859
22.0700,-0.046806,0.037831,0.020240
22.0800,-0.238577,0.036404,0.020612
22.0900,-0.122253,0.034600,0.020967
22.1000,-0.071415,0.033632,0.021308
22.1100,-0.163618,0.032457,0.021638
22.1200,-0.360336,0.029837,0.021950
22.1300,-0.461667,0.025727,0.022228
22.1400,-0.644698,0.020195,0.022457
22.1500,-0.556020,0.014192,0.022629
22.1600,-0.438702,0.009218,0.022746
22.1700,-0.245328,0.005798,0.022821
22.1800,-0.408378,0.002529,0.022863
22.1900,-0.325557,-0.001140,0.022870
22.2000,-0.365834,-0.004597,0.022841
22.2100,-0.411331,-0.008483,0.022776
22.2200,-0.429979,-0.012690,0.022670
22.2300,-0.291417,-0.016297,0.022525
22.2400,-0.140177,-0.018455,0.022351
22.2500,0.040268,-0.018954,0.022164
22.2600,-0.087915,-0.019192,0.021973
22.2700,-0.048913,-0.019877,0.021778
22.2800,0.062373,-0.019809,0.021580
22.2900,-0.018524,-0.019590,0.021383
22.3000,0.222395,-0.018571,0.021192
22.3100,0.162687,-0.016645,0.021016
22.3200,0.088944,-0.015387,0.020856
22.3300,0.192214,-0.013981,0.020709
22.3400,0.279420,-0.011623,0.020581
22.3500,0.384758,-0.008302,0.020481
22.3600,0.522526,-0.003766,0.020421
22.3700,0.684293,0.002268,0.020413
22.3800,0.596140,0.008670,0.020468
22.3900,0.559177,0.014447,0.020584
22.4000,0.433855,0.019412,0.020753
22.4100,0.462761,0.023895,0.020969
22.4200,0.389671,0.028157,0.021230
22.4300,0.198985,0.031101,0.021526
22.4400,0.138680,0.032789,0.021845
22.4500,-0.033232,0.033316,0.022176
22.4600,-0.037115,0.032964,0.022507
22.4700,-0.009108,0.032733,0.022836
22.4800,0.081947,0.033098,0.023165
22.4900,0.204470,0.034530,0.023503
22.5000,0.057460,0.035839,0.023855
22.5100,-0.000362,0.036125,0.024215
22.5200,0.121260,0.036729,0.024579
22.5300,0.227154,0.038471,0.024955
22.5400,0.152072,0.040367,0.025349
22.5500,0.088514,0.041570,0.025759
22.5600,0.244988,0.043238,0.026183
22.5700,0.249880,0.045712,0.026628
22.5800,0.012298,0.047023,0.027091
22.5900,-0.085468,0.046657,0.027560
22.6000,-0.216511,0.045147,0.028019
22.6100,-0.303699,0.042546,0.028457
22.6200,-0.375238,0.039152,0.028866
22.6300,-0.335697,0.035597,0.029239
22.6400,-0.373254,0.032052,0.029578
22.6500,-0.295655,0.028708,0.029882
22.6600,-0.339988,0.025529,0.030153
22.6700,-0.442507,0.021617,0.030388
22.6800,-0.223833,0.018285,0.030588
22.6900,-0.160653,0.016363,0.030761
22.7000,-0.171673,0.014701,0.030917
22.7100,-0.127526,0.013205,0.031056
22.7200,-0.207357,0.011531,0.031180
22.7300,-0.342717,0.008780,0.031281
22.7400,-0.158454,0.006275,0.031357
22.7500,-0.336863,0.003798,0.031407
22.7600,-0.211628,0.001056,0.031431
22.7700,-0.039033,-0.000198,0.031435
22.7800,0.023649,-0.000275,0.031433
22.7900,-0.110634,-0.000710,0.031428
22.8000,-0.081455,-0.001670,0.031416
22.8100,0.096835,-0.001593,0.031400
22.8200,0.149350,-0.000362,0.031390
22.8300,0.167242,0.001221,0.031395
22.8400,0.221169,0.003163,0.031416
22.8500,0.136248,0.004950,0.031457
22.8600,0.161722,0.006440,0.031514
22.8700,0.207803,0.008287,0.031588
22.8800,0.284615,0.010749,0.031683
22.8900,0.392331,0.014134,0.031807
22.9000,0.432523,0.018258,0.031969
22.9100,0.454205,0.022692,0.032174
22.9200,0.268888,0.026308,0.032419
22.9300,0.129204,0.028298,0.032692
22.9400,-0.039877,0.028745,0.032977
22.9500,0.008672,0.028589,0.033264
22.9600,0.092508,0.029095,0.033552
22.9700,0.000861,0.029561,0.033845
22.9800,-0.031419,0.029409,0.034140
22.9900,-0.223565,0.028134,0.034428
23.0000,-0.182409,0.026104,0.034699
23.0100,-0.257458,0.023904,0.034949
23.0200,-0.169615,0.021769,0.035178
23.0300,-0.169067,0.020076,0.035387
23.0400,-0.182019,0.018320,0.035579
23.0500,-0.106725,0.016877,0.035755
23.0600,-0.176361,0.015461,0.035917
23.0700,0.019770,0.014678,0.036067
23.0800,0.137749,0.015466,0.036218
23.0900,0.232293,0.017316,0.036382
23.1000,0.186119,0.019408,0.036565
23.1100,0.048392,0.020581,0.036765
23.1200,-0.103674,0.020304,0.036970
23.1300,0.025149,0.019912,0.037171
23.1400,0.143554,0.020755,0.037374
23.1500,-0.031243,0.021317,0.037585
23.1600,-0.155776,0.020382,0.037793
23.1700,-0.266856,0.018268,0.037986
23.1800,-0.302331,0.015422,0.038155
23.1900,-0.303578,0.012393,0.038294
23.2000,-0.417260,0.008789,0.038400
23.2100,-0.340574,0.005000,0.038469
23.2200,-0.325174,0.001671,0.038502
23.2300,-0.267232,-0.001291,0.038504
23.2400,-0.137474,-0.003315,0.038481
23.2500,0.055947,-0.003722,0.038446
23.2600,0.103743,-0.002924,0.038413
23.2700,0.100671,-0.001902,0.038388
23.2800,0.169735,-0.000550,0.038376
23.2900,0.259859,0.001598,0.038381
23.3000,0.176581,0.003780,0.038408
23.3100,0.234369,0.005835,0.038456
23.3200,0.098105,0.007497,0.038523
23.3300,-0.001172,0.007982,0.038600
23.3400,-0.106355,0.007444,0.038678
23.3500,0.031652,0.007071,0.038750
23.3600,-0.167715,0.006391,0.038817
23.3700,-0.125364,0.004925,0.038874
23.3800,-0.190079,0.003348,0.038915
23.3900,-0.105430,0.001870,0.038941
23.4000,-0.164898,0.000519,0.038953
23.4100,-0.233509,-0.001473,0.038949
23.4200,-0.196115,-0.003621,0.038923
23.4300,-0.048366,-0.004844,0.038881
23.4400,0.089436,-0.004638,0.038833
23.4500,0.003478,-0.004174,0.038789
23.4600,0.116095,-0.003576,0.038751
23.4700,0.126185,-0.002365,0.038721
23.4800,0.054521,-0.001461,0.038702
23.4900,-0.016327,-0.001270,0.038688
23.5000,0.011591,-0.001294,0.038675
23.5100,0.031467,-0.001078,0.038663
23.5200,0.090455,-0.000469,0.038656
23.5300,0.051233,0.000240,0.038655
23.5400,0.020155,0.000597,0.038659
23.5500,0.063322,0.001014,0.038667
23.5600,0.073753,0.001699,0.038680
23.5700,0.093345,0.002535,0.038702
23.5800,-0.017855,0.002912,0.038729
23.5900,-0.158961,0.002028,0.038753
23.6000,-0.163234,0.000417,0.038766
23.6100,-0.185548,-0.001327,0.038761
23.6200,-0.002076,-0.002265,0.038743
23.6300,0.097033,-0.001790,0.038723
23.6400,0.219704,-0.000206,0.038713
23.6500,0.231884,0.002052,0.038722
23.6600,0.152573,0.003974,0.038752
23.6700,0.096685,0.005220,0.038798
23.6800,0.096066,0.006184,0.038855
23.6900,0.099658,0.007163,0.038922
23.7000,0.083583,0.008079,0.038998
23.7100,0.056014,0.008777,0.039082
23.7200,0.000417,0.009059,0.039172
23.7300,-0.010674,0.009008,0.039262
23.7400,0.033191,0.009120,0.039353
23.7500,0.034383,0.009458,0.039446
23.7600,0.053438,0.009897,0.039542
23.7700,-0.088355,0.009723,0.039640
23.7800,-0.067721,0.008942,0.039734
23.7900,-0.121145,0.007998,0.039818
23.8000,-0.133871,0.006723,0.039892
23.8100,-0.134593,0.005380,0.039953
23.8200,-0.331268,0.003051,0.039995
23.8300,-0.242166,0.000184,0.040011
23.8400,-0.297499,-0.002514,0.039999
23.8500,-0.278169,-0.005393,0.039960
23.8600,-0.231395,-0.007941,0.039893
23.8700,-0.228972,-0.010242,0.039802
23.8800,-0.046396,-0.011619,0.039693
23.8900,-0.156024,-0.012631,0.039572
23.9000,-0.137824,-0.014101,0.039438
23.9100,-0.122091,-0.015400,0.039290
23.9200,-0.074332,-0.016382,0.039131
23.9300,-0.028948,-0.016899,0.038965
23.9400,-0.026588,-0.017176,0.038795
23.9500,-0.042920,-0.017524,0.038621
23.9600,-0.170708,-0.018592,0.038441
23.9700,-0.260762,-0.020749,0.038244
23.9800,-0.202551,-0.023066,0.038025
23.9900,-0.220987,-0.025184,0.037784
24.0000,-0.078166,-0.026679,0.037524
24.0100,0.008914,-0.027026,0.037256
24.0200,0.146876,-0.026247,0.036989
24.0300,0.196131,-0.024532,0.036736
24.0400,0.279348,-0.022154,0.036502
24.0500,0.241762,-0.019549,0.036294
24.0600,0.390625,-0.016387,0.036114
24.0700,0.348530,-0.012691,0.035969
24.0800,0.439705,-0.008750,0.035861
24.0900,0.438692,-0.004358,0.035796
24.1000,0.329790,-0.000515,0.035771
24.1100,0.271636,0.002492,0.035781
24.1200,0.248608,0.005093,0.035819
24.1300,0.141600,0.007044,0.035880
24.1400,0.170425,0.008604,0.035958
24.1500,0.080540,0.009859,0.036050
24.1600,-0.022574,0.010149,0.036150
24.1700,-0.056854,0.009752,0.036250
24.1800,0.018194,0.009558,0.036347
24.1900,0.200931,0.010654,0.036448
24.2000,0.190788,0.012613,0.036564
24.2100,0.168571,0.014409,0.036699
24.2200,0.233069,0.016418,0.036853
24.2300,0.221325,0.018690,0.037029
24.2400,0.138287,0.020488,0.037225
24.2500,0.105383,0.021706,0.037436
24.2600,-0.043778,0.022014,0.037654
24.2700,-0.027491,0.021658,0.037873
24.2800,-0.088185,0.021079,0.038086
24.2900,-0.099331,0.020142,0.038292
24.3000,-0.128859,0.019001,0.038488
24.3100,-0.166078,0.017526,0.038671
24.3200,-0.167861,0.015856,0.038838
24.3300,-0.099642,0.014519,0.038989
24.3400,-0.042056,0.013810,0.039131
24.3500,0.066425,0.013932,0.039270
24.3600,0.039854,0.014464,0.039412
24.3700,-0.002744,0.014649,0.039557
24.3800,-0.013703,0.014567,0.039703
24.3900,-0.046797,0.014264,0.039848
24.4000,-0.022118,0.013920,0.039988
24.4100,-0.031862,0.013650,0.040126
24.4200,-0.062215,0.013180,0.040260
24.4300,-0.084940,0.012444,0.040389
24.4400,-0.064676,0.011696,0.040509
24.4500,0.002015,0.011382,0.040625
24.4600,0.082261,0.011804,0.040741
24.4700,0.115389,0.012792,0.040864
24.4800,-0.063640,0.013051,0.040993
24.4900,-0.180161,0.011832,0.041117
24.5000,-0.110394,0.010379,0.041228
24.5100,-0.015419,0.009750,0.041329
24.5200,-0.061617,0.009365,0.041424
24.5300,-0.115813,0.008478,0.041514
24.5400,-0.135667,0.007220,0.041592
24.5500,-0.116365,0.005960,0.041658
24.5600,-0.223867,0.004259,0.041709
24.5700,-0.166292,0.002308,0.041742
24.5800,-0.125640,0.000848,0.041758
24.5900,-0.000662,0.000217,0.041763
24.6000,0.038902,0.000408,0.041766
24.6100,0.030807,0.000757,0.041772
24.6200,-0.033408,0.000744,0.041780
24.6300,-0.004623,0.000553,0.041786
24.6400,-0.138159,-0.000160,0.041788
24.6500,-0.180542,-0.001754,0.041778
24.6600,-0.165834,-0.003486,0.041752
24.6700,-0.212377,-0.005377,0.041708
24.6800,-0.201195,-0.007445,0.041644
24.6900,-0.201537,-0.009458,0.041559
24.7000,-0.165868,-0.011295,0.041456
24.7100,-0.113391,-0.012692,0.041336
24.7200,0.027661,-0.013120,0.041207
24.7300,0.016447,-0.012900,0.041076
24.7400,0.086267,-0.012386,0.040950
24.7500,0.152222,-0.011194,0.040832
24.7600,0.194210,-0.009462,0.040729
24.7700,0.107428,-0.007953,0.040642
24.7800,0.015498,-0.007339,0.040565
24.7900,0.081030,-0.006856,0.040494
24.8000,0.026169,-0.006320,0.040428
24.8100,0.008810,-0.006145,0.040366
24.8200,0.000225,-0.006100,0.040305
24.8300,0.047448,-0.005862,0.040245
24.8400,0.055224,-0.005348,0.040189
24.8500,0.074736,-0.004699,0.040139
24.8600,-0.110534,-0.004878,0.040091
24.8700,-0.144373,-0.006152,0.040036
24.8800,-0.127595,-0.007512,0.039967
24.8900,-0.090459,-0.008602,0.039887
24.9000,-0.015766,-0.009133,0.039798
24.9100,0.005732,-0.009184,0.039707
24.9200,-0.004808,-0.009179,0.039615
24.9300,-0.016687,-0.009286,0.039522
24.9400,0.111801,-0.008811,0.039432
24.9500,0.053283,-0.007985,0.039348
24.9600,-0.025407,-0.007846,0.039269
24.9700,-0.140125,-0.008674,0.039186
24.9800,-0.084130,-0.009795,0.039094
24.9900,-0.023429,-0.010333,0.038993
25.0000,-0.012387,-0.010512,0.038889
25.0100,-0.078656,-0.010967,0.038782
25.0200,-0.044144,-0.011581,0.038669
25.0300,-0.031777,-0.011961,0.038551
25.0400,-0.005167,-0.012145,0.038431
25.0500,0.045148,-0.011945,0.038310
25.0600,0.107727,-0.011181,0.038195
25.0700,0.081125,-0.010237,0.038088
25.0800,0.182058,-0.008921,0.037992
25.0900,0.141929,-0.007301,0.037911
25.1000,0.152055,-0.005831,0.037845
25.1100,0.136326,-0.004389,0.037794
25.1200,0.154475,-0.002935,0.037757
25.1300,0.178685,-0.001269,0.037736
25.1400,0.221024,0.000729,0.037734
25.1500,0.315106,0.003410,0.037754
25.1600,0.280648,0.006389,0.037803
25.1700,0.227161,0.008928,0.037880
25.1800,0.200507,0.011066,0.037980
25.1900,0.117609,0.012657,0.038098
25.2000,0.140069,0.013945,0.038231
25.2100,0.197658,0.015634,0.038379
25.2200,0.131076,0.017277,0.038544
25.2300,0.054393,0.018205,0.038721
25.2400,0.063484,0.018794,0.038906
25.2500,0.014872,0.019186,0.039096
25.2600,0.019135,0.019356,0.039289
25.2700,-0.044048,0.019231,0.039482
25.2800,-0.073388,0.018644,0.039671
25.2900,0.014686,0.018351,0.039856
25.3000,0.039330,0.018621,0.040041
25.3100,-0.005079,0.018792,0.040228
25.3200,-0.035403,0.018589,0.040415
25.3300,-0.025617,0.018284,0.040599
25.3400,-0.064868,0.017832,0.040780
25.3500,-0.155097,0.016732,0.040953
25.3600,-0.157443,0.015169,0.041112
25.3700,-0.206019,0.013352,0.041255
25.3800,-0.071023,0.011967,0.041381
25.3900,-0.159880,0.010812,0.041495
25.4000,-0.174902,0.009138,0.041595
25.4100,-0.095844,0.007785,0.041680
25.4200,-0.074423,0.006933,0.041753
25.4300,-0.086445,0.006129,0.041819
25.4400,-0.083659,0.005279,0.041876
25.4500,-0.081306,0.004454,0.041924
25.4600,-0.163783,0.003228,0.041963
25.4700,-0.194013,0.001439,0.041986
25.4800,-0.195249,-0.000507,0.041991
25.4900,-0.172595,-0.002346,0.041976
25.5000,-0.181323,-0.004116,0.041944
25.5100,-0.172518,-0.005885,0.041894
25.5200,-0.190203,-0.007699,0.041826
25.5300,-0.070121,-0.009000,0.041743
25.5400,0.010397,-0.009299,0.041651
25.5500,0.042833,-0.009033,0.041560
25.5600,-0.020795,-0.008922,0.041470
25.5700,0.045343,-0.008800,0.041381
25.5800,0.073355,-0.008206,0.041296
25.5900,0.075280,-0.007463,0.041218
25.6000,0.111666,-0.006528,0.041148
25.6100,0.108123,-0.005429,0.041088
25.6200,0.074757,-0.004515,0.041038
25.6300,0.106978,-0.003606,0.040998
25.6400,0.102767,-0.002558,0.040967
25.6500,0.082319,-0.001632,0.040946
25.6600,0.055404,-0.000944,0.040933
25.6700,0.146726,0.000067,0.040929
25.6800,0.145136,0.001526,0.040937
25.6900,0.101102,0.002758,0.040958
25.7000,0.093378,0.003730,0.040991
25.7100,0.135845,0.004876,0.041034
25.7200,0.076458,0.005938,0.041088
25.7300,0.175012,0.007195,0.041153
25.7400,0.216581,0.009153,0.041235
25.7500,0.153410,0.011003,0.041336
25.7600,0.059250,0.012066,0.041451
25.7700,-0.025604,0.012234,0.041573
25.7800,-0.044661,0.011883,0.041693
25.7900,-0.012397,0.011598,0.041811
25.8000,0.015147,0.011612,0.041927
25.8100,0.080961,0.012092,0.042045
25.8200,0.109374,0.013044,0.042171
25.8300,0.086563,0.014023,0.042306
25.8400,0.095929,0.014936,0.042451
25.8500,0.075087,0.015791,0.042605
25.8600,-0.034949,0.015992,0.042764
25.8700,-0.106829,0.015283,0.042920
25.8800,-0.207077,0.013713,0.043065
25.8900,-0.262768,0.011364,0.043190
25.9000,-0.248687,0.008807,0.043291
25.9100,-0.133270,0.006897,0.043370
25.9200,-0.067989,0.005891,0.043434
25.9300,0.016944,0.005635,0.043491
25.9400,0.078072,0.006111,0.043550
25.9500,0.144128,0.007222,0.043617
25.9600,0.142039,0.008652,0.043696
25.9700,0.127418,0.010000,0.043789
25.9800,0.199139,0.011632,0.043897
25.9900,0.112150,0.013189,0.044022
26.0000,0.046021,0.013980,0.044157
26.0100,-0.085541,0.013782,0.044296
26.0200,-0.090941,0.012900,0.044430
26.0300,-0.055870,0.012166,0.044555
26.0400,-0.069105,0.011541,0.044673
26.0500,0.025279,0.011322,0.044788
26.0600,0.032865,0.011612,0.044902
26.0700,0.052003,0.012037,0.045021
26.0800,-0.013118,0.012231,0.045142
26.0900,-0.047445,0.011928,0.045263
26.1000,0.126570,0.012324,0.045384
26.1100,0.152734,0.013720,0.045514
26.1200,0.073772,0.014853,0.045657
26.1300,0.052675,0.015485,0.045809
26.1400,0.119815,0.016348,0.045968
26.1500,0.216115,0.018027,0.046140
26.1600,0.124938,0.019733,0.046329
26.1700,0.148483,0.021100,0.046533
26.1800,0.168215,0.022683,0.046752
26.1900,0.093974,0.023994,0.046985
26.2000,-0.039959,0.024264,0.047226
26.2100,-0.095389,0.023587,0.047466
26.2200,-0.110376,0.022559,0.047696
26.2300,-0.132992,0.021342,0.047916
26.2400,-0.204271,0.019655,0.048121
26.2500,-0.039916,0.018435,0.048311
26.2600,0.003345,0.018252,0.048495
26.2700,-0.015145,0.018193,0.048677
26.2800,-0.084397,0.017695,0.048856
26.2900,-0.075832,0.016894,0.049029
26.3000,-0.027304,0.016378,0.049196
26.3100,-0.044093,0.016021,0.049358
26.3200,0.014300,0.015872,0.049517
26.3300,-0.036000,0.015764,0.049675
26.3400,-0.083284,0.015167,0.049830
26.3500,-0.015992,0.014671,0.049979
26.3600,0.043086,0.014806,0.050127
26.3700,-0.001141,0.015016,0.050276
26.3800,-0.014651,0.014937,0.050426
26.3900,-0.029226,0.014718,0.050574
26.4000,-0.048703,0.014328,0.050719
26.4100,-0.016172,0.014004,0.050861
26.4200,-0.043633,0.013705,0.050999
26.4300,-0.017584,0.013399,0.051135
26.4400,-0.013451,0.013243,0.051268
26.4500,-0.046159,0.012945,0.051399
26.4600,-0.052970,0.012450,0.051526
26.4700,-0.061535,0.011877,0.051648
26.4800,-0.043596,0.011352,0.051764
26.4900,-0.061869,0.010824,0.051875
26.5000,-0.085768,0.010086,0.051979
26.5100,-0.077465,0.009270,0.052076
26.5200,-0.133381,0.008216,0.052163
26.5300,-0.103453,0.007031,0.052240
26.5400,-0.119601,0.005916,0.052304
26.5500,-0.102060,0.004808,0.052358
26.5600,-0.054679,0.004024,0.052402
26.5700,-0.062972,0.003436,0.052439
26.5800,-0.032659,0.002958,0.052471
26.5900,-0.029899,0.002645,0.052499
26.6000,-0.063028,0.002180,0.052523
26.6100,-0.095926,0.001386,0.052541
26.6200,-0.100747,0.000402,0.052550
26.6300,-0.120998,-0.000706,0.052549
26.6400,-0.127051,-0.001947,0.052535
26.6500,-0.104734,-0.003106,0.052510
26.6600,-0.037217,-0.003815,0.052476
26.6700,0.056560,-0.003719,0.052438
26.6800,0.073104,-0.003070,0.052404
26.6900,0.106486,-0.002172,0.052378
26.7000,0.126305,-0.001008,0.052362
26.7100,0.117620,0.000211,0.052358
26.7200,0.011818,0.000858,0.052363
26.7300,0.046331,0.001149,0.052373
26.7400,-0.015016,0.001306,0.052386
26.7500,-0.081988,0.000821,0.052396
26.7600,-0.099934,-0.000089,0.052400
26.7700,-0.052719,-0.000852,0.052395
26.7800,-0.074777,-0.001490,0.052383
26.7900,0.027831,-0.001724,0.052367
26.8000,0.050575,-0.001332,0.052352
26.8100,0.022551,-0.000967,0.052341
26.8200,0.057437,-0.000567,0.052333
26.8300,0.104970,0.000245,0.052331
26.8400,0.005523,0.000798,0.052336
26.8500,-0.013007,0.000760,0.052344
26.8600,-0.026846,0.000561,0.052351
26.8700,0.005554,0.000455,0.052356
26.8800,0.102858,0.000997,0.052363
26.8900,0.083194,0.001927,0.052378
26.9000,0.034931,0.002517,0.052400
26.9100,-0.045946,0.002462,0.052425
26.9200,-0.074152,0.001862,0.052447
26.9300,-0.101747,0.000982,0.052461
26.9400,-0.108065,-0.000067,0.052465
26.9500,-0.123063,-0.001222,0.052459
26.9600,-0.140590,-0.002541,0.052440
26.9700,-0.140206,-0.003945,0.052408
26.9800,-0.104142,-0.005166,0.052362
26.9900,-0.109180,-0.006233,0.052305
27.0000,-0.032178,-0.006940,0.052239
27.0100,-0.020865,-0.007205,0.052169
27.0200,-0.014357,-0.007381,0.052096
27.0300,0.030104,-0.007302,0.052022
27.0400,0.063721,-0.006833,0.051952
27.0500,0.085696,-0.006086,0.051887
27.0600,0.047423,-0.005420,0.051829
27.0700,0.112786,-0.004619,0.051779
27.0800,0.108152,-0.003515,0.051739
27.0900,0.059767,-0.002675,0.051708
27.1000,0.101839,-0.001867,0.051685
27.1100,0.090191,-0.000907,0.051671
27.1200,0.109868,0.000093,0.051667
27.1300,0.052492,0.000905,0.051672
27.1400,0.067227,0.001504,0.051684
27.1500,0.026653,0.001973,0.051701
27.1600,0.029148,0.002252,0.051722
27.1700,0.014642,0.002471,0.051746
27.1800,0.013834,0.002613,0.051772
27.1900,-0.022619,0.002570,0.051797
27.2000,-0.119148,0.001861,0.051820
27.2100,-0.190059,0.000315,0.051830
27.2200,-0.190429,-0.001588,0.051824
27.2300,-0.165533,-0.003368,0.051799
27.2400,-0.138704,-0.004889,0.051758
27.2500,-0.133044,-0.006247,0.051702
27.2600,-0.159252,-0.007709,0.051633
27.2700,-0.131088,-0.009161,0.051548
27.2800,-0.156963,-0.010601,0.051449
27.2900,-0.209447,-0.012433,0.051334
27.3000,-0.204533,-0.014503,0.051200
27.3100,-0.206494,-0.016558,0.051044
27.3200,-0.152545,-0.018353,0.050870
27.3300,-0.207791,-0.020155,0.050677
27.3400,-0.212654,-0.022257,0.050465
27.3500,-0.166521,-0.024153,0.050233
27.3600,-0.137608,-0.025674,0.049984
27.3700,-0.091940,-0.026821,0.049721
27.3800,-0.081988,-0.027691,0.049449
27.3900,-0.046019,-0.028331,0.049169
27.4000,0.018934,-0.028466,0.048885
27.4100,-0.018546,-0.028465,0.048600
27.4200,0.037973,-0.028367,0.048316
27.4300,0.059754,-0.027879,0.048035
27.4400,0.048542,-0.027337,0.047759
27.4500,0.003106,-0.027079,0.047487
27.4600,0.031762,-0.026905,0.047217
27.4700,0.047363,-0.026509,0.046950
27.4800,0.077855,-0.025883,0.046688
27.4900,0.034838,-0.025320,0.046432
27.5000,-0.065923,-0.025475,0.046178
27.5100,-0.037303,-0.025991,0.045920
27.5200,-0.037545,-0.026365,0.045659
27.5300,-0.072757,-0.026917,0.045392
27.5400,-0.120410,-0.027883,0.045118
27.5500,-0.083926,-0.028904,0.044834
27.5600,-0.109112,-0.029870,0.044540
27.5700,-0.080094,-0.030816,0.044237
27.5800,-0.114534,-0.031789,0.043924
27.5900,-0.166024,-0.033191,0.043599
27.6000,-0.162226,-0.034833,0.043259
27.6100,-0.150977,-0.036399,0.042903
27.6200,-0.121218,-0.037760,0.042532
27.6300,-0.118995,-0.038961,0.042148
27.6400,-0.065832,-0.039885,0.041754
27.6500,-0.055102,-0.040490,0.041352
27.6600,-0.091558,-0.041223,0.040944
27.6700,-0.055287,-0.041957,0.040528
27.6800,-0.028084,-0.042374,0.040106
27.6900,-0.038395,-0.042706,0.039681
27.7000,-0.033387,-0.043065,0.039252
27.7100,-0.005014,-0.043257,0.038820
27.7200,0.054417,-0.043010,0.038389
27.7300,-0.012531,-0.042801,0.037960
27.7400,-0.012174,-0.042924,0.037531
27.7500,-0.009960,-0.043035,0.037101
27.7600,0.001239,-0.043079,0.036671
27.7700,0.055157,-0.042797,0.036241
27.7800,0.133893,-0.041851,0.035818
27.7900,0.151974,-0.040422,0.035407
27.8000,0.131937,-0.039003,0.035010
27.8100,0.093320,-0.037876,0.034625
27.8200,0.100557,-0.036907,0.034251
27.8300,0.071140,-0.036048,0.033887
27.8400,0.017729,-0.035604,0.033528
27.8500,-0.021666,-0.035624,0.033172
27.8600,0.013748,-0.035663,0.032816
27.8700,0.048289,-0.035353,0.032461
27.8800,0.031031,-0.034957,0.032109
27.8900,-0.014791,-0.034875,0.031760
27.9000,-0.035967,-0.035129,0.031410
27.9100,-0.077557,-0.035697,0.031056
27.9200,-0.076443,-0.036467,0.030695
27.9300,-0.062593,-0.037162,0.030327
27.9400,-0.066811,-0.037809,0.029952
27.9500,-0.020781,-0.038247,0.029572
27.9600,-0.041152,-0.038557,0.029188
27.9700,0.011849,-0.038703,0.028801
27.9800,0.009575,-0.038596,0.028415
27.9900,0.011095,-0.038493,0.028029
28.0000,0.030282,-0.038286,0.027646
28.0100,0.026416,-0.038002,0.027264
28.0200,0.071210,-0.037514,0.026887
28.0300,0.125625,-0.036530,0.026516
28.0400,0.125146,-0.035276,0.026157
28.0500,0.138266,-0.033959,0.025811
28.0600,0.097516,-0.032780,0.025477
28.0700,0.127745,-0.031654,0.025155
28.0800,0.084696,-0.030592,0.024844
28.0900,0.129169,-0.029522,0.024543
28.1000,0.147344,-0.028140,0.024255
28.1100,0.213855,-0.026334,0.023983
28.1200,0.170837,-0.024410,0.023729
28.1300,0.158474,-0.022764,0.023493
28.1400,0.123408,-0.021354,0.023273
28.1500,0.105861,-0.020208,0.023065
28.1600,0.134487,-0.019006,0.022869
28.1700,0.052724,-0.018070,0.022683
28.1800,-0.007014,-0.017842,0.022504
28.1900,0.020240,-0.017775,0.022326
28.2000,0.016286,-0.017593,0.022149
28.2100,-0.014242,-0.017583,0.021973
28.2200,0.011574,-0.017596,0.021797
28.2300,0.021361,-0.017431,0.021622
28.2400,-0.015999,-0.017405,0.021448
28.2500,-0.018712,-0.017578,0.021273
28.2600,-0.007617,-0.017710,0.021096
28.2700,0.016954,-0.017663,0.020920
28.2800,0.031114,-0.017423,0.020744
28.2900,0.052224,-0.017006,0.020572
28.3000,0.091012,-0.016290,0.020406
28.3100,0.112729,-0.015271,0.020248
28.3200,0.062406,-0.014395,0.020099
28.3300,0.077811,-0.013694,0.019959
28.3400,0.095103,-0.012830,0.019826
28.3500,0.096870,-0.011870,0.019703
28.3600,0.055896,-0.011106,0.019588
28.3700,0.051861,-0.010567,0.019480
28.3800,0.057519,-0.010020,0.019377
28.3900,0.059467,-0.009435,0.019279
28.4000,0.101444,-0.008631,0.019189
28.4100,0.080845,-0.007719,0.019107
28.4200,0.015556,-0.007237,0.019032
28.4300,-0.021891,-0.007269,0.018960
28.4400,0.015709,-0.007300,0.018887
28.4500,0.000876,-0.007217,0.018815
28.4600,-0.015640,-0.007291,0.018742
28.4700,-0.075176,-0.007745,0.018667
28.4800,-0.100386,-0.008623,0.018585
28.4900,-0.087185,-0.009561,0.018494
28.5000,-0.096100,-0.010477,0.018394
28.5100,-0.082126,-0.011368,0.018285
28.5200,-0.041855,-0.011988,0.018168
28.5300,-0.042755,-0.012411,0.018046
28.5400,-0.083824,-0.013044,0.017919
28.5500,-0.070120,-0.013814,0.017784
28.5600,-0.059946,-0.014464,0.017643
28.5700,-0.056994,-0.015049,0.017495
28.5800,-0.051863,-0.015593,0.017342
28.5900,-0.029266,-0.015999,0.017184
28.6000,-0.021642,-0.016253,0.017023
28.6100,-0.047128,-0.016597,0.016859
28.6200,-0.028079,-0.016973,0.016691
28.6300,-0.053441,-0.017381,0.016519
28.6400,-0.056811,-0.017932,0.016342
28.6500,-0.034343,-0.018388,0.016161
28.6600,-0.075520,-0.018937,0.015974
28.6700,-0.099095,-0.019810,0.015780
28.6800,-0.112239,-0.020867,0.015577
28.6900,-0.125639,-0.022056,0.015362
28.7000,-0.113239,-0.023251,0.015136
28.7100,-0.052550,-0.024080,0.014899
28.7200,-0.084470,-0.024765,0.014655
28.7300,-0.103474,-0.025704,0.014403
28.7400,-0.052904,-0.026486,0.014142
28.7500,0.010686,-0.026697,0.013876
28.7600,-0.033343,-0.026811,0.013608
28.7700,-0.017701,-0.027066,0.013339
28.7800,0.017573,-0.027067,0.013068
28.7900,0.003963,-0.026959,0.012798
28.8000,0.010223,-0.026888,0.012529
28.8100,-0.021816,-0.026946,0.012260
28.8200,0.003449,-0.027038,0.011990
28.8300,-0.016658,-0.027104,0.011719
28.8400,0.001193,-0.027181,0.011448
28.8500,0.018211,-0.027084,0.011176
28.8600,0.043752,-0.026774,0.010907
28.8700,0.073126,-0.026190,0.010642
28.8800,0.107456,-0.025287,0.010385
28.8900,0.122061,-0.024139,0.010138
28.9000,0.100760,-0.023025,0.009902
28.9100,0.082791,-0.022108,0.009676
28.9200,0.039094,-0.021498,0.009458
28.9300,0.063104,-0.020987,0.009246
28.9400,0.037262,-0.020485,0.009038
28.9500,0.006608,-0.020266,0.008835
28.9600,-0.011312,-0.020289,0.008632
28.9700,0.016489,-0.020264,0.008429
28.9800,0.019634,-0.020083,0.008227
28.9900,0.028332,-0.019843,0.008028
29.0000,0.016368,-0.019620,0.007830
29.0100,-0.014394,-0.019610,0.007634
29.0200,0.012965,-0.019617,0.007438
29.0300,0.001629,-0.019544,0.007242
29.0400,0.028250,-0.019395,0.007048
29.0500,0.044179,-0.019032,0.006856
29.0600,0.026151,-0.018681,0.006667
29.0700,0.028652,-0.018407,0.006482
29.0800,0.018177,-0.018173,0.006299
29.0900,0.059034,-0.017787,0.006119
29.1000,0.083061,-0.017076,0.005945
29.1100,0.080298,-0.016259,0.005778
29.1200,0.070075,-0.015507,0.005619
29.1300,0.094881,-0.014683,0.005468
29.1400,0.063980,-0.013888,0.005325
29.1500,-0.001386,-0.013575,0.005188
29.1600,0.001592,-0.013574,0.005052
29.1700,-0.009748,-0.013615,0.004916
29.1800,-0.002914,-0.013678,0.004780
29.1900,-0.024896,-0.013817,0.004642
29.2000,-0.044348,-0.014164,0.004502
29.2100,-0.027893,-0.014525,0.004359
29.2200,0.001703,-0.014656,0.004213
29.2300,-0.045906,-0.014877,0.004065
29.2400,-0.000638,-0.015110,0.003915
29.2500,0.027272,-0.014976,0.003765
29.2600,0.034153,-0.014669,0.003617
29.2700,0.018351,-0.014407,0.003471
29.2800,0.045040,-0.014090,0.003329
29.2900,0.012532,-0.013802,0.003189
29.3000,-0.032209,-0.013900,0.003051
29.3100,-0.006565,-0.014094,0.002911
29.3200,-0.012095,-0.014188,0.002770
29.3300,0.023936,-0.014128,0.002628
29.3400,0.003103,-0.013993,0.002487
29.3500,-0.020394,-0.014080,0.002347
29.3600,0.001055,-0.014176,0.002206
29.3700,0.052973,-0.013906,0.002065
29.3800,0.112281,-0.013080,0.001930
29.3900,0.095635,-0.012040,0.001805
29.4000,0.082846,-0.011148,0.001689
29.4100,0.090691,-0.010280,0.001582
29.4200,0.090177,-0.009376,0.001483
29.4300,0.102972,-0.008410,0.001394
29.4400,0.098188,-0.007404,0.001315
29.4500,0.080475,-0.006511,0.001246
29.4600,0.076038,-0.005728,0.001185
29.4700,0.047492,-0.005111,0.001130
29.4800,0.050103,-0.004623,0.001082
29.4900,0.035471,-0.004195,0.001038
29.5000,0.021343,-0.003911,0.000997
29.5100,0.014316,-0.003733,0.000959
29.5200,0.041783,-0.003452,0.000923
29.5300,0.068801,-0.002899,0.000891
29.5400,0.051199,-0.002299,0.000865
29.5500,0.012252,-0.001982,0.000844
29.5600,-0.015886,-0.002000,0.000824
29.5700,-0.025173,-0.002205,0.000803
29.5800,-0.029463,-0.002479,0.000779
29.5900,0.009524,-0.002578,0.000754
29.6000,0.025700,-0.002402,0.000729
29.6100,0.041412,-0.002067,0.000707
29.6200,0.002110,-0.001849,0.000687
29.6300,0.029793,-0.001689,0.000670
29.6400,-0.000507,-0.001543,0.000654
29.6500,0.015420,-0.001468,0.000638
29.6600,-0.025412,-0.001518,0.000624
29.6700,-0.035571,-0.001823,0.000607
29.6800,-0.020605,-0.002104,0.000587
29.6900,-0.029922,-0.002357,0.000565
29.7000,-0.012201,-0.002567,0.000540
29.7100,-0.041485,-0.002836,0.000513
29.7200,-0.047259,-0.003280,0.000483
29.7300,-0.056416,-0.003798,0.000447
29.7400,-0.111925,-0.004640,0.000405
29.7500,-0.094947,-0.005674,0.000354
29.7600,-0.102560,-0.006662,0.000292
29.7700,-0.119316,-0.007771,0.000220
29.7800,-0.061027,-0.008673,0.000137
29.7900,-0.025603,-0.009106,0.000049
29.8000,-0.062594,-0.009547,-0.000045
29.8100,-0.068477,-0.010202,-0.000143
29.8200,-0.069606,-0.010893,-0.000249
29.8300,-0.023571,-0.011358,-0.000360
29.8400,0.062896,-0.011162,-0.000473
29.8500,0.112493,-0.010285,-0.000580
29.8600,0.108294,-0.009181,-0.000677
29.8700,0.126191,-0.008009,-0.000763
29.8800,0.130235,-0.006726,-0.000837
29.8900,0.141626,-0.005367,-0.000897
29.9000,0.115471,-0.004082,-0.000945
29.9100,0.079237,-0.003108,-0.000981
29.9200,0.051640,-0.002454,-0.001008
29.9300,0.038465,-0.002003,-0.001031
29.9400,0.025800,-0.001682,-0.001049
29.9500,0.045299,-0.001326,-0.001064
29.9600,0.033992,-0.000930,-0.001075
29.9700,0.065231,-0.000434,-0.001082
29.9800,0.015820,-0.000029,-0.001085
29.9900,-0.008676,0.000007,-0.001085
