building_id,earthquake_id,num_storeys,total_mass_kg,total_height_m,fundamental_period_T1_s,period_T2_s,period_T3_s,period_ratio_T2_T1,first_mode_mass_ratio,first_mode_participation,avg_storey_mass_kg,avg_storey_stiffness_N_m,base_stiffness_N_m,stiffness_taper_ratio,damping_ratio,pga_g,pgv_m_s,pgd_m,arias_intensity_m_s,significant_duration_s,mean_period_Tm_s,predominant_period_Tp_s,Sa_T1_g,Sa_T2_g,Sa_T3_g,Sd_T1_m,Sa_over_PGA,T1_over_Tp,T1_over_Tm,static_drift_proxy,target_max_pidr,target_max_roof_disp_m,target_peak_base_shear_N,target_peak_pfa_m_s2
Bldg_035_8St,Imperial_Valley_1979_Array6_scaled_0.61g,8.0,2170485.1346629397,29.41406488338083,1.5058458369512058,0.5067389805174635,0.3116778724217766,0.3365145143565473,0.8582462946298408,1364.8482788843671,271310.64183286746,136007095.16231158,136007095.16231158,1.0,0.05362839943511724,0.6145999999999999,0.6258781081954151,0.2939064994681046,5.947577506560213,11.25,0.46468075532273967,0.8192,0.3391902806755417,1.2754147042409976,1.3745513705562853,0.19113397514216948,0.5518878631232375,1.8381907189345772,3.2406029724758767,0.012390995622900193,0.014655580838336044,0.25353674984448143,7328745.819605215,7.944434167163556
Bldg_020_5St,Friuli_1976_Tolmezzo,5.0,431577.0521504538,15.320911780484215,0.7130741434112638,0.25501056678852646,0.16467834084054334,0.3576213906292907,0.8673366722282386,611.8190943589842,86315.41043009076,75660470.46042758,83114761.34278658,0.7757831833380477,0.058341659875327925,0.352,0.21352777719546898,0.102872191600987,1.308741949374992,10.049999999999999,0.4278323224718693,0.3250793650793651,0.4475121426653545,0.7929180777773555,0.5726356335638504,0.05644497105549873,1.2713413143902117,2.1935386247514463,1.6667140511763219,0.006450283208612257,0.006568042733656167,0.07342837420041508,1672741.144797292,7.895248928251214
Bldg_015_10St,ChiChi_1999_TCU068_scaled_0.72g,10.0,2816481.9947992526,40.98256473151777,1.8319490809782595,0.6193726605439063,0.3773880973810691,0.3380949104836264,0.8478015197669436,1545.2565209657066,281648.1994799253,143070004.16746855,143070004.16746855,1.0,0.037694089189244176,0.7168,0.9793056114621539,0.3918739507039827,11.287491908555028,18.89,0.7206483050886867,0.6206060606060606,0.8558417135428018,1.8949875341790068,2.4273474803325086,0.7137122566889358,1.1939756048309178,2.951871077748172,2.5420847701193305,0.034179646937402254,0.03390898150882948,0.9728254566716021,19882109.842567027,19.882403803425664
Bldg_038_3St,Kobe_1995_NS_scaled_1.17g,3.0,670960.952016786,9.738279216538054,0.5814586032302643,0.21822895584713087,0.15751830854494958,0.37531297092307303,0.9074263975091055,780.28692130387,223653.65067226198,118926299.32987614,129961841.76984638,0.8301725754315881,0.058719762660169365,1.1676,1.489885267133405,0.5504295453472083,19.04897040911142,12.780000000000001,0.8720606558868952,0.7728301886792452,2.0735970478631303,2.066336002661439,1.7439749959086142,0.1741229163301998,1.775948139656672,0.7523756340625979,0.6667639450365005,0.02934788924956439,0.03031413750363526,0.2194068492283196,12788571.660462892,25.965706649657054
Bldg_039_3St,Loma_Prieta_1989_Corralitos_scaled_0.90g,3.0,532860.2944545313,11.890482304305188,0.4107129396322553,0.15876053972412202,0.11447839721976313,0.3865486679486486,0.8958001841302572,690.8953248416667,177620.09815151044,183096848.05044726,214400511.75447863,0.7079889087216464,0.03476921926039584,0.9015999999999998,0.9605448110846201,0.5591609350109363,13.560562443787077,11.41,0.6811214742642782,1.0778947368421052,2.356527001083917,2.15534790282196,1.9021310045122992,0.09841354824348214,2.613716727022979,0.3810325123541431,0.6029951413232009,0.011522706005605479,0.011909423744932961,0.11845199155962108,10644112.601339411,32.134261195294265
Bldg_011_5St,Friuli_1976_Tolmezzo,5.0,1451852.277223199,20.06527884435787,0.894354941017543,0.30523291686505966,0.19519356971894125,0.34128834410841863,0.8825020573804334,1131.928717571005,290370.4554446398,172350178.34134805,172350178.34134805,1.0,0.05720067339243327,0.352,0.21352777719546898,0.102872191600987,1.308741949374992,10.049999999999999,0.4278323224718693,0.3250793650793651,0.30240590816218216,0.7527258936697282,0.5827617127975068,0.059961307910492145,0.859107693642563,2.7511895158254496,2.090433317076805,0.005493664985753907,0.005043959939278612,0.07925600349381709,3471450.248633101,5.445761001633115
Bldg_009_9St,Friuli_1976_Tolmezzo_scaled_0.49g,9.0,1936007.7066165784,33.37060515365388,2.0240667166863795,0.7218964229585041,0.4472852984026352,0.35665643677019115,0.8231148142306102,1262.3615265765725,215111.96740184203,67549516.69497378,85350928.3329129,0.5828654242985061,0.05915571433100036,0.4927999999999999,0.2989388880736565,0.14402106824138175,2.5651342207749837,10.049999999999999,0.42783232247186936,0.3250793650793651,0.12049299141849658,0.6050502200618223,0.878205558733531,0.12265311454079847,0.24450688193688433,6.226377106994234,4.730981298916388,0.005950043487170584,0.0071810086707220465,0.1649060446647097,2272559.554850433,4.993052049934069
Bldg_014_5St,Friuli_1976_Tolmezzo_scaled_0.21g,5.0,1593765.9396833987,19.810700551829953,0.8894792288713879,0.3088246908799503,0.19628714530869923,0.34719719230745977,0.8824903205928275,1185.9523662698816,318753.18793667975,186945021.86907646,186945021.86907646,1.0,0.025534123696712055,0.2112,0.12811666631728136,0.0617233149605922,0.471147101774997,10.049999999999999,0.42783232247186925,0.3250793650793651,0.23590648269693043,0.6398329595884846,0.392387843869412,0.04630901899448383,1.1169814521634964,2.7361909872508514,2.07903700153434,0.003908628123721817,0.004175450125938334,0.06017066887464261,3405001.449652486,4.687579344886175
Bldg_004_9St,ChiChi_1999_TCU068_scaled_0.72g,9.0,1948649.445047211,34.52008614666971,1.8669862587577561,0.6258111713455994,0.3829180140447785,0.3351985952815731,0.8546009371985288,1290.4718679648695,216516.60500524566,87950131.45529062,87950131.45529062,1.0,0.04849082359697768,0.7168,0.9793056114621539,0.3918739507039827,11.287491908555028,18.89,0.7206483050886867,0.6206060606060606,0.8256879786870873,1.622112219714886,2.0648684562805717,0.7150785586954045,1.151908452409441,3.0083274677249,2.590703739361456,0.039973103294565826,0.037684555539307905,0.9572218069789525,12712449.824422106,17.74379820900229
Bldg_037_6St,ChiChi_1999_TCU068_scaled_0.72g,6.0,1519801.1629553218,18.1313458662842,0.9220273617851668,0.32867711576859315,0.20663916498060184,0.3564721931160815,0.8535992240019256,1138.9912613079553,253300.19382588696,185099389.56536832,214716992.93877366,0.7241242719727287,0.047878458494656856,0.7168,0.9793056114621539,0.3918739507039827,11.287491908555028,18.89,0.7206483050886867,0.6206060606060606,1.5042784783294962,2.261777746976252,1.5089177459957244,0.3175393382167,2.0986027878480695,1.4856886200639894,1.2794415185250416,0.029494734652929677,0.03115032561421036,0.4192593993780094,20211930.632207066,24.393070888428845
Bldg_025_6St,El_Centro_1940_NS,6.0,1757236.410893677,25.206007389869953,1.499772555124449,0.5085192700648059,0.31318652089399057,0.33906425899533127,0.8984443167658247,1256.4947539012646,292872.7351489462,90287042.21106903,70659424.3390975,1.3333333333333333,0.058348096296313844,0.348,0.546705574584446,0.18644040753129837,3.1070282308161543,13.060000000000002,0.534173757427226,0.7447272727272727,0.30297171867823425,0.7804600463948651,0.9115798878500078,0.1692435871307612,0.8706083870064203,2.013854749312615,2.8076492606972985,0.014081214346609241,0.014119947791536231,0.2157022433004704,4703672.838130174,5.00854278337535
Bldg_003_7St,Imperial_Valley_1979_Array6_scaled_0.26g,7.0,1916270.4866929152,21.004371166760656,1.7280142136463181,0.5969958868135233,0.3709851306358629,0.34548088904534535,0.8517525842969699,1277.5712658214816,273752.92667041643,76957987.31765112,83542359.52837032,0.8423704513999704,0.03410275425336676,0.26339999999999997,0.26823347494089234,0.1259599283434734,1.0924121950824885,11.25,0.4646807553227397,0.8192,0.1626167242922396,0.49055704488743873,0.7355750575536056,0.12061854917841447,0.6173755667890647,2.109392350642478,3.7187126728459883,0.010383356703451533,0.012908432722205782,0.1581473387902501,3235876.1923201187,4.277503816710835
Bldg_010_4St,El_Centro_1940_NS_scaled_0.49g,4.0,577210.2580398876,15.589050114707588,0.9035156567368826,0.3317185659069841,0.22164574174728088,0.367142022867663,0.8750783301686131,710.7068233538631,144302.5645099719,51967001.47358608,60903626.192958586,0.7065322616075785,0.058122873880958124,0.4871999999999999,0.7653878044182246,0.26101657054381694,6.089775332399659,13.060000000000002,0.5341737574272261,0.7447272727272727,0.48205614856060613,1.163081870823011,1.366430265736131,0.09766134768313124,0.9894420126449225,1.213216824231654,1.6914265146392453,0.010059964754465897,0.01075398732389526,0.12819583870577686,2498893.5680699707,9.225780784405956
Bldg_040_5St,Imperial_Valley_1979_Array6_scaled_0.26g,5.0,886610.9492362948,19.765736699798776,1.0612910403555909,0.38285605262008715,0.2551718244840761,0.36074558067672874,0.8574015036543967,871.8839148829684,177322.18984725897,67561726.4654356,78967512.31225075,0.6389089160579486,0.024267970004537443,0.26339999999999997,0.26823347494089234,0.1259599283434734,1.0924121950824885,11.25,0.4646807553227397,0.8192,0.2644870260291274,0.7634609010516124,0.6927409369288953,0.07404699245858913,1.0041269021606962,1.2955212894965709,2.283914339466202,0.0063161279869146944,0.006418075577289147,0.09812248248302805,2003532.0087192901,6.1060536277515
Bldg_025_6St,Northridge_1994_Sylmar,6.0,1757236.410893677,25.206007389869953,1.499772555124449,0.5085192700648059,0.31318652089399057,0.33906425899533127,0.8984443167658247,1256.4947539012646,292872.7351489462,90287042.21106903,70659424.3390975,1.3333333333333333,0.058348096296313844,0.843,0.8309546252613713,0.3287478434080909,9.138133288190668,9.37,0.4931760280806555,0.8192,0.6161970868198753,1.3633514197235883,1.4833762135274733,0.34451480435328213,0.7309573983628415,1.8307770448296494,3.0410491786498017,0.02863898748411529,0.031997540556140465,0.4287820134429912,10659101.904831598,10.33951312663116
Bldg_023_4St,ChiChi_1999_TCU068_scaled_0.72g,4.0,766198.5056578394,14.085368853543702,0.6464204299712705,0.2384130320594705,0.16037881502662232,0.3688203853180608,0.8743349213046628,818.4828099282827,191549.62641445984,132243280.43540907,155581753.84682024,0.6999844411782463,0.030147286954925547,0.7168,0.9793056114621539,0.3918739507039827,11.287491908555028,18.89,0.7206483050886867,0.6206060606060606,1.8164396047707059,1.4409450569663125,1.479793058664321,0.1886644641575176,2.5340954307627035,1.0415954193873012,0.8969984740222468,0.021781805083703427,0.022517169977358094,0.24300193424318295,12336180.128075847,26.254673035889006
Bldg_002_6St,Northridge_1994_Sylmar,6.0,650483.7733847327,22.938348273347064,1.3796942775133207,0.4892396143506448,0.30631666469100405,0.35460001706495536,0.857522015391217,746.8628765256442,108413.96223078878,35753014.44204229,40000000.0,0.787650722102115,0.04779139732158818,0.843,0.8309546252613713,0.3287478434080909,9.138133288190668,9.37,0.4931760280806555,0.8192,0.6444186238155772,1.5564525599512267,1.684332026234527,0.304769807962138,0.7644349036958212,1.6841971161051277,2.797569628197097,0.02028173914686772,0.02191986100986796,0.41673665027503953,3365486.0206324696,13.985410366395604
Bldg_020_5St,Northridge_1994_Sylmar_scaled_1.18g,5.0,431577.0521504538,15.320911780484215,0.7130741434112638,0.25501056678852646,0.16467834084054334,0.3576213906292907,0.8673366722282386,611.8190943589842,86315.41043009076,75660470.46042758,83114761.34278658,0.7757831833380477,0.058341659875327925,1.1802,1.163336475365919,0.4602469807713281,17.910741244853703,9.37,0.4931760280806554,0.8192,1.7052696567491321,2.4936619440613743,2.444043956800967,0.2155814047180324,1.4448988787909949,0.8704518352188279,1.4458815976648518,0.024579159277271768,0.024723018424039456,0.2854778454829438,6296428.299645291,27.61696992874711
Bldg_033_6St,San_Fernando_1971_Pacoima_scaled_1.20g,6.0,470835.12233445,22.287920016752828,0.9424337011627946,0.3261489219395039,0.2033903163261337,0.34607094540135236,0.865772791165726,638.4639676930507,78472.520389075,56818952.49859368,61590430.563559696,0.8450578110493322,0.04751138868384332,1.2,1.062742688536094,0.48583205637192123,20.75397680557232,9.42,0.461649004640927,0.28054794520547943,1.1429957011825969,3.035126509541478,3.367374522955166,0.252208570024857,0.9524964176521641,3.3592607512150394,2.041450737873516,0.016856552071651616,0.019880542670826905,0.32901563608268886,4883116.587338456,25.990930641639174
Bldg_038_3St,Imperial_Valley_1979_Array6_scaled_0.61g,3.0,670960.952016786,9.738279216538054,0.5814586032302643,0.21822895584713087,0.15751830854494958,0.37531297092307303,0.9074263975091055,780.28692130387,223653.65067226198,118926299.32987614,129961841.76984638,0.8301725754315881,0.058719762660169365,0.6145999999999999,0.6258781081954151,0.2939064994681046,5.947577506560213,11.25,0.46468075532273967,0.8192,1.0395503126211094,1.2583253282756828,1.3075004191666122,0.08729650113383952,1.6914258259373731,0.7097883340213187,1.2513076915062207,0.014712891048718407,0.015115210010791712,0.11187837510181102,6376626.9570683045,15.202851732910272
Bldg_039_3St,El_Centro_1940_NS_scaled_0.21g,3.0,532860.2944545313,11.890482304305188,0.4107129396322553,0.15876053972412202,0.11447839721976313,0.3865486679486486,0.8958001841302572,690.8953248416667,177620.09815151044,183096848.05044726,214400511.75447863,0.7079889087216464,0.03476921926039584,0.2088,0.3280233447506678,0.11186424451877919,1.1185301630938156,13.060000000000002,0.5341737574272261,0.7447272727272727,0.5433886924837861,0.6454447413610541,0.5883357564561955,0.023216885867575098,2.602436266684799,0.5514944257757335,0.7688751720234205,0.002657006750773938,0.0028059642740497566,0.026572726321594436,2686242.769994219,6.894985530942761
Bldg_006_10St,El_Centro_1940_NS,10.0,3366909.3113988144,34.18399184750075,3.281079343997509,1.133043582854695,0.6893601308528857,0.345326480728823,0.8345073949971021,1676.2191738095921,336690.93113988143,51738376.4859165,57211205.11280589,0.7608497926193671,0.02384706204365683,0.348,0.546705574584446,0.18644040753129837,3.1070282308161543,13.060000000000002,0.534173757427226,0.7447272727272727,0.23841893341507914,0.36436999926115576,0.8800696192826615,0.6374779402507,0.6851118776295378,4.40574618944978,6.142344692858694,0.033590707593750775,0.03463543965261252,0.8534035280883708,6773678.456277484,6.173817162414906
Bldg_031_7St,San_Fernando_1971_Pacoima_scaled_0.70g,7.0,856890.734760222,22.75669864505952,1.4911929430096265,0.5226822901820123,0.3255666176728036,0.3505128512257438,0.8443472679464323,850.595879853297,122412.96210860314,46041581.58392334,53788220.09784441,0.7119578041500756,0.04318599737886953,0.7020000000000001,0.621704472793615,0.284211752977573,7.102529712286988,9.42,0.46164900464092706,0.28054794520547943,0.30757273932206064,1.6442638545151782,1.8443809538567935,0.16984965367128962,0.43813780530208063,5.315287345688611,3.230144391125643,0.012480060018177676,0.018879779286612455,0.22467199009397185,3301378.3932311963,12.619241000907504
Bldg_015_10St,Northridge_1994_Sylmar,10.0,2816481.9947992526,40.98256473151777,1.8319490809782595,0.6193726605439063,0.3773880973810691,0.3380949104836264,0.8478015197669436,1545.2565209657066,281648.1994799253,143070004.16746855,143070004.16746855,1.0,0.037694089189244176,0.843,0.8309546252613713,0.3287478434080909,9.138133288190668,9.37,0.4931760280806555,0.8192,0.5542832451272347,1.4400550150658646,2.4741642744391967,0.4618904141932454,0.6575127462956522,2.2362659679910393,3.7145947423840657,0.022136342879738584,0.020418537689178687,0.6359465108212405,11898996.685573205,15.959821448646114
Bldg_031_7St,El_Centro_1940_NS,7.0,856890.734760222,22.75669864505952,1.4911929430096265,0.5226822901820123,0.3255666176728036,0.3505128512257438,0.8443472679464323,850.595879853297,122412.96210860314,46041581.58392334,53788220.09784441,0.7119578041500756,0.04318599737886953,0.348,0.546705574584446,0.18644040753129837,3.1070282308161543,13.060000000000002,0.534173757427226,0.7447272727272727,0.33454985558360945,0.8456216178784499,0.9709380592374471,0.1847645373092924,0.9613501597230157,2.002334274060778,2.791587797558141,0.013574682483106048,0.013651938208223954,0.2452038390427347,2373851.367465843,6.6481490189601775
Bldg_001_9St,Friuli_1976_Tolmezzo_scaled_0.49g,9.0,1527742.1397965779,38.35519513262496,2.1413036512544052,0.7346964083904504,0.4502992706525202,0.3431070637553226,0.845007649463895,1136.201476207652,169749.1266440642,50592313.74146908,55675323.882297106,0.8174052780878655,0.05395655297064335,0.4927999999999999,0.2989388880736565,0.14402106824138175,2.5651342207749837,10.049999999999999,0.42783232247186936,0.3250793650793651,0.12793680069886937,0.6061590380690713,0.9051536811436871,0.14605381386549943,0.2596120144051733,6.58701806782361,5.005006725257882,0.005787300621112716,0.007246635074374409,0.18884994195621968,1803667.3910384693,4.279288622414949
Bldg_010_4St,San_Fernando_1971_Pacoima,4.0,577210.2580398876,15.589050114707588,0.9035156567368826,0.3317185659069841,0.22164574174728088,0.367142022867663,0.8750783301686131,710.7068233538631,144302.5645099719,51967001.47358608,60903626.192958586,0.7065322616075785,0.058122873880958124,1.17,1.0361741213226916,0.47368625496262196,19.729249200797177,9.42,0.461649004640927,0.28054794520547943,1.0617610085329283,2.7667831396191023,3.6119268600180074,0.21541495359983215,0.9074880414811354,3.2205392061422087,1.9571484995178139,0.022157747298527673,0.022783600196909035,0.2882506028517371,5222027.567805613,24.416327441970033
Bldg_021_8St,Northridge_1994_Sylmar,8.0,2522754.82118266,32.32951534566002,2.6102427070001735,0.9254001036349783,0.5728010687995481,0.35452645884355183,0.8357723193147679,1452.0498090500698,315344.3526478325,48088571.83372548,57616640.05790957,0.6692598452597174,0.02453858408069792,0.843,0.8309546252613713,0.3287478434080909,9.138133288190668,9.37,0.4931760280806555,0.8192,0.3853437735042631,1.4275880970161379,2.2143628987017823,0.6522157552885917,0.45711005160648055,3.186331429443571,5.29272016151865,0.02901167566735935,0.04105538166324191,0.8353354073388389,10668864.51383042,9.656593732563667
Bldg_040_5St,ChiChi_1999_TCU068_scaled_0.31g,5.0,886610.9492362948,19.765736699798776,1.0612910403555909,0.38285605262008715,0.2551718244840761,0.36074558067672874,0.8574015036543967,871.8839148829684,177322.18984725897,67561726.4654356,78967512.31225075,0.6389089160579486,0.024267970004537443,0.3072,0.4197024049123519,0.1679459788731353,2.073212799530516,18.89,0.7206483050886867,0.6206060606060606,0.5245031971289364,1.2258165570388733,0.6953095384898985,0.14675009125591282,1.7073671781540902,1.7100881021354735,1.4726892894377694,0.01252548895251851,0.014525491731261116,0.18376945961154095,4534425.822118659,9.825018821669243
Bldg_003_7St,Friuli_1976_Tolmezzo_scaled_0.21g,7.0,1916270.4866929152,21.004371166760656,1.7280142136463181,0.5969958868135233,0.3709851306358629,0.34548088904534535,0.8517525842969699,1277.5712658214816,273752.92667041643,76957987.31765112,83542359.52837032,0.8423704513999704,0.03410275425336676,0.2112,0.12811666631728136,0.0617233149605922,0.471147101774997,10.049999999999999,0.42783232247186925,0.3250793650793651,0.11151270775321809,0.32342761932651415,0.48946636209796257,0.08271371616649727,0.5279957753466765,5.315668723619045,4.038998745261791,0.007120277613565636,0.007832922813394485,0.10498258443888009,1963551.1911947408,2.653487169254446
Bldg_026_8St,El_Centro_1940_NS_scaled_0.49g,8.0,1015166.0411593535,27.05742871588174,1.3951200061550888,0.48102600867032974,0.2939048899595255,0.3447918505563,0.8676064061736877,938.4905756798182,126895.75514491918,72720867.3625144,62594538.81860429,1.073553100159606,0.03644826883488745,0.4871999999999999,0.7653878044182246,0.26101657054381694,6.089775332399659,13.060000000000002,0.5341737574272261,0.7447272727272727,0.5038492450826947,1.279795900897846,1.5447391744004269,0.24355371688434296,1.0341733273454325,1.8733300863898898,2.6117344529886513,0.018753116114736137,0.020332033265855632,0.3227310588045039,4718331.913332533,11.493242914508983
Bldg_005_5St,Loma_Prieta_1989_Corralitos_scaled_0.90g,5.0,1054965.4097151533,19.818838538279376,0.8108817871991694,0.2855759554952941,0.18628453092568645,0.3521795161803908,0.8722298013627929,959.2561022795037,210993.08194303064,142976339.73852292,158130879.27603912,0.7604114451444064,0.038812025377841536,0.9015999999999998,0.9605448110846201,0.5591609350109363,13.560562443787077,11.41,0.6811214742642782,1.0778947368421052,1.3295562541836132,2.970264245016006,1.9502985333886727,0.21682553956499845,1.4746631035754365,0.7522829080461044,1.190509795738056,0.019141309834381268,0.01872164771664816,0.2819325348484781,11734617.822922966,23.00409177216496
Bldg_026_8St,Friuli_1976_Tolmezzo_scaled_0.21g,8.0,1015166.0411593535,27.05742871588174,1.3951200061550888,0.48102600867032974,0.2939048899595255,0.3447918505563,0.8676064061736877,938.4905756798182,126895.75514491918,72720867.3625144,62594538.81860429,1.073553100159606,0.03644826883488745,0.2112,0.12811666631728136,0.0617233149605922,0.471147101774997,10.049999999999999,0.42783232247186925,0.3250793650793651,0.10071302755419485,0.44612578935287334,0.5002125919025959,0.048699705849390006,0.4768609259194832,4.291628925184111,3.260903706607676,0.0037485083453493214,0.004095724462243632,0.061927292532651036,950469.9891906064,2.4144209170533015
Bldg_007_7St,Friuli_1976_Tolmezzo,7.0,674145.3737687075,28.414145282790457,1.5363136806480093,0.5456887561369359,0.34003453867547073,0.3551935799378986,0.8432877429861823,753.9884154879235,96306.48196695822,33097495.190190606,40000000.0,0.6548747595095301,0.027548284333655176,0.352,0.21352777719546898,0.102872191600987,1.308741949374992,10.049999999999999,0.4278323224718693,0.3250793650793651,0.24234863105205764,0.5381217874616585,0.8844507714169161,0.14212047814165515,0.6884904291251638,4.725964935587138,3.590924761765807,0.008321354904852762,0.008723077405609464,0.18476599825623374,1367126.9122995555,4.879585380771122
Bldg_035_8St,ChiChi_1999_TCU068_scaled_0.72g,8.0,2170485.1346629397,29.41406488338083,1.5058458369512058,0.5067389805174635,0.3116778724217766,0.3365145143565473,0.8582462946298408,1364.8482788843671,271310.64183286746,136007095.16231158,136007095.16231158,1.0,0.05362839943511724,0.7168,0.9793056114621539,0.3918739507039827,11.287491908555028,18.89,0.7206483050886867,0.6206060606060606,0.6813208875117344,1.3080562769332147,1.8399582783000241,0.383660339850397,0.9505034703009687,2.426411748993642,2.089571051951463,0.024889404608335317,0.02360233930766624,0.49127345850754517,11802708.295361018,10.262768286915351
Bldg_030_6St,ChiChi_1999_TCU068,6.0,803618.8831084707,23.230058635081644,0.9665504811036845,0.3495748231242845,0.22269020865239064,0.3616725975089393,0.8416871129757246,822.4327678639422,133936.48051807846,84360837.00216389,106695714.94751158,0.5813350525588545,0.04189785227596446,0.512,0.6995040081872533,0.27990996478855884,5.758924443140322,18.89,0.7206483050886865,0.6206060606060606,1.0048319431553983,1.8577526994842468,0.9131391093616248,0.23287459595856683,1.9625623889753872,1.5574299744346478,1.3412235542339006,0.016134996871982065,0.018029040171350118,0.31680827129979866,7447639.384748612,19.374043483596736
Bldg_014_5St,Kobe_1995_NS_scaled_0.50g,5.0,1593765.9396833987,19.810700551829953,0.8894792288713879,0.3088246908799503,0.19628714530869923,0.34719719230745977,0.8824903205928275,1185.9523662698816,318753.18793667975,186945021.86907646,186945021.86907646,1.0,0.025534123696712055,0.5004,0.638522257342888,0.23589837657737536,3.4987904833061783,12.780000000000001,0.8720606558868951,0.7728301886792452,1.0826759039249074,1.2486957655566584,1.2159547464579987,0.21236134153440203,2.163620911120918,1.150937478764247,1.019974038350323,0.017938368791642772,0.01856162939193545,0.2768013521415604,14284621.44188264,18.49709023146253
Bldg_003_7St,Loma_Prieta_1989_Corralitos_scaled_0.90g,7.0,1916270.4866929152,21.004371166760656,1.7280142136463181,0.5969958868135233,0.3709851306358629,0.34548088904534535,0.8517525842969699,1277.5712658214816,273752.92667041643,76957987.31765112,83542359.52837032,0.8423704513999704,0.03410275425336676,0.9015999999999998,0.9605448110846201,0.5591609350109363,13.560562443787077,11.41,0.6811214742642782,1.0778947368421052,0.8645555660617031,1.8551079621916398,2.605636074473395,0.6412818265645984,0.9589125621802388,1.6031381864882834,2.5370132625943915,0.05520335544479738,0.06802320516845116,0.7790200136383767,17052005.83733491,15.165787338536852
Bldg_008_7St,El_Centro_1940_NS,7.0,755228.8090866206,23.728064373864356,1.605643367380175,0.5589701143139352,0.3501038149948886,0.34812843603369453,0.8481740220485228,800.3533323288627,107889.82986951723,34861030.99909627,40000000.0,0.7430515499548134,0.032214554413775735,0.348,0.546705574584446,0.18644040753129837,3.1070282308161543,13.060000000000002,0.534173757427226,0.7447272727272727,0.2851314653109512,0.9248086398646114,0.941137908054461,0.18257498117136156,0.819343291123423,2.1560152638161534,3.0058447182308887,0.012155403202726359,0.012673548743616486,0.24560764505270258,1799639.1126736638,7.039660217096138
Bldg_039_3St,Kobe_1995_NS_scaled_0.50g,3.0,532860.2944545313,11.890482304305188,0.4107129396322553,0.15876053972412202,0.11447839721976313,0.3865486679486486,0.8958001841302572,690.8953248416667,177620.09815151044,183096848.05044726,214400511.75447863,0.7079889087216464,0.03476921926039584,0.5004,0.638522257342888,0.23589837657737536,3.4987904833061783,12.780000000000001,0.8720606558868951,0.7728301886792452,1.1906160207678356,0.7556443797090611,0.7346480743347072,0.04990635469032867,2.379328578672733,0.5314400830202523,0.4709683172376993,0.005821753099608594,0.006711505707788013,0.06610143212239826,5692955.443877736,15.918809869088772
Bldg_023_4St,El_Centro_1940_NS_scaled_0.21g,4.0,766198.5056578394,14.085368853543702,0.6464204299712705,0.2384130320594705,0.16037881502662232,0.3688203853180608,0.8743349213046628,818.4828099282827,191549.62641445984,132243280.43540907,155581753.84682024,0.6999844411782463,0.030147286954925547,0.2088,0.3280233447506678,0.11186424451877919,1.1185301630938156,13.060000000000002,0.5341737574272261,0.7447272727272727,0.5974411868399905,0.8542349180476091,0.72134976541791,0.06183417940071827,2.861308366091908,0.8679961828227509,1.2101313869941215,0.007164205981055905,0.007082926009567642,0.0801494579045106,3711811.9941909867,8.200073046475255
Bldg_002_6St,San_Fernando_1971_Pacoima,6.0,650483.7733847327,22.938348273347064,1.3796942775133207,0.4892396143506448,0.30631666469100405,0.35460001706495536,0.857522015391217,746.8628765256442,108413.96223078878,35753014.44204229,40000000.0,0.787650722102115,0.04779139732158818,1.17,1.0361741213226916,0.47368625496262196,19.729249200797177,9.42,0.461649004640927,0.28054794520547943,0.7527358201548469,2.6794745309312638,2.8925201397530933,0.35555799045379965,0.6433639488502965,4.917855579026973,2.988621796307032,0.023690798165469002,0.031569147215606795,0.4302790772109567,5486914.113861348,17.79742152162272
Bldg_028_4St,ChiChi_1999_TCU068_scaled_0.72g,4.0,1124368.770359385,16.14633182447185,0.7820760057987548,0.27845282962298024,0.18452810965809507,0.3560431819393168,0.8976479800932551,1004.6329457035733,281092.19258984627,139609134.84546733,139609134.84546733,1.0,0.03511402197103145,0.7168,0.9793056114621539,0.3918739507039827,11.287491908555028,18.89,0.7206483050886867,0.6206060606060606,1.6964323308431564,1.396389617093266,1.6833020682393405,0.2583729713931028,2.3666745686986,1.2601810640311968,1.085239499317921,0.027205296608928994,0.02831672080926102,0.32381489906082145,17476784.951984785,19.243881945693772
Bldg_028_4St,El_Centro_1940_NS_scaled_0.21g,4.0,1124368.770359385,16.14633182447185,0.7820760057987548,0.27845282962298024,0.18452810965809507,0.3560431819393168,0.8976479800932551,1004.6329457035733,281092.19258984627,139609134.84546733,139609134.84546733,1.0,0.03511402197103145,0.2088,0.3280233447506678,0.11186424451877919,1.1185301630938156,13.060000000000002,0.5341737574272261,0.7447272727272727,0.48751533334916985,0.6938594742286042,0.6837466870017458,0.07357591903946796,2.334843550522844,1.0501508866926639,1.464085412142887,0.007818171703066468,0.008073978428140678,0.09590923919001415,4983175.334674681,6.727724048026476
Bldg_007_7St,ChiChi_1999_TCU068_scaled_0.72g,7.0,674145.3737687075,28.414145282790457,1.5363136806480093,0.5456887561369359,0.34003453867547073,0.3551935799378986,0.8432877429861823,753.9884154879235,96306.48196695822,33097495.190190606,40000000.0,0.6548747595095301,0.027548284333655176,0.7168,0.9793056114621539,0.3918739507039827,11.287491908555028,18.89,0.7206483050886867,0.6206060606060606,0.7639506532217378,1.7222776403679818,3.280752798507705,0.4477208003227474,1.0657793711240762,2.4755054424504057,2.131849433072548,0.026231237567364857,0.027445699339358975,0.6043462345811021,4456263.36237904,16.681094891165717
Bldg_040_5St,Loma_Prieta_1989_Corralitos,5.0,886610.9492362948,19.765736699798776,1.0612910403555909,0.38285605262008715,0.2551718244840761,0.36074558067672874,0.8574015036543967,871.8839148829684,177322.18984725897,67561726.4654356,78967512.31225075,0.6389089160579486,0.024267970004537443,0.644,0.6861034364890142,0.3994006678649551,6.918654308054634,11.41,0.6811214742642783,1.0778947368421052,1.1994848507869276,2.1441644761162,2.1820166409864132,0.3353957264505051,1.8625541161287695,0.9845961800173939,1.55815237142825,0.02864450460833255,0.03186871806618844,0.4485910636891071,9948464.45068322,23.601458540988727
Bldg_013_5St,El_Centro_1940_NS_scaled_0.49g,5.0,1315261.8799432397,20.03360101241618,1.3089278898694292,0.4557281832227655,0.2894843887416233,0.3481690525123016,0.8754262397221849,1073.0399628199511,263052.3759886479,71241185.83983777,75531053.48463854,0.8864078429497019,0.054416184732467,0.4871999999999999,0.7653878044182246,0.26101657054381694,6.089775332399659,13.060000000000002,0.5341737574272261,0.7447272727272727,0.5213974913700196,1.2020425155222974,1.2642369757214127,0.22187860394721962,1.070191895258661,1.757593602119595,2.4503784988871398,0.019453907563586625,0.019653108327075845,0.28636834825832913,5947655.5075772125,9.338516772407534
Bldg_006_10St,San_Fernando_1971_Pacoima_scaled_0.70g,10.0,3366909.3113988144,34.18399184750075,3.281079343997509,1.133043582854695,0.6893601308528857,0.345326480728823,0.8345073949971021,1676.2191738095921,336690.93113988143,51738376.4859165,57211205.11280589,0.7608497926193671,0.02384706204365683,0.7020000000000001,0.621704472793615,0.284211752977573,7.102529712286988,9.42,0.46164900464092706,0.28054794520547943,0.3478785503580496,0.7219126273788361,0.9539357554111467,0.9297857450665032,0.49555349053853215,11.69525352108487,7.10730297479911,0.04901241061619514,0.05231159819642146,1.245908838853123,9071366.258548543,9.850911555407686
Bldg_032_3St,Northridge_1994_Sylmar,3.0,889774.2410912409,11.958446292640017,0.3812673573069689,0.14020888130339432,0.10215875831193638,0.3677442577139072,0.9141135992098178,901.8618153620312,296591.4136970803,373326647.5121846,395291334.35178196,0.8888683614801923,0.03380330511289547,0.843,0.8309546252613713,0.3287478434080909,9.138133288190668,9.37,0.4931760280806555,0.8192,2.557612354454095,1.9108525968244114,1.5332668759058354,0.09203687743550784,3.0339411084864714,0.46541425452510854,0.773085745450335,0.012946864388458455,0.01339656999840331,0.11753289303379955,21108842.23723484,31.191696247680287
Bldg_028_4St,San_Fernando_1971_Pacoima_scaled_1.20g,4.0,1124368.770359385,16.14633182447185,0.7820760057987548,0.27845282962298024,0.18452810965809507,0.3560431819393168,0.8976479800932551,1004.6329457035733,281092.19258984627,139609134.84546733,139609134.84546733,1.0,0.03511402197103145,1.2,1.062742688536094,0.48583205637192123,20.75397680557232,9.42,0.461649004640927,0.28054794520547943,1.7671595082329743,5.231852998802613,2.811351262237624,0.2686699124773505,1.4726329235274787,2.78767326285689,1.6940922604329183,0.02833953214795931,0.03440632492399005,0.319490201201353,21235225.142595913,35.316115391064336
Bldg_037_6St,Friuli_1976_Tolmezzo_scaled_0.49g,6.0,1519801.1629553218,18.1313458662842,0.9220273617851668,0.32867711576859315,0.20663916498060184,0.3564721931160815,0.8535992240019256,1138.9912613079553,253300.19382588696,185099389.56536832,214716992.93877366,0.7241242719727287,0.047878458494656856,0.4927999999999999,0.2989388880736565,0.14402106824138175,2.5651342207749837,10.049999999999999,0.42783232247186936,0.3250793650793651,0.3896460578759761,1.0767057956007315,0.9644237539513394,0.08215997154235608,0.7906778771833932,2.8363146383039797,2.1551138456720773,0.007639880016348068,0.008553470757349245,0.11522561897905335,5549930.9944063015,9.881061500244265
Bldg_038_3St,Friuli_1976_Tolmezzo,3.0,670960.952016786,9.738279216538054,0.5814586032302643,0.21822895584713087,0.15751830854494958,0.37531297092307303,0.9074263975091055,780.28692130387,223653.65067226198,118926299.32987614,129961841.76984638,0.8301725754315881,0.058719762660169365,0.352,0.21352777719546898,0.102872191600987,1.308741949374992,10.049999999999999,0.4278323224718693,0.3250793650793651,0.42808403917332616,0.7411955665820527,0.5872320339209331,0.0359569776172056,1.2161478385605857,1.7886666017337232,1.359080585288168,0.0060587291943300535,0.006555970657096813,0.04532460119864791,2765755.7646863726,6.748574503729652
Bldg_011_5St,Kobe_1995_NS_scaled_0.50g,5.0,1451852.277223199,20.06527884435787,0.894354941017543,0.30523291686505966,0.19519356971894125,0.34128834410841863,0.8825020573804334,1131.928717571005,290370.4554446398,172350178.34134805,172350178.34134805,1.0,0.05720067339243327,0.5004,0.638522257342888,0.23589837657737536,3.4987904833061783,12.780000000000001,0.8720606558868951,0.7728301886792452,0.8680337023147708,0.9321534563650085,0.9612657334151021,0.17217588320960422,1.7346796609008213,1.1572463836408637,1.0255650624531092,0.015769157374741206,0.014552758123399605,0.22330794974251145,10065427.925494893,14.301417471929655
Bldg_013_5St,Loma_Prieta_1989_Corralitos_scaled_0.39g,5.0,1315261.8799432397,20.03360101241618,1.3089278898694292,0.4557281832227655,0.2894843887416233,0.3481690525123016,0.8754262397221849,1073.0399628199511,263052.3759886479,71241185.83983777,75531053.48463854,0.8864078429497019,0.054416184732467,0.3864,0.4116620618934086,0.2396404007189732,2.4907155508996683,11.41,0.6811214742642783,1.0778947368421052,0.43324350777818504,0.6975924424127435,1.0856720155691262,0.18433860631132845,1.1212306101919902,1.2143373978280838,1.9217245958707787,0.016164786544512824,0.015325083162963977,0.24589456569415555,4637857.470754771,8.640743363443026
Bldg_019_10St,Northridge_1994_Sylmar_scaled_0.51g,10.0,2052578.4585914456,37.07858698432766,3.118454611073725,1.0899438674104054,0.6686626239905169,0.349514103408779,0.8291539226026338,1304.5702282325642,205257.84585914455,33968527.97319341,40000000.0,0.6984263986596704,0.03693883769232474,0.5057999999999999,0.498572775156823,0.1972487060448539,3.289727983748639,9.37,0.49317602808065547,0.8192,0.1782780801022326,0.5147183174664803,0.8016662651599966,0.43051939587781657,0.35246753677784226,3.8067072889083553,6.323208009947563,0.01787923815425827,0.024191331962986992,0.6102669711835403,3599440.3630271815,4.932704035917331
Bldg_022_7St,Imperial_Valley_1979_Array6_scaled_0.26g,7.0,1284556.1704486806,22.23148050221301,1.98084884368781,0.6726415516435851,0.4158103425373049,0.3395723776637629,0.8648236794908523,1053.9993329410158,183508.02434981152,41197991.83998627,41197991.83998628,1.0,0.040533046747695714,0.26339999999999997,0.26823347494089234,0.1259599283434734,1.0924121950824885,11.25,0.4646807553227397,0.8192,0.12534416175754515,0.3131093822692917,0.5835940251100261,0.1221565105453899,0.4758700142655473,2.418028373642346,4.262816613337106,0.010436600637838422,0.011897842912995768,0.1430818098448663,1552058.0740652604,2.5871929714640243
Bldg_006_10St,Imperial_Valley_1979_Array6_scaled_0.26g,10.0,3366909.3113988144,34.18399184750075,3.281079343997509,1.133043582854695,0.6893601308528857,0.345326480728823,0.8345073949971021,1676.2191738095921,336690.93113988143,51738376.4859165,57211205.11280589,0.7608497926193671,0.02384706204365683,0.26339999999999997,0.26823347494089234,0.1259599283434734,1.0924121950824885,11.25,0.4646807553227397,0.8192,0.12814030536876536,0.26526559154670903,0.34566036667146055,0.3425577490082594,0.4864855936551457,4.005223808590709,7.0609322775131185,0.01805361456391742,0.018286210729197228,0.4535115306784097,3576247.7077137497,2.498781719293215
Bldg_030_6St,Loma_Prieta_1989_Corralitos,6.0,803618.8831084707,23.230058635081644,0.9665504811036845,0.3495748231242845,0.22269020865239064,0.3616725975089393,0.8416871129757246,822.4327678639422,133936.48051807846,84360837.00216389,106695714.94751158,0.5813350525588545,0.04189785227596446,0.644,0.6861034364890142,0.3994006678649551,6.918654308054634,11.41,0.6811214742642783,1.0778947368421052,0.9268285582811879,1.7088888749430842,1.6482305719800536,0.21523579920404287,1.4391747799397328,0.896702106492676,1.4190574187192024,0.014882464665454913,0.01569687519443129,0.28181852588994033,6484242.355913255,13.242793417662968
Bldg_028_4St,Imperial_Valley_1979_Array6_scaled_0.26g,4.0,1124368.770359385,16.14633182447185,0.7820760057987548,0.27845282962298024,0.18452810965809507,0.3560431819393168,0.8976479800932551,1004.6329457035733,281092.19258984627,139609134.84546733,139609134.84546733,1.0,0.03511402197103145,0.26339999999999997,0.26823347494089234,0.1259599283434734,1.0924121950824885,11.25,0.4646807553227397,0.8192,0.3552077569280792,0.6194200913608583,0.769245740272454,0.05405827665728841,1.3485488114201947,0.9546826242660581,1.6830393702351008,0.005696385413863108,0.00643286893371318,0.06771448751443618,3970299.659204886,5.265513033075475
Bldg_004_9St,Kobe_1995_NS_scaled_0.50g,9.0,1948649.445047211,34.52008614666971,1.8669862587577561,0.6258111713455994,0.3829180140447785,0.3351985952815731,0.8546009371985288,1290.4718679648695,216516.60500524566,87950131.45529062,87950131.45529062,1.0,0.04849082359697768,0.5004,0.638522257342888,0.23589837657737536,3.4987904833061783,12.780000000000001,0.8720606558868951,0.7728301886792452,0.4554853445913494,0.8727645260896175,0.9991362939508105,0.3942759588271913,0.9102424951865495,2.4157781180215108,2.140890368295553,0.022050899611572188,0.022994763769989376,0.523467699430558,7757018.132946191,8.395470635217672
Bldg_011_5St,Imperial_Valley_1979_Array6_scaled_0.61g,5.0,1451852.277223199,20.06527884435787,0.894354941017543,0.30523291686505966,0.19519356971894125,0.34128834410841863,0.8825020573804334,1131.928717571005,290370.4554446398,172350178.34134805,172350178.34134805,1.0,0.05720067339243327,0.6145999999999999,0.6258781081954151,0.2939064994681046,5.947577506560213,11.25,0.46468075532273967,0.8192,0.4965426217856085,1.3206962325835945,1.2853608764620563,0.0985720150546073,0.8079118480078239,1.0917418713593054,1.9246653337222392,0.00902045476497465,0.0094957019845485,0.12435108729336103,6567710.609700157,10.571391392625495
Bldg_010_4St,Imperial_Valley_1979_Array6_scaled_0.26g,4.0,577210.2580398876,15.589050114707588,0.9035156567368826,0.3317185659069841,0.22164574174728088,0.367142022867663,0.8750783301686131,710.7068233538631,144302.5645099719,51967001.47358608,60903626.192958586,0.7065322616075785,0.058122873880958124,0.26339999999999997,0.26823347494089234,0.1259599283434734,1.0924121950824885,11.25,0.4646807553227397,0.8192,0.20663898076099346,0.5362950393483821,0.5414885401779106,0.04186681644514479,0.7845063810212357,1.1029243856651398,1.944379332234997,0.004312321022274022,0.004464779127617478,0.05499115154460126,1059748.4555939338,3.919502081716324
Bldg_032_3St,ChiChi_1999_TCU068,3.0,889774.2410912409,11.958446292640017,0.3812673573069689,0.14020888130339432,0.10215875831193638,0.3677442577139072,0.9141135992098178,901.8618153620312,296591.4136970803,373326647.5121846,395291334.35178196,0.8888683614801923,0.03380330511289547,0.512,0.6995040081872533,0.27990996478855884,5.758924443140322,18.89,0.7206483050886865,0.6206060606060606,1.7724715384572012,0.9746318872805866,0.930641751001266,0.06352335477553865,3.461858473549221,0.6143468159731433,0.5290616166231714,0.00897241077243146,0.009654711162801035,0.08948199704128158,15212832.449345417,26.123909366620676
Bldg_008_7St,Northridge_1994_Sylmar,7.0,755228.8090866206,23.728064373864356,1.605643367380175,0.5589701143139352,0.3501038149948886,0.34812843603369453,0.8481740220485228,800.3533323288627,107889.82986951723,34861030.99909627,40000000.0,0.7430515499548134,0.032214554413775735,0.843,0.8309546252613713,0.3287478434080909,9.138133288190668,9.37,0.4931760280806555,0.8192,0.7824067193688291,2.0083923796144294,2.5268881840164763,0.5010704644668015,0.9281218497850879,1.9600138761965027,3.255720627032552,0.03335468125932299,0.04120336030357663,0.6688416658575376,5884921.343485703,20.52557552802965
Bldg_012_9St,El_Centro_1940_NS_scaled_0.49g,9.0,2233538.9192729555,32.21400348906792,2.044992330417825,0.6938026305909998,0.4232174107613456,0.33926906241709215,0.8677249013184531,1392.155644429548,248170.99103032838,85201688.07554445,70380243.16449313,1.161922715813221,0.03024827774377832,0.4871999999999999,0.7653878044182246,0.26101657054381694,6.089775332399659,13.060000000000002,0.5341737574272261,0.7447272727272727,0.5386115948189321,1.214587747292485,1.6758211450324163,0.5614978971981089,1.1055246199074962,2.7459613811762784,3.8283279588036057,0.03476309106574802,0.03641877300629674,0.7296996643762971,10724545.169310471,12.079256770333506
Bldg_020_5St,El_Centro_1940_NS_scaled_0.21g,5.0,431577.0521504538,15.320911780484215,0.7130741434112638,0.25501056678852646,0.16467834084054334,0.3576213906292907,0.8673366722282386,611.8190943589842,86315.41043009076,75660470.46042758,83114761.34278658,0.7757831833380477,0.058341659875327925,0.2088,0.3280233447506678,0.11186424451877919,1.1185301630938156,13.060000000000002,0.5341737574272261,0.7447272727272727,0.43805216344931164,0.6489053735600144,0.505868590072629,0.055450551926702535,2.097950974374098,0.9574970187407108,1.3349104734116606,0.006313930383127716,0.0059355267273544805,0.06986846629864259,1511652.7366689353,6.96115436840497
Bldg_003_7St,San_Fernando_1971_Pacoima,7.0,1916270.4866929152,21.004371166760656,1.7280142136463181,0.5969958868135233,0.3709851306358629,0.34548088904534535,0.8517525842969699,1277.5712658214816,273752.92667041643,76957987.31765112,83542359.52837032,0.8423704513999704,0.03410275425336676,1.17,1.0361741213226916,0.47368625496262196,19.729249200797177,9.42,0.461649004640927,0.28054794520547943,0.6331961874640105,2.5219520100853305,2.732288065345502,0.46968435255067,0.5411933226188125,6.1594256638760365,3.743134277935629,0.04043066238309502,0.05551485328022496,0.5796220334199803,13916421.607140528,21.150102872109418
Bldg_036_7St,Loma_Prieta_1989_Corralitos,7.0,1602726.511347166,28.557038136018107,1.3803364142962382,0.464490019337446,0.28960026023929597,0.33650493787361635,0.866819142413017,1178.6746879816149,228960.9301924523,105817892.48660325,105817892.48660325,1.0,0.04430220889174291,0.644,0.6861034364890142,0.3994006678649551,6.918654308054634,11.41,0.6811214742642783,1.0778947368421052,0.6728502186267697,1.229067002095935,1.9516300789889687,0.31849402206783856,1.0447984761285245,1.2805855406068616,2.026564227456234,0.02123502411772605,0.02197216398442142,0.403879599697352,9485212.409390394,13.786620572810111
Bldg_023_4St,Friuli_1976_Tolmezzo,4.0,766198.5056578394,14.085368853543702,0.6464204299712705,0.2384130320594705,0.16037881502662232,0.3688203853180608,0.8743349213046628,818.4828099282827,191549.62641445984,132243280.43540907,155581753.84682024,0.6999844411782463,0.030147286954925547,0.352,0.21352777719546898,0.102872191600987,1.308741949374992,10.049999999999999,0.4278323224718693,0.3250793650793651,0.7289874126819852,1.0765767328844396,0.6922863795676213,0.07568701603440314,2.070986967846549,1.9885003461030293,1.5109200404412495,0.008741640344005097,0.009949160718590094,0.09646551989099783,5450713.338804054,10.635860070142433
Bldg_024_10St,Friuli_1976_Tolmezzo_scaled_0.49g,10.0,1472843.4642766041,36.34044145556651,2.0004344400541227,0.717530599945387,0.4378108981506229,0.35868738588902416,0.8221546599291161,1100.4113401365657,147284.3464276604,58118273.295337185,70609529.29579926,0.5577347659360052,0.03745343326426224,0.4927999999999999,0.2989388880736565,0.14402106824138175,2.5651342207749837,10.049999999999999,0.42783232247186936,0.3250793650793651,0.13265950359215173,0.7527231547554982,1.1010762991318397,0.13187429205164392,0.26919542125030793,6.153680162275866,4.67574405901895,0.006139254580756901,0.008285694695776176,0.19387465433196602,1964586.3026813294,6.4891590890360895
Bldg_034_4St,El_Centro_1940_NS,4.0,666777.4275900043,12.29923854005396,0.7869876091101675,0.2751374623816294,0.18176931440458607,0.3496083790858185,0.901114411902358,775.1404708390176,166694.35689750107,83823096.24972795,83823096.24972795,1.0,0.025909563676249067,0.348,0.546705574584446,0.18644040753129837,3.1070282308161543,13.060000000000002,0.534173757427226,0.7447272727272727,0.8396708663919148,1.383736887839065,1.3678636113245919,0.12840066563844535,2.412847317218146,1.056746057154766,1.4732801792820833,0.019195907715118265,0.0205371773665712,0.16440732320873458,5293253.408538063,12.53103002152293
Bldg_028_4St,El_Centro_1940_NS_scaled_0.49g,4.0,1124368.770359385,16.14633182447185,0.7820760057987548,0.27845282962298024,0.18452810965809507,0.3560431819393168,0.8976479800932551,1004.6329457035733,281092.19258984627,139609134.84546733,139609134.84546733,1.0,0.03511402197103145,0.4871999999999999,0.7653878044182246,0.26101657054381694,6.089775332399659,13.060000000000002,0.5341737574272261,0.7447272727272727,1.1375357778147066,1.619005439866755,1.5954089363374115,0.1716771444254216,2.3348435505227974,1.0501508866926639,1.464085412142887,0.018242400640488057,0.01883928299899495,0.2237882247767037,11627409.114240944,15.69802277872647
Bldg_027_8St,Loma_Prieta_1989_Corralitos_scaled_0.90g,8.0,1236762.7935664188,33.45874608638884,1.9546697610790964,0.6731664591962702,0.41557814763449613,0.3443888438856502,0.8430406960968102,1021.0981179078087,154595.34919580235,44481783.16310389,50477108.5258839,0.7624536928573992,0.03506955879751763,0.9015999999999998,0.9605448110846201,0.5591609350109363,13.560562443787077,11.41,0.6811214742642782,1.0778947368421052,0.6151614707130729,1.6341485624250724,2.2937185949767827,0.5837311212185772,0.6822997678716427,1.8134143291261149,2.869781433907156,0.029794123256808157,0.03458434117593488,0.7147870607332836,7301190.000529096,13.74153685747686
Bldg_014_5St,Loma_Prieta_1989_Corralitos_scaled_0.90g,5.0,1593765.9396833987,19.810700551829953,0.8894792288713879,0.3088246908799503,0.19628714530869923,0.34719719230745977,0.8824903205928275,1185.9523662698816,318753.18793667975,186945021.86907646,186945021.86907646,1.0,0.025534123696712055,0.9015999999999998,0.9605448110846201,0.5591609350109363,13.560562443787077,11.41,0.6811214742642782,1.0778947368421052,1.6395196539237467,2.733792508232464,2.2300782291600916,0.3221996770184149,1.8184556942366314,0.825200456472479,1.3059039576342384,0.027164461762391404,0.029702306898990446,0.41002919577502234,24338880.997306462,23.502319914016205
Bldg_029_10St,San_Fernando_1971_Pacoima_scaled_0.70g,10.0,3306559.1027033487,40.85103354718929,2.8470338124293835,1.0055703560634366,0.6133007191000883,0.35319930226096613,0.8447518426005479,1671.293479517068,330655.91027033486,66673572.54055375,62546842.54886757,0.748278909461416,0.032311089590841974,0.7020000000000001,0.621704472793615,0.284211752977573,7.102529712286988,9.42,0.46164900464092706,0.28054794520547943,0.3869752274884439,0.7241740488821303,1.2932836346465124,0.7796945796109116,0.551246762804051,10.14811856969458,6.1670961787166005,0.03478378730238152,0.03551896964286761,1.0409866407729604,10824124.268544588,9.67065525546855
Bldg_019_10St,San_Fernando_1971_Pacoima_scaled_0.70g,10.0,2052578.4585914456,37.07858698432766,3.118454611073725,1.0899438674104054,0.6686626239905169,0.349514103408779,0.8291539226026338,1304.5702282325642,205257.84585914455,33968527.97319341,40000000.0,0.6984263986596704,0.03693883769232474,0.7020000000000001,0.621704472793615,0.284211752977573,7.102529712286988,9.42,0.46164900464092706,0.28054794520547943,0.3473627554833993,0.7074771999127458,0.906331937244287,0.838865273861317,0.4948187400048422,11.115585283612399,6.755033758816992,0.03483648369808366,0.04086993987272529,1.1150869962422791,5827944.971946031,7.731958176522953
Bldg_004_9St,San_Fernando_1971_Pacoima_scaled_0.70g,9.0,1948649.445047211,34.52008614666971,1.8669862587577561,0.6258111713455994,0.3829180140447785,0.3351985952815731,0.8546009371985288,1290.4718679648695,216516.60500524566,87950131.45529062,87950131.45529062,1.0,0.04849082359697768,0.7020000000000001,0.621704472793615,0.284211752977573,7.102529712286988,9.42,0.46164900464092706,0.28054794520547943,0.41229788591298877,1.0217188849208476,1.3847590865405808,0.357028444341809,0.5873189258019782,6.654785004361143,4.044168275007779,0.019960113756212008,0.023312769377599584,0.4389994326123216,7864293.653985915,8.941282997231706
Bldg_028_4St,ChiChi_1999_TCU068,4.0,1124368.770359385,16.14633182447185,0.7820760057987548,0.27845282962298024,0.18452810965809507,0.3560431819393168,0.8976479800932551,1004.6329457035733,281092.19258984627,139609134.84546733,139609134.84546733,1.0,0.03511402197103145,0.512,0.6995040081872533,0.27990996478855884,5.758924443140322,18.89,0.7206483050886865,0.6206060606060606,1.2117373791737043,0.9974211550666154,1.2023586201709586,0.18455212242364818,2.3666745686986412,1.2601810640311968,1.0852394993179215,0.01943235472066391,0.02022622914947232,0.2312963564720195,12483417.822846375,13.745629961209985
Bldg_009_9St,San_Fernando_1971_Pacoima_scaled_1.20g,9.0,1936007.7066165784,33.37060515365388,2.0240667166863795,0.7218964229585041,0.4472852984026352,0.35665643677019115,0.8231148142306102,1262.3615265765725,215111.96740184203,67549516.69497378,85350928.3329129,0.5828654242985061,0.05915571433100036,1.2,1.062742688536094,0.48583205637192123,20.75397680557232,9.42,0.461649004640927,0.28054794520547943,0.6057520893029898,1.294604127304949,2.037725802059342,0.6156270423738248,0.5047934077524916,7.214690933501256,4.3844277716156,0.029912538740771516,0.032963529031616395,0.8133519673116301,9660874.786117813,11.995474594374501
Bldg_039_3St,Kobe_1995_NS,3.0,532860.2944545313,11.890482304305188,0.4107129396322553,0.15876053972412202,0.11447839721976313,0.3865486679486486,0.8958001841302572,690.8953248416667,177620.09815151044,183096848.05044726,214400511.75447863,0.7079889087216464,0.03476921926039584,0.834,1.0642037622381462,0.3931639609622956,9.718862453628272,12.780000000000001,0.8720606558868959,0.7728301886792452,1.9843600346130592,1.2594072995151038,1.2244134572245102,0.08317725781721437,2.379328578672733,0.5314400830202523,0.47096831723769883,0.009702921832680988,0.011185842846313484,0.11016905353733127,9488259.073129635,26.531349781814907
Bldg_012_9St,San_Fernando_1971_Pacoima_scaled_1.20g,9.0,2233538.9192729555,32.21400348906792,2.044992330417825,0.6938026305909998,0.4232174107613456,0.33926906241709215,0.8677249013184531,1392.155644429548,248170.99103032838,85201688.07554445,70380243.16449313,1.161922715813221,0.03024827774377832,1.2,1.062742688536094,0.48583205637192123,20.75397680557232,9.42,0.461649004640927,0.28054794520547943,0.7168450060684145,1.5453769126623158,2.344160354640241,0.7425836556948113,0.5973708383903454,7.289279302758849,4.429755744861684,0.046266639013518435,0.054363202031093,0.9468923796924076,16008793.476650199,12.2893291253917
Bldg_021_8St,Imperial_Valley_1979_Array6_scaled_0.26g,8.0,2522754.82118266,32.32951534566002,2.6102427070001735,0.9254001036349783,0.5728010687995481,0.35452645884355183,0.8357723193147679,1452.0498090500698,315344.3526478325,48088571.83372548,57616640.05790957,0.6692598452597174,0.02453858408069792,0.26339999999999997,0.26823347494089234,0.1259599283434734,1.0924121950824885,11.25,0.4646807553227397,0.8192,0.15466215722191917,0.29685902516434964,0.6069418651159707,0.26173386951823907,0.5871759955274077,3.186331429443571,5.6172817081423,0.011644169834462937,0.014855333462627116,0.3300510204544165,3503577.282426192,3.2339480589282372
Bldg_021_8St,ChiChi_1999_TCU068_scaled_0.31g,8.0,2522754.82118266,32.32951534566002,2.6102427070001735,0.9254001036349783,0.5728010687995481,0.35452645884355183,0.8357723193147679,1452.0498090500698,315344.3526478325,48088571.83372548,57616640.05790957,0.6692598452597174,0.02453858408069792,0.3072,0.4197024049123519,0.1679459788731353,2.073212799530516,18.89,0.7206483050886867,0.6206060606060606,0.29099223801885726,0.819435574968067,0.7927420931743158,0.49265298407659525,0.9472403581343011,4.205957486865514,3.6220756901370126,0.021908158407102758,0.031048714308281877,0.6894177139818908,7720764.415655899,7.747341702357773
Bldg_011_5St,ChiChi_1999_TCU068_scaled_0.72g,5.0,1451852.277223199,20.06527884435787,0.894354941017543,0.30523291686505966,0.19519356971894125,0.34128834410841863,0.8825020573804334,1131.928717571005,290370.4554446398,172350178.34134805,172350178.34134805,1.0,0.05720067339243327,0.7168,0.9793056114621539,0.3918739507039827,11.287491908555028,18.89,0.7206483050886867,0.6206060606060606,1.3796757779764328,1.689849897480372,1.4535690950942983,0.2742740830336114,1.9247708956144431,1.441099270194283,1.241042176471197,0.02506391677075631,0.025630456910078647,0.3452772075172899,17727328.01152564,17.565665378589618
Bldg_025_6St,Imperial_Valley_1979_Array6_scaled_0.26g,6.0,1757236.410893677,25.206007389869953,1.499772555124449,0.5085192700648059,0.31318652089399057,0.33906425899533127,0.8984443167658247,1256.4947539012646,292872.7351489462,90287042.21106903,70659424.3390975,1.3333333333333333,0.058348096296313844,0.26339999999999997,0.26823347494089234,0.1259599283434734,1.0924121950824885,11.25,0.4646807553227397,0.8192,0.13994691031260126,0.5263724629291816,0.5709048441555187,0.07822470256110252,0.5313094544897543,1.8307770448296494,3.22753317830603,0.0065043115240412995,0.00711081462840956,0.10286941390180358,2368772.6129325703,2.834817090950995
Bldg_026_8St,Friuli_1976_Tolmezzo,8.0,1015166.0411593535,27.05742871588174,1.3951200061550888,0.48102600867032974,0.2939048899595255,0.3447918505563,0.8676064061736877,938.4905756798182,126895.75514491918,72720867.3625144,62594538.81860429,1.073553100159606,0.03644826883488745,0.352,0.21352777719546898,0.102872191600987,1.308741949374992,10.049999999999999,0.4278323224718693,0.3250793650793651,0.16785504592366324,0.7435429822547847,0.8336876531709982,0.08116617641565249,0.47686092591949786,4.291628925184111,3.2609037066076754,0.006247513908915727,0.006826207437073008,0.103212154221087,1584116.6486510776,4.024034861755517
Bldg_031_7St,Northridge_1994_Sylmar_scaled_1.18g,7.0,856890.734760222,22.75669864505952,1.4911929430096265,0.5226822901820123,0.3255666176728036,0.3505128512257438,0.8443472679464323,850.595879853297,122412.96210860314,46041581.58392334,53788220.09784441,0.7119578041500756,0.04318599737886953,1.1802,1.163336475365919,0.4602469807713281,17.910741244853703,9.37,0.4931760280806554,0.8192,0.9300583009815001,2.10920209437277,2.657733222517565,0.5138967174320316,0.7880514327923235,1.820303885509798,3.023652525880176,0.0377380109896526,0.043838477104399504,0.6679031527829946,7654471.777122853,17.87117735941345
Bldg_029_10St,Northridge_1994_Sylmar_scaled_1.18g,10.0,3306559.1027033487,40.85103354718929,2.8470338124293835,1.0055703560634366,0.6133007191000883,0.35319930226096613,0.8447518426005479,1671.293479517068,330655.91027033486,66673572.54055375,62546842.54886757,0.748278909461416,0.032311089590841974,1.1802,1.163336475365919,0.4602469807713281,17.910741244853703,9.37,0.4931760280806554,0.8192,0.4901005409487351,1.5107650620181656,2.208828133082151,0.9862783428208987,0.41526905689606436,3.475383071813212,5.772855228810455,0.04405334440601113,0.04511015480912729,1.4244961954164912,13158814.43594838,15.508215841103917
Bldg_005_5St,El_Centro_1940_NS,5.0,1054965.4097151533,19.818838538279376,0.8108817871991694,0.2855759554952941,0.18628453092568645,0.3521795161803908,0.8722298013627929,959.2561022795037,210993.08194303064,142976339.73852292,158130879.27603912,0.7604114451444064,0.038812025377841536,0.348,0.546705574584446,0.18644040753129837,3.1070282308161543,13.060000000000002,0.534173757427226,0.7447272727272727,0.6171649985330314,1.0742694624628006,1.0747756204032897,0.10055080076799686,1.773462639462734,1.0888305248035721,1.5180112761522944,0.008885179862592546,0.009749469926012359,0.12673121771766965,6110909.963127907,10.021628653722743
Bldg_026_8St,Kobe_1995_NS_scaled_1.17g,8.0,1015166.0411593535,27.05742871588174,1.3951200061550888,0.48102600867032974,0.2939048899595255,0.3447918505563,0.8676064061736877,938.4905756798182,126895.75514491918,72720867.3625144,62594538.81860429,1.073553100159606,0.03644826883488745,1.1676,1.489885267133405,0.5504295453472083,19.04897040911142,12.780000000000001,0.8720606558868952,0.7728301886792452,1.5061311320382589,2.410682305813945,2.40454477061666,0.7281684221812348,1.2899375916737401,1.8052089923393484,1.5997969828557814,0.05605774401526945,0.057946202704033924,0.9642019615050564,13447224.579059988,25.694308321809388
Bldg_018_10St,San_Fernando_1971_Pacoima,10.0,2641541.8673443226,33.10622970315683,2.979394789620447,0.9999769202777022,0.6053898786112969,0.33563088844801664,0.8685081886935473,1514.6619235213475,264154.18673443224,53343084.94813778,41033142.2677983,1.3333333333333333,0.03095844509284535,1.17,1.0361741213226916,0.47368625496262196,19.729249200797177,9.42,0.461649004640927,0.28054794520547943,0.6413663210430257,1.2093063729155626,2.384128513923932,1.4139355790583383,0.5481763427718169,10.61991306847132,6.453809625210468,0.0907735919429347,0.10215906730402319,1.741548810872815,16239611.696901916,12.569378777210108
Bldg_034_4St,Friuli_1976_Tolmezzo_scaled_0.21g,4.0,666777.4275900043,12.29923854005396,0.7869876091101675,0.2751374623816294,0.18176931440458607,0.3496083790858185,0.901114411902358,775.1404708390176,166694.35689750107,83823096.24972795,83823096.24972795,1.0,0.025909563676249067,0.2112,0.12811666631728136,0.0617233149605922,0.471147101774997,10.049999999999999,0.42783232247186925,0.3250793650793651,0.31811922533266224,0.5321951386904856,0.46529335913460473,0.0489487362302702,1.5062463320675294,2.420909149118191,1.8394767477202787,0.007272596366396329,0.007033643274393292,0.06274675995884861,1812851.6675920894,4.994202979093133
Bldg_022_7St,ChiChi_1999_TCU068_scaled_0.72g,7.0,1284556.1704486806,22.23148050221301,1.98084884368781,0.6726415516435851,0.4158103425373049,0.3395723776637629,0.8648236794908523,1053.9993329410158,183508.02434981152,41197991.83998627,41197991.83998628,1.0,0.040533046747695714,0.7168,0.9793056114621539,0.3918739507039827,11.287491908555028,18.89,0.7206483050886867,0.6206060606060606,0.8676130006525611,1.6955778330416313,1.8600496817329744,0.8455967832773166,1.2103976013568096,3.1917974532078968,2.7487039512901323,0.07224054370815051,0.07194644185928044,1.0958479036448,9413599.410803057,14.932481184030175
Bldg_033_6St,El_Centro_1940_NS_scaled_0.49g,6.0,470835.12233445,22.287920016752828,0.9424337011627946,0.3261489219395039,0.2033903163261337,0.34607094540135236,0.865772791165726,638.4639676930507,78472.520389075,56818952.49859368,61590430.563559696,0.8450578110493322,0.04751138868384332,0.4871999999999999,0.7653878044182246,0.26101657054381694,6.089775332399659,13.060000000000002,0.5341737574272261,0.7447272727272727,0.48445663012028395,1.306432296462466,1.3798693985980808,0.10687097766449179,0.9943691094422907,1.2654749405262136,1.7642830409750865,0.007144618657471966,0.009333232368068519,0.13101903007897012,2214335.8682257175,11.102655565083936
Bldg_012_9St,Friuli_1976_Tolmezzo_scaled_0.21g,9.0,2233538.9192729555,32.21400348906792,2.044992330417825,0.6938026305909998,0.4232174107613456,0.33926906241709215,0.8677249013184531,1392.155644429548,248170.99103032838,85201688.07554445,70380243.16449313,1.161922715813221,0.03024827774377832,0.2112,0.12811666631728136,0.0617233149605922,0.471147101774997,10.049999999999999,0.42783232247186925,0.3250793650793651,0.06099324435397237,0.39806364591034515,0.5022061687600143,0.06342640342567252,0.28879377061539946,6.290747891422019,4.779892081557926,0.0039366284132545636,0.004515532592981162,0.07985178486555566,1329727.2054867733,2.7713225844006777
Bldg_025_6St,Friuli_1976_Tolmezzo,6.0,1757236.410893677,25.206007389869953,1.499772555124449,0.5085192700648059,0.31318652089399057,0.33906425899533127,0.8984443167658247,1256.4947539012646,292872.7351489462,90287042.21106903,70659424.3390975,1.3333333333333333,0.058348096296313844,0.352,0.21352777719546898,0.102872191600987,1.308741949374992,10.049999999999999,0.4278323224718693,0.3250793650793651,0.17625391881165406,0.542210821590421,0.7583443282224983,0.09850361127013739,0.5007213602603808,4.613558152970717,3.5055148392231668,0.008191752091727707,0.008356704897934858,0.12326402541738989,2783806.741002759,3.008489788374983
Bldg_032_3St,Imperial_Valley_1979_Array6,3.0,889774.2410912409,11.958446292640017,0.3812673573069689,0.14020888130339432,0.10215875831193638,0.3677442577139072,0.9141135992098178,901.8618153620312,296591.4136970803,373326647.5121846,395291334.35178196,0.8888683614801923,0.03380330511289547,0.439,0.4470557915681539,0.20993321390578878,3.03447831967358,11.25,0.4646807553227397,0.8192,1.16446949770122,0.9383317034065073,0.9178577703576477,0.04186019054279035,2.6525501086588155,0.46541425452510854,0.8204931083108084,0.00589464961137629,0.005659836275995734,0.051004300203721674,8918147.783560432,14.605369386034722
Bldg_004_9St,El_Centro_1940_NS,9.0,1948649.445047211,34.52008614666971,1.8669862587577561,0.6258111713455994,0.3829180140447785,0.3351985952815731,0.8546009371985288,1290.4718679648695,216516.60500524566,87950131.45529062,87950131.45529062,1.0,0.04849082359697768,0.348,0.546705574584446,0.18644040753129837,3.1070282308161543,13.060000000000002,0.534173757427226,0.7447272727272727,0.25483844135965744,0.8603020969023435,0.7397615188592697,0.22069409348075958,0.7322943717231536,2.506939556437417,3.4950916865512776,0.012337206793410532,0.014982563705817948,0.2955141701799317,5054194.92483462,6.40695084821174
Bldg_024_10St,Northridge_1994_Sylmar_scaled_0.51g,10.0,1472843.4642766041,36.34044145556651,2.0004344400541227,0.717530599945387,0.4378108981506229,0.35868738588902416,0.8221546599291161,1100.4113401365657,147284.3464276604,58118273.295337185,70609529.29579926,0.5577347659360052,0.03745343326426224,0.5057999999999999,0.498572775156823,0.1972487060448539,3.289727983748639,9.37,0.49317602808065547,0.8192,0.24564464139407283,0.8621693555267629,1.000336629992169,0.24417571339473224,0.4856556769356917,2.441936572331693,4.056228052769357,0.011368013214894671,0.015069687699176606,0.3646960635838816,3421938.4324353063,7.749735562189232
Bldg_002_6St,Imperial_Valley_1979_Array6_scaled_0.61g,6.0,650483.7733847327,22.938348273347064,1.3796942775133207,0.4892396143506448,0.30631666469100405,0.35460001706495536,0.857522015391217,746.8628765256442,108413.96223078878,35753014.44204229,40000000.0,0.787650722102115,0.04779139732158818,0.6145999999999999,0.6258781081954151,0.2939064994681046,5.947577506560213,11.25,0.46468075532273967,0.8192,0.31149918391676507,1.4880509817122431,1.449846817633863,0.14732566409288084,0.506832385155817,1.6841971161051277,2.969122912256323,0.009803790516256157,0.01202582790519632,0.2025721580673888,1824734.4804511792,9.794784231269754
Bldg_024_10St,Imperial_Valley_1979_Array6,10.0,1472843.4642766041,36.34044145556651,2.0004344400541227,0.717530599945387,0.4378108981506229,0.35868738588902416,0.8221546599291161,1100.4113401365657,147284.3464276604,58118273.295337185,70609529.29579926,0.5577347659360052,0.03745343326426224,0.439,0.4470557915681539,0.20993321390578878,3.03447831967358,11.25,0.4646807553227397,0.8192,0.20971529429401625,0.5371942484312989,1.0485918748631433,0.2084716097820641,0.477711376523955,2.441936572331693,4.304965112369974,0.009705264578010154,0.012172925274729626,0.26381796016505116,2848174.7381833247,5.48898134071631
Bldg_009_9St,Northridge_1994_Sylmar,9.0,1936007.7066165784,33.37060515365388,2.0240667166863795,0.7218964229585041,0.4472852984026352,0.35665643677019115,0.8231148142306102,1262.3615265765725,215111.96740184203,67549516.69497378,85350928.3329129,0.5828654242985061,0.05915571433100036,0.843,0.8309546252613713,0.3287478434080909,9.138133288190668,9.37,0.4931760280806555,0.8192,0.38444883963409615,1.2237767758899842,1.3660523290502116,0.3907699113729385,0.45604844559204766,2.470784566267553,4.1041465956154655,0.018984401395349505,0.023687615973241576,0.5782629572479274,6533666.664332249,10.709054586347644
Bldg_038_3St,Loma_Prieta_1989_Corralitos,3.0,670960.952016786,9.738279216538054,0.5814586032302643,0.21822895584713087,0.15751830854494958,0.37531297092307303,0.9074263975091055,780.28692130387,223653.65067226198,118926299.32987614,129961841.76984638,0.8301725754315881,0.058719762660169365,0.644,0.6861034364890142,0.3994006678649551,6.918654308054634,11.41,0.6811214742642783,1.0778947368421052,0.9905187513155864,1.4627649407567376,1.3029802792790384,0.08319983801248856,1.5380725952105379,0.5394391338562022,0.8536782720855102,0.0140189409717685,0.015640314922274384,0.10036228420980269,6598152.038854052,13.415299501340517
Bldg_012_9St,San_Fernando_1971_Pacoima_scaled_0.70g,9.0,2233538.9192729555,32.21400348906792,2.044992330417825,0.6938026305909998,0.4232174107613456,0.33926906241709215,0.8677249013184531,1392.155644429548,248170.99103032838,85201688.07554445,70380243.16449313,1.161922715813221,0.03024827774377832,0.7020000000000001,0.621704472793615,0.284211752977573,7.102529712286988,9.42,0.46164900464092706,0.28054794520547943,0.41935432855002236,0.9040454939074468,1.3713338074645356,0.4344114385814638,0.5973708383903452,7.289279302758849,4.4297557448616836,0.02706598382290827,0.03180247318818683,0.553932042120033,9365144.183839608,7.1892575383516775
Bldg_021_8St,Loma_Prieta_1989_Corralitos_scaled_0.39g,8.0,2522754.82118266,32.32951534566002,2.6102427070001735,0.9254001036349783,0.5728010687995481,0.35452645884355183,0.8357723193147679,1452.0498090500698,315344.3526478325,48088571.83372548,57616640.05790957,0.6692598452597174,0.02453858408069792,0.3864,0.4116620618934086,0.2396404007189732,2.4907155508996683,11.41,0.6811214742642783,1.0778947368421052,0.42969501301351287,0.6607174513577159,0.9142371561918532,0.7269951700983915,1.112047135128139,2.4216118863771143,3.8322719303772637,0.03235078184879994,0.04323871021058102,0.9360082907159116,9702549.746739177,6.264436757305147
Bldg_023_4St,Kobe_1995_NS_scaled_0.50g,4.0,766198.5056578394,14.085368853543702,0.6464204299712705,0.2384130320594705,0.16037881502662232,0.3688203853180608,0.8743349213046628,818.4828099282827,191549.62641445984,132243280.43540907,155581753.84682024,0.6999844411782463,0.030147286954925547,0.5004,0.638522257342888,0.23589837657737536,3.4987904833061783,12.780000000000001,0.8720606558868951,0.7728301886792452,1.1356969017672633,0.9220183615899952,0.7194321038919038,0.1177504313294408,2.2695781410217095,0.83643268526556,0.7412562711178088,0.013618690367403158,0.013807173322578876,0.15601161395851199,7564350.99695778,14.925605020837413
Bldg_012_9St,El_Centro_1940_NS_scaled_0.21g,9.0,2233538.9192729555,32.21400348906792,2.044992330417825,0.6938026305909998,0.4232174107613456,0.33926906241709215,0.8677249013184531,1392.155644429548,248170.99103032838,85201688.07554445,70380243.16449313,1.161922715813221,0.03024827774377832,0.2088,0.3280233447506678,0.11186424451877919,1.1185301630938156,13.060000000000002,0.5341737574272261,0.7447272727272727,0.2308335406366986,0.5205376059824985,0.7182090621567572,0.2406419559420602,1.1055246199075601,2.7459613811762784,3.8283279588036057,0.014898467599607161,0.01560804557412626,0.31272842758982744,4596233.643989933,5.176824330139866
Bldg_026_8St,Imperial_Valley_1979_Array6,8.0,1015166.0411593535,27.05742871588174,1.3951200061550888,0.48102600867032974,0.2939048899595255,0.3447918505563,0.8676064061736877,938.4905756798182,126895.75514491918,72720867.3625144,62594538.81860429,1.073553100159606,0.03644826883488745,0.439,0.4470557915681539,0.20993321390578878,3.03447831967358,11.25,0.4646807553227397,0.8192,0.23087043318493541,1.1679145742724582,1.1151095491120362,0.11162782762188056,0.5259007589634064,1.703027351263536,3.002319313151071,0.00859292751399466,0.010369593954556028,0.15326362492409307,2406408.913674518,7.916210137649256
Bldg_011_5St,Loma_Prieta_1989_Corralitos_scaled_0.39g,5.0,1451852.277223199,20.06527884435787,0.894354941017543,0.30523291686505966,0.19519356971894125,0.34128834410841863,0.8825020573804334,1131.928717571005,290370.4554446398,172350178.34134805,172350178.34134805,1.0,0.05720067339243327,0.3864,0.4116620618934086,0.2396404007189732,2.4907155508996683,11.41,0.6811214742642783,1.0778947368421052,0.5054301610150985,0.9357712973406376,0.7695438128570713,0.10048594278922744,1.3080490709500479,0.8297238222330722,1.3130623167968554,0.009181910483122785,0.009683228698182863,0.12707947689288998,6697413.625732327,6.786121374419027
Bldg_014_5St,Loma_Prieta_1989_Corralitos,5.0,1593765.9396833987,19.810700551829953,0.8894792288713879,0.3088246908799503,0.19628714530869923,0.34719719230745977,0.8824903205928275,1185.9523662698816,318753.18793667975,186945021.86907646,186945021.86907646,1.0,0.025534123696712055,0.644,0.6861034364890142,0.3994006678649551,6.918654308054634,11.41,0.6811214742642783,1.0778947368421052,1.1710854670883553,1.952708934451755,1.5929130208286266,0.23014262644171804,1.8184556942365764,0.825200456472479,1.3059039576342382,0.019403186973136134,0.021215933499279336,0.2928779969821608,17384914.99807604,16.787371367156165
Bldg_014_5St,ChiChi_1999_TCU068_scaled_0.72g,5.0,1593765.9396833987,19.810700551829953,0.8894792288713879,0.3088246908799503,0.19628714530869923,0.34719719230745977,0.8824903205928275,1185.9523662698816,318753.18793667975,186945021.86907646,186945021.86907646,1.0,0.025534123696712055,0.7168,0.9793056114621539,0.3918739507039827,11.287491908555028,18.89,0.7206483050886867,0.6206060606060606,1.8742230773885953,2.4715423236507363,2.040312177080378,0.36851811552431013,2.614708534303286,1.4332428980837792,1.2342764460702145,0.031053156940247295,0.03310897175952794,0.4646184440993096,27235303.35911188,29.843821293751777
Bldg_015_10St,Northridge_1994_Sylmar_scaled_1.18g,10.0,2816481.9947992526,40.98256473151777,1.8319490809782595,0.6193726605439063,0.3773880973810691,0.3380949104836264,0.8478015197669436,1545.2565209657066,281648.1994799253,143070004.16746855,143070004.16746855,1.0,0.037694089189244176,1.1802,1.163336475365919,0.4602469807713281,17.910741244853703,9.37,0.4931760280806554,0.8192,0.7759965431781359,2.016077021092253,3.4638299842148883,0.6466465798705497,0.6575127462956584,2.2362659679910393,3.7145947423840666,0.030990880031634308,0.028585952764851194,0.8903251151497165,16658595.359801069,22.343750028105205
Bldg_026_8St,San_Fernando_1971_Pacoima_scaled_0.70g,8.0,1015166.0411593535,27.05742871588174,1.3951200061550888,0.48102600867032974,0.2939048899595255,0.3447918505563,0.8676064061736877,938.4905756798182,126895.75514491918,72720867.3625144,62594538.81860429,1.073553100159606,0.03644826883488745,0.7020000000000001,0.621704472793615,0.284211752977573,7.102529712286988,9.42,0.46164900464092706,0.28054794520547943,0.45713276326307994,1.7101695786675173,2.4293757291619906,0.22095947235584423,0.6511862724545298,4.972839865689526,3.0220362052772543,0.01701434282771572,0.021868856746978853,0.25950649091130185,5074973.237952032,12.377632861146436
Bldg_030_6St,Friuli_1976_Tolmezzo_scaled_0.21g,6.0,803618.8831084707,23.230058635081644,0.9665504811036845,0.3495748231242845,0.22269020865239064,0.3616725975089393,0.8416871129757246,822.4327678639422,133936.48051807846,84360837.00216389,106695714.94751158,0.5813350525588545,0.04189785227596446,0.2112,0.12811666631728136,0.0617233149605922,0.471147101774997,10.049999999999999,0.42783232247186925,0.3250793650793651,0.14726696537226222,0.45324776810636697,0.5281849792505118,0.034133645077672865,0.6972867678610901,2.9732754057388733,2.2591805956111157,0.0023647258049600715,0.00264816527350998,0.05036079307340857,1060443.65579387,4.140660520905801
Bldg_015_10St,Imperial_Valley_1979_Array6_scaled_0.26g,10.0,2816481.9947992526,40.98256473151777,1.8319490809782595,0.6193726605439063,0.3773880973810691,0.3380949104836264,0.8478015197669436,1545.2565209657066,281648.1994799253,143070004.16746855,143070004.16746855,1.0,0.037694089189244176,0.26339999999999997,0.26823347494089234,0.1259599283434734,1.0924121950824885,11.25,0.4646807553227397,0.8192,0.14432547449000022,0.42406375461656687,0.6886752199993678,0.12030808418527139,0.5479327049734254,2.2362659679910393,3.9423820762835255,0.005763909008034763,0.007412106082827724,0.14071528428040264,4345996.2743253475,3.2601502641310818
Bldg_026_8St,Kobe_1995_NS,8.0,1015166.0411593535,27.05742871588174,1.3951200061550888,0.48102600867032974,0.2939048899595255,0.3447918505563,0.8676064061736877,938.4905756798182,126895.75514491918,72720867.3625144,62594538.81860429,1.073553100159606,0.03644826883488745,0.834,1.0642037622381462,0.3931639609622956,9.718862453628272,12.780000000000001,0.8720606558868959,0.7728301886792452,1.075807951455864,1.7219159327242646,1.717531979011897,0.5201203015580078,1.289937591673698,1.8052089923393484,1.5997969828557803,0.04004124572519116,0.041390144788595436,0.6887156867893078,9605160.413614225,18.35307737271279
Bldg_030_6St,El_Centro_1940_NS_scaled_0.21g,6.0,803618.8831084707,23.230058635081644,0.9665504811036845,0.3495748231242845,0.22269020865239064,0.3616725975089393,0.8416871129757246,822.4327678639422,133936.48051807846,84360837.00216389,106695714.94751158,0.5813350525588545,0.04189785227596446,0.2088,0.3280233447506678,0.11186424451877919,1.1185301630938156,13.060000000000002,0.5341737574272261,0.7447272727272727,0.20387469121566548,0.5264042632027106,0.6495554013945339,0.047280521357346825,0.9764113563968653,1.2978583120288734,1.8094308596493789,0.003273699176711329,0.0038285679525567958,0.06108599386097161,1581548.0580025283,4.522850829661535
Bldg_025_6St,El_Centro_1940_NS_scaled_0.49g,6.0,1757236.410893677,25.206007389869953,1.499772555124449,0.5085192700648059,0.31318652089399057,0.33906425899533127,0.8984443167658247,1256.4947539012646,292872.7351489462,90287042.21106903,70659424.3390975,1.3333333333333333,0.058348096296313844,0.4871999999999999,0.7653878044182246,0.26101657054381694,6.089775332399659,13.060000000000002,0.5341737574272261,0.7447272727272727,0.4241604061495276,1.0926440649527929,1.276211842990005,0.23694102198306538,0.8706083870064197,2.013854749312615,2.807649260697298,0.019713700085252927,0.019767926908150657,0.30198314062066933,6585141.973382222,7.011959896728888
Bldg_038_3St,ChiChi_1999_TCU068_scaled_0.72g,3.0,670960.952016786,9.738279216538054,0.5814586032302643,0.21822895584713087,0.15751830854494958,0.37531297092307303,0.9074263975091055,780.28692130387,223653.65067226198,118926299.32987614,129961841.76984638,0.8301725754315881,0.058719762660169365,0.7168,0.9793056114621539,0.3918739507039827,11.287491908555028,18.89,0.7206483050886867,0.6206060606060606,1.3805330940129479,1.196670179746194,1.1156550291789942,0.11597888062223019,1.9259669280314564,0.9369206009081408,0.8068548820894084,0.01953886479063156,0.020114843694926058,0.14396454844292142,8485813.591124732,16.403552979014314
Bldg_035_8St,Loma_Prieta_1989_Corralitos_scaled_0.39g,8.0,2170485.1346629397,29.41406488338083,1.5058458369512058,0.5067389805174635,0.3116778724217766,0.3365145143565473,0.8582462946298408,1364.8482788843671,271310.64183286746,136007095.16231158,136007095.16231158,1.0,0.05362839943511724,0.3864,0.4116620618934086,0.2396404007189732,2.4907155508996683,11.41,0.6811214742642783,1.0778947368421052,0.343475084667722,0.5544062073336746,0.9079018323288135,0.19348067375588682,0.8889106746059057,1.3970249463902789,2.2108330068109563,0.012547524245732043,0.014265978469214742,0.24074742588510875,7133919.236783117,5.881068213278792
Bldg_022_7St,El_Centro_1940_NS_scaled_0.49g,7.0,1284556.1704486806,22.23148050221301,1.98084884368781,0.6726415516435851,0.4158103425373049,0.3395723776637629,0.8648236794908523,1053.9993329410158,183508.02434981152,41197991.83998627,41197991.83998628,1.0,0.040533046747695714,0.4871999999999999,0.7653878044182246,0.26101657054381694,6.089775332399659,13.060000000000002,0.5341737574272261,0.7447272727272727,0.45977460960491945,1.0524466183591694,1.2972112021062072,0.44830147331278103,0.9437081477933488,2.659831211006581,3.7082481423802887,0.038282468976468045,0.03975984649334098,0.5747503204618992,5202248.476101053,9.97814030833608
Bldg_036_7St,Friuli_1976_Tolmezzo,7.0,1602726.511347166,28.557038136018107,1.3803364142962382,0.464490019337446,0.28960026023929597,0.33650493787361635,0.866819142413017,1178.6746879816149,228960.9301924523,105817892.48660325,105817892.48660325,1.0,0.04430220889174291,0.352,0.21352777719546898,0.102872191600987,1.308741949374992,10.049999999999999,0.4278323224718693,0.3250793650793651,0.1553257473485822,0.6885717895164627,0.7464536171841635,0.07357332857833464,0.4412663276948358,4.246152055696436,3.2263490666650076,0.004902050857295715,0.005377910610804932,0.09242925581024249,2321602.2098854934,3.9864546970280186
Bldg_003_7St,ChiChi_1999_TCU068,7.0,1916270.4866929152,21.004371166760656,1.7280142136463181,0.5969958868135233,0.3709851306358629,0.34548088904534535,0.8517525842969699,1277.5712658214816,273752.92667041643,76957987.31765112,83542359.52837032,0.8423704513999704,0.03410275425336676,0.512,0.6995040081872533,0.27990996478855884,5.758924443140322,18.89,0.7206483050886865,0.6206060606060606,0.5707763235422604,1.347528969895584,1.9112142489811659,0.42337754922402154,1.1147975069184772,2.784397902848071,2.3978606505341884,0.03644504703325142,0.043241975927641466,0.5325233111454868,10839865.956184363,12.979425804184263
Bldg_037_6St,El_Centro_1940_NS,6.0,1519801.1629553218,18.1313458662842,0.9220273617851668,0.32867711576859315,0.20663916498060184,0.3564721931160815,0.8535992240019256,1138.9912613079553,253300.19382588696,185099389.56536832,214716992.93877366,0.7241242719727287,0.047878458494656856,0.348,0.546705574584446,0.18644040753129837,3.1070282308161543,13.060000000000002,0.534173757427226,0.7447272727272727,0.358399782289847,0.9193763080581757,0.9905587767062524,0.07564858856762569,1.0298844318673765,1.2380738500533246,1.72608135267817,0.007027227092982019,0.0076500930512974795,0.1011247300818602,4963773.155944699,8.267579818687546
Bldg_040_5St,Friuli_1976_Tolmezzo_scaled_0.21g,5.0,886610.9492362948,19.765736699798776,1.0612910403555909,0.38285605262008715,0.2551718244840761,0.36074558067672874,0.8574015036543967,871.8839148829684,177322.18984725897,67561726.4654356,78967512.31225075,0.6389089160579486,0.024267970004537443,0.2112,0.12811666631728136,0.0617233149605922,0.471147101774997,10.049999999999999,0.42783232247186925,0.3250793650793651,0.15509837748565644,0.5384402325867669,0.7061512931938699,0.04343698213057532,0.7343673176404187,3.2647136495313585,2.4806237972479805,0.0037038535215497903,0.0036365524602221997,0.057264059475246924,1135223.3496944085,3.4818184023010814
Bldg_019_10St,San_Fernando_1971_Pacoima_scaled_1.20g,10.0,2052578.4585914456,37.07858698432766,3.118454611073725,1.0899438674104054,0.6686626239905169,0.349514103408779,0.8291539226026338,1304.5702282325642,205257.84585914455,33968527.97319341,40000000.0,0.6984263986596704,0.03693883769232474,1.2,1.062742688536094,0.48583205637192123,20.75397680557232,9.42,0.461649004640927,0.28054794520547943,0.5937824880057656,1.2093627348935772,1.5492853628107166,1.4339577330961586,0.4948187400048047,11.115585283612399,6.755033758816993,0.05954954478304447,0.06986314508158245,1.9061316175081386,9962299.097344363,13.217022523968808
Bldg_031_7St,Friuli_1976_Tolmezzo_scaled_0.49g,7.0,856890.734760222,22.75669864505952,1.4911929430096265,0.5226822901820123,0.3255666176728036,0.3505128512257438,0.8443472679464323,850.595879853297,122412.96210860314,46041581.58392334,53788220.09784441,0.7119578041500756,0.04318599737886953,0.4927999999999999,0.2989388880736565,0.14402106824138175,2.5651342207749837,10.049999999999999,0.42783232247186936,0.3250793650793651,0.281356227991186,0.7423792923265488,1.149559372140034,0.1554362026066181,0.5709339042028937,4.587165791484691,3.485461160096605,0.011416299830595006,0.012436674475504617,0.1977956249591139,2174716.545875882,5.765446045016342
Bldg_003_7St,Imperial_Valley_1979_Array6,7.0,1916270.4866929152,21.004371166760656,1.7280142136463181,0.5969958868135233,0.3709851306358629,0.34548088904534535,0.8517525842969699,1277.5712658214816,273752.92667041643,76957987.31765112,83542359.52837032,0.8423704513999704,0.03410275425336676,0.439,0.4470557915681539,0.20993321390578878,3.03447831967358,11.25,0.4646807553227397,0.8192,0.27102787382036486,0.8175950748123982,1.2259584292559838,0.20103091529733186,0.617375566788986,2.109392350642478,3.7187126728459883,0.017305594505750355,0.021514054537009903,0.26357889798373574,5393126.987200264,7.129173027851308
Bldg_037_6St,Kobe_1995_NS_scaled_1.17g,6.0,1519801.1629553218,18.1313458662842,0.9220273617851668,0.32867711576859315,0.20663916498060184,0.3564721931160815,0.8535992240019256,1138.9912613079553,253300.19382588696,185099389.56536832,214716992.93877366,0.7241242719727287,0.047878458494656856,1.1676,1.489885267133405,0.5504295453472083,19.04897040911142,12.780000000000001,0.8720606558868952,0.7728301886792452,1.8650498779124696,2.3426410182594903,2.348430643498068,0.39338588476865094,1.5973363120182165,1.1930529827786582,1.0572972826614393,0.0365684625925081,0.035261061185537894,0.5341446181605206,22824122.259040993,36.566709656378436
Bldg_016_7St,Kobe_1995_NS,7.0,911569.7535034107,29.227888440420674,1.3746005834113613,0.46292984498821277,0.2906324665083849,0.33677407864861714,0.8642017826515197,887.5698316126196,130224.25050048725,60830739.205434665,60830739.20543465,1.0,0.02701321079557354,0.834,1.0642037622381462,0.3931639609622956,9.718862453628272,12.780000000000001,0.8720606558868959,0.7728301886792452,1.1504512146725923,1.7814943640426097,1.9515285770297206,0.5399050724522546,1.3794379072812857,1.7786579814648962,1.576267171477168,0.034992216438534944,0.034859737061061526,0.6924618932309999,8854144.430274231,17.39262511794355
Bldg_024_10St,San_Fernando_1971_Pacoima,10.0,1472843.4642766041,36.34044145556651,2.0004344400541227,0.717530599945387,0.4378108981506229,0.35868738588902416,0.8221546599291161,1100.4113401365657,147284.3464276604,58118273.295337185,70609529.29579926,0.5577347659360052,0.03745343326426224,1.17,1.0361741213226916,0.47368625496262196,19.729249200797177,9.42,0.461649004640927,0.28054794520547943,0.7029206002365496,1.4893160723232675,2.218740341305799,0.6987099041519611,0.6007868378090168,7.130454791208543,4.33323676633955,0.032529961277240386,0.03620293355443004,0.9231338254367379,8681015.89063217,13.123392652671479
Bldg_023_4St,San_Fernando_1971_Pacoima_scaled_1.20g,4.0,766198.5056578394,14.085368853543702,0.6464204299712705,0.2384130320594705,0.16037881502662232,0.3688203853180608,0.8743349213046628,818.4828099282827,191549.62641445984,132243280.43540907,155581753.84682024,0.6999844411782463,0.030147286954925547,1.2,1.062742688536094,0.48583205637192123,20.75397680557232,9.42,0.461649004640927,0.28054794520547943,1.6659253880084428,4.570410635485193,3.367679907525063,0.17288934078907123,1.3882711566737025,2.3041353216749387,1.400242226178002,0.019976916375468206,0.023671012932191936,0.23476096663949972,12968320.603306724,38.28765159146153
Bldg_038_3St,Loma_Prieta_1989_Corralitos_scaled_0.90g,3.0,670960.952016786,9.738279216538054,0.5814586032302643,0.21822895584713087,0.15751830854494958,0.37531297092307303,0.9074263975091055,780.28692130387,223653.65067226198,118926299.32987614,129961841.76984638,0.8301725754315881,0.058719762660169365,0.9015999999999998,0.9605448110846201,0.5591609350109363,13.560562443787077,11.41,0.6811214742642782,1.0778947368421052,1.3867262518418229,2.047870917059428,1.824172390990655,0.11647977321748415,1.5380725952105403,0.5394391338562022,0.8536782720855103,0.019626517360475923,0.021896440891183987,0.14050719789372368,9237412.85439561,18.781419301877264
Bldg_018_10St,San_Fernando_1971_Pacoima_scaled_1.20g,10.0,2641541.8673443226,33.10622970315683,2.979394789620447,0.9999769202777022,0.6053898786112969,0.33563088844801664,0.8685081886935473,1514.6619235213475,264154.18673443224,53343084.94813778,41033142.2677983,1.3333333333333333,0.03095844509284535,1.2,1.062742688536094,0.48583205637192123,20.75397680557232,9.42,0.461649004640927,0.28054794520547943,0.6578116113261266,1.2403142286313544,2.44526001428089,1.4501903374956095,0.5481763427717722,10.61991306847132,6.453809625210468,0.09310111994146392,0.10477853056823239,1.7862039085877108,16656011.99682303,12.891670540713626
Bldg_036_7St,Northridge_1994_Sylmar,7.0,1602726.511347166,28.557038136018107,1.3803364142962382,0.464490019337446,0.28960026023929597,0.33650493787361635,0.866819142413017,1178.6746879816149,228960.9301924523,105817892.48660325,105817892.48660325,1.0,0.04430220889174291,0.843,0.8309546252613713,0.3287478434080909,9.138133288190668,9.37,0.4931760280806555,0.8192,0.6572480526287929,1.459831388655705,2.050007890994406,0.311126718651623,0.7796536804612016,1.6849809744827127,2.7988716719834033,0.020742622745052078,0.02068423204252053,0.4154145413124009,8929222.200759595,15.619653509570737
Bldg_013_5St,Kobe_1995_NS_scaled_0.50g,5.0,1315261.8799432397,20.03360101241618,1.3089278898694292,0.4557281832227655,0.2894843887416233,0.3481690525123016,0.8754262397221849,1073.0399628199511,263052.3759886479,71241185.83983777,75531053.48463854,0.8864078429497019,0.054416184732467,0.5004,0.638522257342888,0.23589837657737536,3.4987904833061783,12.780000000000001,0.8720606558868951,0.7728301886792452,0.6281843874393179,0.8994580939964631,0.8410255087153642,0.2673454938160748,1.2553644832920023,1.6936811074970644,1.500959687876568,0.02343824281551859,0.022415488891362644,0.3421303056524572,6783639.704263782,8.719662724906925
Bldg_005_5St,ChiChi_1999_TCU068_scaled_0.72g,5.0,1054965.4097151533,19.818838538279376,0.8108817871991694,0.2855759554952941,0.18628453092568645,0.3521795161803908,0.8722298013627929,959.2561022795037,210993.08194303064,142976339.73852292,158130879.27603912,0.7604114451444064,0.038812025377841536,0.7168,0.9793056114621539,0.3918739507039827,11.287491908555028,18.89,0.7206483050886867,0.6206060606060606,1.7071101269640083,1.5204045407787299,1.6271874343794923,0.27888509595853217,2.381571047661842,1.3065966297642866,1.12521153726904,0.024576864467981657,0.02550461114242926,0.358626148072175,15986139.094612397,21.78050274518693
Bldg_018_10St,Kobe_1995_NS,10.0,2641541.8673443226,33.10622970315683,2.979394789620447,0.9999769202777022,0.6053898786112969,0.33563088844801664,0.8685081886935473,1514.6619235213475,264154.18673443224,53343084.94813778,41033142.2677983,1.3333333333333333,0.03095844509284535,0.834,1.0642037622381462,0.3931639609622956,9.718862453628272,12.780000000000001,0.8720606558868959,0.7728301886792452,0.7072568648647543,1.4816338417561326,1.7427758329084966,1.5603406034561704,0.8480298139865159,3.8551739221163013,3.416499494052243,0.10009918504243644,0.11455324476366475,2.0091488721862305,18209839.44622228,14.183921851400392
Bldg_031_7St,Loma_Prieta_1989_Corralitos_scaled_0.39g,7.0,856890.734760222,22.75669864505952,1.4911929430096265,0.5226822901820123,0.3255666176728036,0.3505128512257438,0.8443472679464323,850.595879853297,122412.96210860314,46041581.58392334,53788220.09784441,0.7119578041500756,0.04318599737886953,0.3864,0.4116620618934086,0.2396404007189732,2.4907155508996683,11.41,0.6811214742642783,1.0778947368421052,0.37527289941999625,0.6200798936173687,0.9910235156874373,0.2072872009147584,0.9712031558488515,1.3834309529874464,2.1893201130097344,0.015227059193477712,0.016115799013698806,0.2718616034757618,2818059.991369113,7.216500698970339
Bldg_013_5St,Imperial_Valley_1979_Array6,5.0,1315261.8799432397,20.03360101241618,1.3089278898694292,0.4557281832227655,0.2894843887416233,0.3481690525123016,0.8754262397221849,1073.0399628199511,263052.3759886479,71241185.83983777,75531053.48463854,0.8864078429497019,0.054416184732467,0.439,0.4470557915681539,0.20993321390578878,3.03447831967358,11.25,0.4646807553227397,0.8192,0.2206180777824675,0.9380664526526251,0.8947924832427562,0.09389283286017189,0.5025468742197438,1.597812365563268,2.8168325777991936,0.008231500463799644,0.008277977111537178,0.12147389246330323,2505179.0963367536,5.2897387610640605
Bldg_016_7St,Loma_Prieta_1989_Corralitos_scaled_0.90g,7.0,911569.7535034107,29.227888440420674,1.3746005834113613,0.46292984498821277,0.2906324665083849,0.33677407864861714,0.8642017826515197,887.5698316126196,130224.25050048725,60830739.205434665,60830739.20543465,1.0,0.02701321079557354,0.9015999999999998,0.9605448110846201,0.5591609350109363,13.560562443787077,11.41,0.6811214742642782,1.0778947368421052,1.0900293891715709,2.0795723992303836,3.1977833796262707,0.5116513669542652,1.2089944422932244,1.2752642131257745,2.0181430704356416,0.033154421346854465,0.033695879990009954,0.6522415556268767,8558532.372580394,22.497681507307057
Bldg_023_4St,Northridge_1994_Sylmar,4.0,766198.5056578394,14.085368853543702,0.6464204299712705,0.2384130320594705,0.16037881502662232,0.3688203853180608,0.8743349213046628,818.4828099282827,191549.62641445984,132243280.43540907,155581753.84682024,0.6999844411782463,0.030147286954925547,0.843,0.8309546252613713,0.3287478434080909,9.138133288190668,9.37,0.4931760280806555,0.8192,1.3868492613210401,1.837140061890308,2.1853063321479573,0.14404330397344645,1.6451355413060975,0.7890874389297735,1.3107296242419002,0.016630379678594504,0.016835825885447152,0.19063608427331466,9223618.284919394,21.51590126900776
Bldg_009_9St,El_Centro_1940_NS,9.0,1936007.7066165784,33.37060515365388,2.0240667166863795,0.7218964229585041,0.4472852984026352,0.35665643677019115,0.8231148142306102,1262.3615265765725,215111.96740184203,67549516.69497378,85350928.3329129,0.5828654242985061,0.05915571433100036,0.348,0.546705574584446,0.18644040753129837,3.1070282308161543,13.060000000000002,0.534173757427226,0.7447272727272727,0.30197943690184514,0.7443631315860879,0.8664484709616268,0.3077320726807658,0.8677570025915091,2.7178630228943086,3.7891541629357026,0.014911994138784768,0.015505261912797644,0.4339020504647191,4830488.762867565,8.287998889841514
Bldg_016_7St,Kobe_1995_NS_scaled_1.17g,7.0,911569.7535034107,29.227888440420674,1.3746005834113613,0.46292984498821277,0.2906324665083849,0.33677407864861714,0.8642017826515197,887.5698316126196,130224.25050048725,60830739.205434665,60830739.20543465,1.0,0.02701321079557354,1.1676,1.489885267133405,0.5504295453472083,19.04897040911142,12.780000000000001,0.8720606558868952,0.7728301886792452,1.6106317005416717,2.494092109659704,2.7321400078416374,0.7558671014331759,1.379437907281322,1.7786579814648962,1.5762671714771692,0.048989103013950215,0.048803631885484526,0.9694466505233796,12395802.202383514,24.349675165115578
Bldg_038_3St,Imperial_Valley_1979_Array6_scaled_0.26g,3.0,670960.952016786,9.738279216538054,0.5814586032302643,0.21822895584713087,0.15751830854494958,0.37531297092307303,0.9074263975091055,780.28692130387,223653.65067226198,118926299.32987614,129961841.76984638,0.8301725754315881,0.058719762660169365,0.26339999999999997,0.26823347494089234,0.1259599283434734,1.0924121950824885,11.25,0.4646807553227397,0.8192,0.445521562551905,0.53928228354672,0.5603573224999765,0.03741278620021701,1.691425825937377,0.7097883340213187,1.2513076915062205,0.006305524735165043,0.006477947147482177,0.047947875043633154,2732840.124457851,6.515507885533504
Bldg_025_6St,Friuli_1976_Tolmezzo_scaled_0.21g,6.0,1757236.410893677,25.206007389869953,1.499772555124449,0.5085192700648059,0.31318652089399057,0.33906425899533127,0.8984443167658247,1256.4947539012646,292872.7351489462,90287042.21106903,70659424.3390975,1.3333333333333333,0.058348096296313844,0.2112,0.12811666631728136,0.0617233149605922,0.471147101774997,10.049999999999999,0.42783232247186925,0.3250793650793651,0.10575235128699324,0.32532649295425714,0.4550065969334945,0.059102166762082874,0.5007213602603847,4.613558152970717,3.505514839223167,0.004915051255036662,0.005014022938761038,0.07395841525043088,1670284.0446016963,1.8050938730247907
Bldg_016_7St,Imperial_Valley_1979_Array6_scaled_0.61g,7.0,911569.7535034107,29.227888440420674,1.3746005834113613,0.46292984498821277,0.2906324665083849,0.33677407864861714,0.8642017826515197,887.5698316126196,130224.25050048725,60830739.205434665,60830739.20543465,1.0,0.02701321079557354,0.6145999999999999,0.6258781081954151,0.2939064994681046,5.947577506560213,11.25,0.46468075532273967,0.8192,0.35235028682621417,1.73407955750382,1.7492356395373936,0.16528660048751678,0.5733001738142112,1.6779792277970718,2.958161205657517,0.010717114590827408,0.011201164862280762,0.2193681196464548,2845022.3621659917,12.680510441010263
Bldg_027_8St,Northridge_1994_Sylmar_scaled_0.51g,8.0,1236762.7935664188,33.45874608638884,1.9546697610790964,0.6731664591962702,0.41557814763449613,0.3443888438856502,0.8430406960968102,1021.0981179078087,154595.34919580235,44481783.16310389,50477108.5258839,0.7624536928573992,0.03506955879751763,0.5057999999999999,0.498572775156823,0.1972487060448539,3.289727983748639,9.37,0.49317602808065547,0.8192,0.26454346473741963,0.8185500960554964,1.2194596112950846,0.2509954469745694,0.5230198986504936,2.386071485692256,3.9634322225398675,0.01281263695860766,0.014322721054881752,0.3201145627669403,3023706.8045996507,6.687651193694315
Bldg_006_10St,San_Fernando_1971_Pacoima_scaled_1.20g,10.0,3366909.3113988144,34.18399184750075,3.281079343997509,1.133043582854695,0.6893601308528857,0.345326480728823,0.8345073949971021,1676.2191738095921,336690.93113988143,51738376.4859165,57211205.11280589,0.7608497926193671,0.02384706204365683,1.2,1.062742688536094,0.48583205637192123,20.75397680557232,9.42,0.461649004640927,0.28054794520547943,0.5946641886463087,1.2340386792800153,1.630659410959188,1.5893773419942112,0.49555349053859055,11.69525352108487,7.1073029747991106,0.08378189848923234,0.08942153537847186,2.1297586988938684,15506608.988967696,16.839165051972955
Bldg_022_7St,Loma_Prieta_1989_Corralitos_scaled_0.39g,7.0,1284556.1704486806,22.23148050221301,1.98084884368781,0.6726415516435851,0.4158103425373049,0.3395723776637629,0.8648236794908523,1053.9993329410158,183508.02434981152,41197991.83998627,41197991.83998628,1.0,0.040533046747695714,0.3864,0.4116620618934086,0.2396404007189732,2.4907155508996683,11.41,0.6811214742642783,1.0778947368421052,0.25105807386900564,0.6851516817503572,0.9111245004085897,0.24468843404333798,0.6497362160170953,1.837701563968183,2.908216696335185,0.02090398800499399,0.02323120516572223,0.2998442766065812,3039611.8780692527,5.335569330379143
Bldg_019_10St,Loma_Prieta_1989_Corralitos_scaled_0.39g,10.0,2052578.4585914456,37.07858698432766,3.118454611073725,1.0899438674104054,0.6686626239905169,0.349514103408779,0.8291539226026338,1304.5702282325642,205257.84585914455,33968527.97319341,40000000.0,0.6984263986596704,0.03693883769232474,0.3864,0.4116620618934086,0.2396404007189732,2.4907155508996683,11.41,0.6811214742642783,1.0778947368421052,0.2571141427139252,0.5520175590564211,0.7094109134338752,0.6208498142530208,0.6654092720339678,2.89309753957035,4.578411823591617,0.02578558725657181,0.03297281001917341,0.7981887998333872,5168815.984135054,5.930650640910541
Bldg_038_3St,Kobe_1995_NS,3.0,670960.952016786,9.738279216538054,0.5814586032302643,0.21822895584713087,0.15751830854494958,0.37531297092307303,0.9074263975091055,780.28692130387,223653.65067226198,118926299.32987614,129961841.76984638,0.8301725754315881,0.058719762660169365,0.834,1.0642037622381462,0.3931639609622956,9.718862453628272,12.780000000000001,0.8720606558868959,0.7728301886792452,1.4811407484736874,1.4759542876153076,1.2456964256490082,0.12437351166443036,1.7759481396566996,0.7523756340625979,0.6667639450364999,0.02096277803540346,0.021652955359740017,0.1567191780202286,9134694.04318801,18.54693332118583
Bldg_030_6St,Imperial_Valley_1979_Array6_scaled_0.61g,6.0,803618.8831084707,23.230058635081644,0.9665504811036845,0.3495748231242845,0.22269020865239064,0.3616725975089393,0.8416871129757246,822.4327678639422,133936.48051807846,84360837.00216389,106695714.94751158,0.5813350525588545,0.04189785227596446,0.6145999999999999,0.6258781081954151,0.2939064994681046,5.947577506560213,11.25,0.46468075532273967,0.8192,0.4780223321479598,1.3449009507201377,1.4507635700259456,0.11075658934464847,0.7777779566351446,1.179871192753521,2.0800312258087295,0.007675799805611968,0.008788418240352805,0.16198775622499043,3124717.206628082,14.58472571866521
Bldg_030_6St,San_Fernando_1971_Pacoima_scaled_0.70g,6.0,803618.8831084707,23.230058635081644,0.9665504811036845,0.3495748231242845,0.22269020865239064,0.3616725975089393,0.8416871129757246,822.4327678639422,133936.48051807846,84360837.00216389,106695714.94751158,0.5813350525588545,0.04189785227596446,0.7020000000000001,0.621704472793615,0.284211752977573,7.102529712286988,9.42,0.46164900464092706,0.28054794520547943,0.6891122227319172,1.9301853581975195,2.3990702096701964,0.15998528874054482,0.9816413429229589,3.4452238828402817,2.0936912489510777,0.011065356385176695,0.013198577811461549,0.22991462583317732,4539533.590776943,16.893057407165223
Bldg_023_4St,El_Centro_1940_NS_scaled_0.49g,4.0,766198.5056578394,14.085368853543702,0.6464204299712705,0.2384130320594705,0.16037881502662232,0.3688203853180608,0.8743349213046628,818.4828099282827,191549.62641445984,132243280.43540907,155581753.84682024,0.6999844411782463,0.030147286954925547,0.4871999999999999,0.7653878044182246,0.26101657054381694,6.089775332399659,13.060000000000002,0.5341737574272261,0.7447272727272727,1.3940294359599659,1.9932148087777493,1.6831494526417958,0.1442797519350081,2.8613083660918845,0.8679961828227509,1.2101313869941215,0.016716480622463635,0.016526827355657917,0.18701540177719395,8660894.653112458,19.133503775111095
Bldg_021_8St,Kobe_1995_NS_scaled_1.17g,8.0,2522754.82118266,32.32951534566002,2.6102427070001735,0.9254001036349783,0.5728010687995481,0.35452645884355183,0.8357723193147679,1452.0498090500698,315344.3526478325,48088571.83372548,57616640.05790957,0.6692598452597174,0.02453858408069792,1.1676,1.489885267133405,0.5504295453472083,19.04897040911142,12.780000000000001,0.8720606558868952,0.7728301886792452,0.9022140496207511,2.016649125019728,3.3471044975463538,1.5276066866357054,0.7727081617169845,3.3775113152101857,2.9931893950031814,0.06792568918942844,0.09196763276860112,1.9285398916453322,20176011.237872776,19.617547568432943
Bldg_036_7St,San_Fernando_1971_Pacoima,7.0,1602726.511347166,28.557038136018107,1.3803364142962382,0.464490019337446,0.28960026023929597,0.33650493787361635,0.866819142413017,1178.6746879816149,228960.9301924523,105817892.48660325,105817892.48660325,1.0,0.04430220889174291,1.17,1.0361741213226916,0.47368625496262196,19.729249200797177,9.42,0.461649004640927,0.28054794520547943,0.769394064045429,2.3736812048471148,3.9995454445238003,0.36373422513686277,0.6576017641413924,4.920144445489521,2.990012759520344,0.024281929400847373,0.031956924781653906,0.4270769019953968,13795556.03716658,16.80178558819403
Bldg_023_4St,Kobe_1995_NS,4.0,766198.5056578394,14.085368853543702,0.6464204299712705,0.2384130320594705,0.16037881502662232,0.3688203853180608,0.8743349213046628,818.4828099282827,191549.62641445984,132243280.43540907,155581753.84682024,0.6999844411782463,0.030147286954925547,0.834,1.0642037622381462,0.3931639609622956,9.718862453628272,12.780000000000001,0.8720606558868959,0.7728301886792452,1.8928281696121076,1.5366972693166667,1.199053506486511,0.19625071888240153,2.2695781410217117,0.83643268526556,0.7412562711178081,0.02269781727900529,0.023011955537631065,0.26001935659751374,12607251.661596084,24.8760083680569
Bldg_038_3St,Northridge_1994_Sylmar_scaled_1.18g,3.0,670960.952016786,9.738279216538054,0.5814586032302643,0.21822895584713087,0.15751830854494958,0.37531297092307303,0.9074263975091055,780.28692130387,223653.65067226198,118926299.32987614,129961841.76984638,0.8301725754315881,0.058719762660169365,1.1802,1.163336475365919,0.4602469807713281,17.910741244853703,9.37,0.4931760280806554,0.8192,1.9114038080542626,1.8595111125212882,2.370584026427152,0.16051221752720882,1.6195592340741083,0.7097883340213187,1.1790082447705081,0.02705234718952724,0.026371423758297142,0.20333339021127933,11125265.97469492,23.96658913542544
Bldg_004_9St,Northridge_1994_Sylmar,9.0,1948649.445047211,34.52008614666971,1.8669862587577561,0.6258111713455994,0.3829180140447785,0.3351985952815731,0.8546009371985288,1290.4718679648695,216516.60500524566,87950131.45529062,87950131.45529062,1.0,0.04849082359697768,0.843,0.8309546252613713,0.3287478434080909,9.138133288190668,9.37,0.4931760280806555,0.8192,0.49960532990709416,1.266301213209503,2.1314362846781365,0.4324220209126979,0.5926516369004676,2.2790359603976516,3.7856387019127853,0.024186830830027473,0.022498724751236616,0.5835519879746889,7589685.095668559,13.079710826384922
Bldg_040_5St,El_Centro_1940_NS_scaled_0.49g,5.0,886610.9492362948,19.765736699798776,1.0612910403555909,0.38285605262008715,0.2551718244840761,0.36074558067672874,0.8574015036543967,871.8839148829684,177322.18984725897,67561726.4654356,78967512.31225075,0.6389089160579486,0.024267970004537443,0.4871999999999999,0.7653878044182246,0.26101657054381694,6.089775332399659,13.060000000000002,0.5341737574272261,0.7447272727272727,0.4464001903441696,1.1968470239306028,2.383090289455593,0.12488676220099264,0.9162565483254714,1.4250734184462281,1.986789926684441,0.0106603366445897,0.013009608257109681,0.1630763866420852,4061212.1577769537,12.596579546260271
Bldg_036_7St,Kobe_1995_NS_scaled_0.50g,7.0,1602726.511347166,28.557038136018107,1.3803364142962382,0.464490019337446,0.28960026023929597,0.33650493787361635,0.866819142413017,1178.6746879816149,228960.9301924523,105817892.48660325,105817892.48660325,1.0,0.04430220889174291,0.5004,0.638522257342888,0.23589837657737536,3.4987904833061783,12.780000000000001,0.8720606558868951,0.7728301886792452,0.6291467959717294,0.951699803821111,0.9104075417788823,0.2977178299840605,1.2572877617340716,1.7860798329516756,1.5828445016733625,0.01985575246347733,0.01935059570327189,0.38150410894070164,8353501.759039605,9.234805609427513
Bldg_025_6St,Loma_Prieta_1989_Corralitos_scaled_0.90g,6.0,1757236.410893677,25.206007389869953,1.499772555124449,0.5085192700648059,0.31318652089399057,0.33906425899533127,0.8984443167658247,1256.4947539012646,292872.7351489462,90287042.21106903,70659424.3390975,1.3333333333333333,0.058348096296313844,0.9015999999999998,0.9605448110846201,0.5591609350109363,13.560562443787077,11.41,0.6811214742642782,1.0778947368421052,0.773477290936078,1.2539664196289007,2.0793155706760635,0.43220684626382827,0.8578940671429438,1.3913905540705338,2.201916415488804,0.03594889837712106,0.03888436352711693,0.5446243134632955,12953257.84845415,12.626052845621745
Bldg_019_10St,Imperial_Valley_1979_Array6,10.0,2052578.4585914456,37.07858698432766,3.118454611073725,1.0899438674104054,0.6686626239905169,0.349514103408779,0.8291539226026338,1304.5702282325642,205257.84585914455,33968527.97319341,40000000.0,0.6984263986596704,0.03693883769232474,0.439,0.4470557915681539,0.20993321390578878,3.03447831967358,11.25,0.4646807553227397,0.8192,0.17967799617779778,0.4096011673778013,0.5503885110068211,0.4343343392268152,0.40928928514304735,3.8067072889083553,6.7109613973744855,0.018019633613400816,0.022489521128394842,0.5595188358680302,3512185.405684016,4.353928796748651
Bldg_026_8St,San_Fernando_1971_Pacoima,8.0,1015166.0411593535,27.05742871588174,1.3951200061550888,0.48102600867032974,0.2939048899595255,0.3447918505563,0.8676064061736877,938.4905756798182,126895.75514491918,72720867.3625144,62594538.81860429,1.073553100159606,0.03644826883488745,1.17,1.0361741213226916,0.47368625496262196,19.729249200797177,9.42,0.461649004640927,0.28054794520547943,0.7618879387716897,2.8502826311125253,4.0489595486033245,0.3682657872596871,0.6511862724544357,4.972839865689526,3.0220362052772547,0.02835723804618876,0.03644809457829601,0.4325108181855098,8458288.729919571,20.629388101907654
Bldg_023_4St,Northridge_1994_Sylmar_scaled_1.18g,4.0,766198.5056578394,14.085368853543702,0.6464204299712705,0.2384130320594705,0.16037881502662232,0.3688203853180608,0.8743349213046628,818.4828099282827,191549.62641445984,132243280.43540907,155581753.84682024,0.6999844411782463,0.030147286954925547,1.1802,1.163336475365919,0.4602469807713281,17.910741244853703,9.37,0.4931760280806554,0.8192,1.941588965849483,2.571996086646421,3.0594288650071344,0.20166062556282774,1.6451355413061202,0.7890874389297735,1.3107296242419006,0.023282531550032622,0.0235701562396265,0.26689051798264013,12913065.598887417,30.122261776609108
Bldg_019_10St,Imperial_Valley_1979_Array6_scaled_0.26g,10.0,2052578.4585914456,37.07858698432766,3.118454611073725,1.0899438674104054,0.6686626239905169,0.349514103408779,0.8291539226026338,1304.5702282325642,205257.84585914455,33968527.97319341,40000000.0,0.6984263986596704,0.03693883769232474,0.26339999999999997,0.26823347494089234,0.1259599283434734,1.0924121950824885,11.25,0.4646807553227397,0.8192,0.10780679770664112,0.24576070042668782,0.3302331066040939,0.26060060353599923,0.4092892851429048,3.8067072889083553,6.7109613973744855,0.010811780168036723,0.013493712677036607,0.3357113015208451,2107311.2434106558,2.612357278048333
Bldg_003_7St,San_Fernando_1971_Pacoima_scaled_1.20g,7.0,1916270.4866929152,21.004371166760656,1.7280142136463181,0.5969958868135233,0.3709851306358629,0.34548088904534535,0.8517525842969699,1277.5712658214816,273752.92667041643,76957987.31765112,83542359.52837032,0.8423704513999704,0.03410275425336676,1.2,1.062742688536094,0.48583205637192123,20.75397680557232,9.42,0.461649004640927,0.28054794520547943,0.6494319871424382,2.586617446241407,2.8023467336877346,0.4817275410775088,0.5411933226186986,6.1594256638760365,3.743134277935629,0.04146734603393489,0.056938311056639844,0.594484136841031,14273252.930400256,21.692413202166094
Bldg_006_10St,Friuli_1976_Tolmezzo,10.0,3366909.3113988144,34.18399184750075,3.281079343997509,1.133043582854695,0.6893601308528857,0.345326480728823,0.8345073949971021,1676.2191738095921,336690.93113988143,51738376.4859165,57211205.11280589,0.7608497926193671,0.02384706204365683,0.352,0.21352777719546898,0.102872191600987,1.308741949374992,10.049999999999999,0.4278323224718693,0.3250793650793651,0.08916324980812006,0.27622882317877273,0.7337732781266308,0.23826726823196792,0.25330468695488656,10.093163997648587,7.669077747657192,0.012562159428835401,0.014534472168244788,0.3351852450750663,2842517.432631414,2.697197929425531
Bldg_009_9St,Northridge_1994_Sylmar_scaled_0.51g,9.0,1936007.7066165784,33.37060515365388,2.0240667166863795,0.7218964229585041,0.4472852984026352,0.35665643677019115,0.8231148142306102,1262.3615265765725,215111.96740184203,67549516.69497378,85350928.3329129,0.5828654242985061,0.05915571433100036,0.5057999999999999,0.498572775156823,0.1972487060448539,3.289727983748639,9.37,0.49317602808065547,0.8192,0.23066930378046152,0.7342660655340021,0.8196313974301336,0.23446194682376734,0.45604844559205526,2.470784566267553,4.1041465956154655,0.01139064083720989,0.014212569583944493,0.34695777434874586,3920199.998599442,6.425432751808431
Bldg_016_7St,El_Centro_1940_NS_scaled_0.21g,7.0,911569.7535034107,29.227888440420674,1.3746005834113613,0.46292984498821277,0.2906324665083849,0.33677407864861714,0.8642017826515197,887.5698316126196,130224.25050048725,60830739.205434665,60830739.20543465,1.0,0.02701321079557354,0.2088,0.3280233447506678,0.11186424451877919,1.1185301630938156,13.060000000000002,0.5341737574272261,0.7447272727272727,0.2599084992212026,0.5969206306868333,0.7510772786443622,0.1218663334328623,1.2447725058486716,1.845777150576779,2.573321066972542,0.00790539776304326,0.00870166781916388,0.15908777852382175,2210166.5173259987,5.63088297844189
Bldg_030_6St,Northridge_1994_Sylmar_scaled_0.51g,6.0,803618.8831084707,23.230058635081644,0.9665504811036845,0.3495748231242845,0.22269020865239064,0.3616725975089393,0.8416871129757246,822.4327678639422,133936.48051807846,84360837.00216389,106695714.94751158,0.5813350525588545,0.04189785227596446,0.5057999999999999,0.498572775156823,0.1972487060448539,3.289727983748639,9.37,0.49317602808065547,0.8192,0.6963549414894212,1.331851983021204,0.8462243552550239,0.1614596653598495,1.3767397024306471,1.179871192753521,1.95984886951077,0.011181655678101244,0.012580914960738081,0.22830044120965162,4543026.0590127045,14.450595329639649
Bldg_027_8St,ChiChi_1999_TCU068,8.0,1236762.7935664188,33.45874608638884,1.9546697610790964,0.6731664591962702,0.41557814763449613,0.3443888438856502,0.8430406960968102,1021.0981179078087,154595.34919580235,44481783.16310389,50477108.5258839,0.7624536928573992,0.03506955879751763,0.512,0.6995040081872533,0.27990996478855884,5.758924443140322,18.89,0.7206483050886865,0.6206060606060606,0.647132358676313,1.2714073192499056,1.412857951416287,0.6141784233255456,1.263930388039674,3.1496143611137786,2.71237682414107,0.03134256967609092,0.03342311795025097,0.802622880779507,7056041.152366418,11.917092348328108
Bldg_012_9St,ChiChi_1999_TCU068_scaled_0.31g,9.0,2233538.9192729555,32.21400348906792,2.044992330417825,0.6938026305909998,0.4232174107613456,0.33926906241709215,0.8677249013184531,1392.155644429548,248170.99103032838,85201688.07554445,70380243.16449313,1.161922715813221,0.03024827774377832,0.3072,0.4197024049123519,0.1679459788731353,2.073212799530516,18.89,0.7206483050886867,0.6206060606060606,0.37453344114881815,0.7386561900304764,0.8804703409728665,0.38838839684823573,1.2191843787396426,3.295153657411534,2.8377119823603243,0.02417315231804715,0.02464762853829928,0.49891060516728203,7258196.357402636,6.261148332378548
Bldg_015_10St,Friuli_1976_Tolmezzo_scaled_0.49g,10.0,2816481.9947992526,40.98256473151777,1.8319490809782595,0.6193726605439063,0.3773880973810691,0.3380949104836264,0.8478015197669436,1545.2565209657066,281648.1994799253,143070004.16746855,143070004.16746855,1.0,0.037694089189244176,0.4927999999999999,0.2989388880736565,0.14402106824138175,2.5651342207749837,10.049999999999999,0.42783232247186936,0.3250793650793651,0.20053307871471185,0.8520699999653006,1.0913105822624982,0.1670719201836135,0.4069258902490095,5.635390239337419,4.281932394434067,0.008008665295555684,0.008830901724694555,0.20602940211804582,5177889.464287615,5.212774147658642
Bldg_009_9St,Imperial_Valley_1979_Array6,9.0,1936007.7066165784,33.37060515365388,2.0240667166863795,0.7218964229585041,0.4472852984026352,0.35665643677019115,0.8231148142306102,1262.3615265765725,215111.96740184203,67549516.69497378,85350928.3329129,0.5828654242985061,0.05915571433100036,0.439,0.4470557915681539,0.20993321390578878,3.03447831967358,11.25,0.4646807553227397,0.8192,0.18307920239955713,0.47773242922207565,0.8586269637001185,0.18643769758890738,0.4170369075160755,2.470784566267553,4.355822128421442,0.009040602304331619,0.011269944612198463,0.23993058506048182,3023689.6725408253,4.751617144615299
Bldg_034_4St,Loma_Prieta_1989_Corralitos,4.0,666777.4275900043,12.29923854005396,0.7869876091101675,0.2751374623816294,0.18176931440458607,0.3496083790858185,0.901114411902358,775.1404708390176,166694.35689750107,83823096.24972795,83823096.24972795,1.0,0.025909563676249067,0.644,0.6861034364890142,0.3994006678649551,6.918654308054634,11.41,0.6811214742642783,1.0778947368421052,1.1198090090079411,2.444000220366648,1.65559771239088,0.17221035827775089,1.7388338649191633,0.7301154576705656,1.1554291544841422,0.025600209862993356,0.026573759098239436,0.21524100498472126,6849122.370310888,17.10655526490332
Bldg_012_9St,Loma_Prieta_1989_Corralitos_scaled_0.90g,9.0,2233538.9192729555,32.21400348906792,2.044992330417825,0.6938026305909998,0.4232174107613456,0.33926906241709215,0.8677249013184531,1392.155644429548,248170.99103032838,85201688.07554445,70380243.16449313,1.161922715813221,0.03024827774377832,0.9015999999999998,0.9605448110846201,0.5591609350109363,13.560562443787077,11.41,0.6811214742642782,1.0778947368421052,0.6269952912561525,1.7727224573441573,2.3784008669838648,0.6526652562555344,0.6954251233985721,1.8972096815399742,3.0023900400831565,0.04046755513137478,0.04749328836127886,0.7728923718514124,13985751.694093531,14.776593382503744
Bldg_003_7St,El_Centro_1940_NS_scaled_0.21g,7.0,1916270.4866929152,21.004371166760656,1.7280142136463181,0.5969958868135233,0.3709851306358629,0.34548088904534535,0.8517525842969699,1277.5712658214816,273752.92667041643,76957987.31765112,83542359.52837032,0.8423704513999704,0.03410275425336676,0.2088,0.3280233447506678,0.11186424451877919,1.1185301630938156,13.060000000000002,0.5341737574272261,0.7447272727272727,0.14564522858255888,0.5278273099136326,0.4820561037272842,0.10803169608974855,0.6975346196482705,2.320331585706726,3.2349290649714044,0.009299697599434505,0.010216994119039575,0.1513881622323661,2561188.3904388817,4.029733559040126
Bldg_030_6St,El_Centro_1940_NS,6.0,803618.8831084707,23.230058635081644,0.9665504811036845,0.3495748231242845,0.22269020865239064,0.3616725975089393,0.8416871129757246,822.4327678639422,133936.48051807846,84360837.00216389,106695714.94751158,0.5813350525588545,0.04189785227596446,0.348,0.546705574584446,0.18644040753129837,3.1070282308161543,13.060000000000002,0.534173757427226,0.7447272727272727,0.33979115202610183,0.8773404386711866,1.082592335657552,0.07880086892890967,0.9764113563968444,1.2978583120288734,1.8094308596493793,0.005456165294518763,0.006380946587594754,0.10180998976828798,2635913.4300042526,7.538084716102807
Bldg_009_9St,Friuli_1976_Tolmezzo,9.0,1936007.7066165784,33.37060515365388,2.0240667166863795,0.7218964229585041,0.4472852984026352,0.35665643677019115,0.8231148142306102,1262.3615265765725,215111.96740184203,67549516.69497378,85350928.3329129,0.5828654242985061,0.05915571433100036,0.352,0.21352777719546898,0.102872191600987,1.308741949374992,10.049999999999999,0.4278323224718693,0.3250793650793651,0.08606642244178539,0.4321787286155803,0.6272896848096627,0.08760936752914374,0.24450688193689032,6.226377106994234,4.730981298916388,0.0042500310622648075,0.005129291907658553,0.11779003190336558,1623256.82489315,3.5664657499520014
Bldg_025_6St,San_Fernando_1971_Pacoima,6.0,1757236.410893677,25.206007389869953,1.499772555124449,0.5085192700648059,0.31318652089399057,0.33906425899533127,0.8984443167658247,1256.4947539012646,292872.7351489462,90287042.21106903,70659424.3390975,1.3333333333333333,0.058348096296313844,1.17,1.0361741213226916,0.47368625496262196,19.729249200797177,9.42,0.461649004640927,0.28054794520547943,0.5026879971437912,2.422839789998957,2.5465700639974966,0.28076453689862463,0.4296478608066592,5.345868970902577,3.2487290994832314,0.02336342635586713,0.03178752554167344,0.3632381193012694,10589141.17029261,15.091249092870436
Bldg_031_7St,Imperial_Valley_1979_Array6_scaled_0.26g,7.0,856890.734760222,22.75669864505952,1.4911929430096265,0.5226822901820123,0.3255666176728036,0.3505128512257438,0.8443472679464323,850.595879853297,122412.96210860314,46041581.58392334,53788220.09784441,0.7119578041500756,0.04318599737886953,0.26339999999999997,0.26823347494089234,0.1259599283434734,1.0924121950824885,11.25,0.4646807553227397,0.8192,0.153520099410924,0.5057352326812825,0.6016778741844003,0.08482153028586253,0.5828401648098862,1.820303885509798,3.209069723522189,0.006229225837335169,0.006611148986623407,0.11438151893797031,1129872.44362347,3.9364057478176653
Bldg_037_6St,El_Centro_1940_NS_scaled_0.49g,6.0,1519801.1629553218,18.1313458662842,0.9220273617851668,0.32867711576859315,0.20663916498060184,0.3564721931160815,0.8535992240019256,1138.9912613079553,253300.19382588696,185099389.56536832,214716992.93877366,0.7241242719727287,0.047878458494656856,0.4871999999999999,0.7653878044182246,0.26101657054381694,6.089775332399659,13.060000000000002,0.5341737574272261,0.7447272727272727,0.5017596952057941,1.287126831281451,1.3867822873887492,0.10590802399467772,1.0298844318673936,1.2380738500533246,1.7260813526781695,0.009838117930174993,0.010710130271816559,0.141574622114603,6949282.418322636,11.57461174616244
Bldg_024_10St,El_Centro_1940_NS_scaled_0.49g,10.0,1472843.4642766041,36.34044145556651,2.0004344400541227,0.717530599945387,0.4378108981506229,0.35868738588902416,0.8221546599291161,1100.4113401365657,147284.3464276604,58118273.295337185,70609529.29579926,0.5577347659360052,0.03745343326426224,0.4871999999999999,0.7653878044182246,0.26101657054381694,6.089775332399659,13.060000000000002,0.5341737574272261,0.7447272727272727,0.4835626255499193,1.2763709114133444,1.6033847132548802,0.4807147686626458,0.9925341246919528,2.686130229564862,3.744913358696126,0.022378449968553996,0.024568028596277252,0.6906886123249484,5783781.550395661,14.661161187167545
Bldg_014_5St,El_Centro_1940_NS,5.0,1593765.9396833987,19.810700551829953,0.8894792288713879,0.3088246908799503,0.19628714530869923,0.34719719230745977,0.8824903205928275,1185.9523662698816,318753.18793667975,186945021.86907646,186945021.86907646,1.0,0.025534123696712055,0.348,0.546705574584446,0.18644040753129837,3.1070282308161543,13.060000000000002,0.534173757427226,0.7447272727272727,0.4808239621766071,1.20131195359762,1.2562304412715453,0.09444377044927854,1.3816780522316296,1.1943690817364827,1.6651496193962085,0.007966555389396663,0.008457826823261187,0.1218133589210759,6786206.486294033,8.287933479884895
Bldg_040_5St,Imperial_Valley_1979_Array6,5.0,886610.9492362948,19.765736699798776,1.0612910403555909,0.38285605262008715,0.2551718244840761,0.36074558067672874,0.8574015036543967,871.8839148829684,177322.18984725897,67561726.4654356,78967512.31225075,0.6389089160579486,0.024267970004537443,0.439,0.4470557915681539,0.20993321390578878,3.03447831967358,11.25,0.4646807553227397,0.8192,0.44081171004854564,1.2724348350860089,1.1545682282148308,0.12341165409764862,1.0041269021606962,1.2955212894965709,2.283914339466202,0.010526879978191158,0.010696792628814893,0.16353747080504466,3339220.0145320403,10.176756046251302
Bldg_020_5St,Northridge_1994_Sylmar,5.0,431577.0521504538,15.320911780484215,0.7130741434112638,0.25501056678852646,0.16467834084054334,0.3576213906292907,0.8673366722282386,611.8190943589842,86315.41043009076,75660470.46042758,83114761.34278658,0.7757831833380477,0.058341659875327925,0.843,0.8309546252613713,0.3287478434080909,9.138133288190668,9.37,0.4931760280806555,0.8192,1.2180497548208116,1.781187102900975,1.7457456834292633,0.15398671765573785,1.4448988787909984,0.8704518352188279,1.4458815976648514,0.01755654234090845,0.017659298874313854,0.20391274677352983,4497448.785460911,19.726407091965253
Bldg_029_10St,El_Centro_1940_NS_scaled_0.21g,10.0,3306559.1027033487,40.85103354718929,2.8470338124293835,1.0055703560634366,0.6133007191000883,0.35319930226096613,0.8447518426005479,1671.293479517068,330655.91027033486,66673572.54055375,62546842.54886757,0.748278909461416,0.032311089590841974,0.2088,0.3280233447506678,0.11186424451877919,1.1185301630938156,13.060000000000002,0.5341737574272261,0.7447272727272727,0.1310253087449017,0.1955862664900089,0.5766558857595689,0.26400162717410147,0.6275158464794143,3.8229213789945335,5.329789741341334,0.01177738559698277,0.01329110233614747,0.3463032363387417,4050358.014292575,3.8598973130802863
Bldg_002_6St,Loma_Prieta_1989_Corralitos,6.0,650483.7733847327,22.938348273347064,1.3796942775133207,0.4892396143506448,0.30631666469100405,0.35460001706495536,0.857522015391217,746.8628765256442,108413.96223078878,35753014.44204229,40000000.0,0.787650722102115,0.04779139732158818,0.644,0.6861034364890142,0.3994006678649551,6.918654308054634,11.41,0.6811214742642783,1.0778947368421052,0.6543748122142905,0.9600632813250735,1.6249766568481303,0.30946430030398875,1.0161099568544882,1.2799898082398973,2.0256214634894816,0.020595089519648942,0.022385125777867276,0.40843913454577546,3611460.1011120803,13.30017788991331
Bldg_002_6St,Northridge_1994_Sylmar_scaled_0.51g,6.0,650483.7733847327,22.938348273347064,1.3796942775133207,0.4892396143506448,0.30631666469100405,0.35460001706495536,0.857522015391217,746.8628765256442,108413.96223078878,35753014.44204229,40000000.0,0.787650722102115,0.04779139732158818,0.5057999999999999,0.498572775156823,0.1972487060448539,3.289727983748639,9.37,0.49317602808065547,0.8192,0.3866511742893862,0.9338715359707351,1.0105992157407158,0.18286188477730175,0.7644349036959002,1.6841971161051277,2.7975696281970976,0.012169043488121888,0.013151916605921564,0.250041990165023,2019291.6123793458,8.391246219837551
Bldg_030_6St,Imperial_Valley_1979_Array6,6.0,803618.8831084707,23.230058635081644,0.9665504811036845,0.3495748231242845,0.22269020865239064,0.3616725975089393,0.8416871129757246,822.4327678639422,133936.48051807846,84360837.00216389,106695714.94751158,0.5813350525588545,0.04189785227596446,0.439,0.4470557915681539,0.20993321390578878,3.03447831967358,11.25,0.4646807553227397,0.8192,0.3414445229628517,0.9606435362286696,1.0362596928756813,0.07911184953189719,0.7777779566351976,1.179871192753521,2.080031225808729,0.005482714146866066,0.006277441600252148,0.11570554016070443,2231940.8618772104,10.417661227618446
Bldg_013_5St,ChiChi_1999_TCU068_scaled_0.72g,5.0,1315261.8799432397,20.03360101241618,1.3089278898694292,0.4557281832227655,0.2894843887416233,0.3481690525123016,0.8754262397221849,1073.0399628199511,263052.3759886479,71241185.83983777,75531053.48463854,0.8864078429497019,0.054416184732467,0.7168,0.9793056114621539,0.3918739507039827,11.287491908555028,18.89,0.7206483050886867,0.6206060606060606,0.6972800780888476,1.3829606661813671,1.4891782261779907,0.296776075452615,0.9727679660837718,2.1091123225435138,1.8163199450088845,0.02601627819387488,0.02652324376875298,0.3745766199263472,8026776.94818915,11.330483219110885
Bldg_020_5St,Loma_Prieta_1989_Corralitos_scaled_0.90g,5.0,431577.0521504538,15.320911780484215,0.7130741434112638,0.25501056678852646,0.16467834084054334,0.3576213906292907,0.8673366722282386,611.8190943589842,86315.41043009076,75660470.46042758,83114761.34278658,0.7757831833380477,0.058341659875327925,0.9015999999999998,0.9605448110846201,0.5591609350109363,13.560562443787077,11.41,0.6811214742642782,1.0778947368421052,1.4319782275641064,2.1483093557892126,1.9804847328000457,0.1808894435604174,1.5882633402441289,0.6615433947663093,1.046911851049036,0.02064003238290272,0.02233725794511437,0.23376029650124902,5688825.719004379,21.003239078073705
Bldg_013_5St,Northridge_1994_Sylmar,5.0,1315261.8799432397,20.03360101241618,1.3089278898694292,0.4557281832227655,0.2894843887416233,0.3481690525123016,0.8754262397221849,1073.0399628199511,263052.3759886479,71241185.83983777,75531053.48463854,0.8864078429497019,0.054416184732467,0.843,0.8309546252613713,0.3287478434080909,9.138133288190668,9.37,0.4931760280806555,0.8192,0.6004905606588761,1.3527928378314216,1.822596254856007,0.25559445381222556,0.7123256947317629,1.597812365563268,2.6540784939680058,0.022404956013825177,0.024104335413057353,0.34473706992251985,7294738.363521244,12.76002471634678
Bldg_023_4St,Imperial_Valley_1979_Array6_scaled_0.61g,4.0,766198.5056578394,14.085368853543702,0.6464204299712705,0.2384130320594705,0.16037881502662232,0.3688203853180608,0.8743349213046628,818.4828099282827,191549.62641445984,132243280.43540907,155581753.84682024,0.6999844411782463,0.030147286954925547,0.6145999999999999,0.6258781081954151,0.2939064994681046,5.947577506560213,11.25,0.46468075532273967,0.8192,0.9789993441273706,1.6504447644645455,1.6839274641573325,0.10137069262445982,1.5929048879390997,0.7890874389297735,1.3911065232781272,0.011739654230644084,0.012048666437590725,0.13723242750838627,6600941.398349749,15.559073382843362
Bldg_020_5St,Loma_Prieta_1989_Corralitos,5.0,431577.0521504538,15.320911780484215,0.7130741434112638,0.25501056678852646,0.16467834084054334,0.3576213906292907,0.8673366722282386,611.8190943589842,86315.41043009076,75660470.46042758,83114761.34278658,0.7757831833380477,0.058341659875327925,0.644,0.6861034364890142,0.3994006678649551,6.918654308054634,11.41,0.6811214742642783,1.0778947368421052,1.0228415911171853,1.5345066827065714,1.4146319520000334,0.12920674540029392,1.5882633402440764,0.6615433947663093,1.0469118510490358,0.01474288027350146,0.015955184246510525,0.1669716403580353,4063446.9421460503,15.002313627192716
Bldg_005_5St,ChiChi_1999_TCU068_scaled_0.31g,5.0,1054965.4097151533,19.818838538279376,0.8108817871991694,0.2855759554952941,0.18628453092568645,0.3521795161803908,0.8722298013627929,959.2561022795037,210993.08194303064,142976339.73852292,158130879.27603912,0.7604114451444064,0.038812025377841536,0.3072,0.4197024049123519,0.1679459788731353,2.073212799530516,18.89,0.7206483050886867,0.6206060606060606,0.7316186258417228,0.6516019460480252,0.6973660433054962,0.11952218398222882,2.381571047661858,1.3065966297642866,1.12521153726904,0.010532941914849351,0.01093054763246954,0.15369692060235654,6851202.46911951,9.334501176505873
Bldg_004_9St,Kobe_1995_NS_scaled_1.17g,9.0,1948649.445047211,34.52008614666971,1.8669862587577561,0.6258111713455994,0.3829180140447785,0.3351985952815731,0.8546009371985288,1290.4718679648695,216516.60500524566,87950131.45529062,87950131.45529062,1.0,0.04849082359697768,1.1676,1.489885267133405,0.5504295453472083,19.04897040911142,12.780000000000001,0.8720606558868952,0.7728301886792452,1.062799137379847,2.036450560875779,2.3313180192185516,0.9199772372634739,0.9102424951865768,2.4157781180215108,2.1408903682955525,0.05145209909366998,0.05365444879664072,1.2214246320046298,18099708.976874057,19.589431482166308
Bldg_032_3St,Loma_Prieta_1989_Corralitos_scaled_0.39g,3.0,889774.2410912409,11.958446292640017,0.3812673573069689,0.14020888130339432,0.10215875831193638,0.3677442577139072,0.9141135992098178,901.8618153620312,296591.4136970803,373326647.5121846,395291334.35178196,0.8888683614801923,0.03380330511289547,0.3864,0.4116620618934086,0.2396404007189732,2.4907155508996683,11.41,0.6811214742642783,1.0778947368421052,1.1036665786386153,0.6525776535975523,0.8284455252930628,0.03984094588498816,2.856279965420847,0.3537148334390825,0.559764112148717,0.005586859751761704,0.005212851512932836,0.048372739210268655,8213838.333673853,14.133649026751929
Bldg_011_5St,Imperial_Valley_1979_Array6_scaled_0.26g,5.0,1451852.277223199,20.06527884435787,0.894354941017543,0.30523291686505966,0.19519356971894125,0.34128834410841863,0.8825020573804334,1131.928717571005,290370.4554446398,172350178.34134805,172350178.34134805,1.0,0.05720067339243327,0.26339999999999997,0.26823347494089234,0.1259599283434734,1.0924121950824885,11.25,0.4646807553227397,0.8192,0.21280398076527057,0.5660126711072537,0.5508689470551661,0.0422451493091193,0.8079118480078611,1.0917418713593054,1.924665333722239,0.003865909184989314,0.004069586564806413,0.05329332312572493,2814733.118442864,4.530596311124819
Bldg_004_9St,Loma_Prieta_1989_Corralitos_scaled_0.39g,9.0,1948649.445047211,34.52008614666971,1.8669862587577561,0.6258111713455994,0.3829180140447785,0.3351985952815731,0.8546009371985288,1290.4718679648695,216516.60500524566,87950131.45529062,87950131.45529062,1.0,0.04849082359697768,0.3864,0.4116620618934086,0.2396404007189732,2.4907155508996683,11.41,0.6811214742642783,1.0778947368421052,0.28039614551740843,0.6805546708288142,0.9169297011065859,0.24269174813106767,0.7256629024777651,1.7320673299022151,2.741047418559816,0.013574503174901026,0.014652414160710168,0.30220357762915245,4942822.786655609,5.097650969604073
Bldg_021_8St,San_Fernando_1971_Pacoima,8.0,2522754.82118266,32.32951534566002,2.6102427070001735,0.9254001036349783,0.5728010687995481,0.35452645884355183,0.8357723193147679,1452.0498090500698,315344.3526478325,48088571.83372548,57616640.05790957,0.6692598452597174,0.02453858408069792,1.17,1.0361741213226916,0.47368625496262196,19.729249200797177,9.42,0.461649004640927,0.28054794520547943,0.5820859308036267,1.1744507459720888,3.2182294710071235,0.9861215506201737,0.4975093425672023,9.304087773975228,5.654171634206022,0.043823955117886365,0.05911000535524152,1.316369255920108,13131292.42296345,14.413782530332918
Bldg_014_5St,El_Centro_1940_NS_scaled_0.49g,5.0,1593765.9396833987,19.810700551829953,0.8894792288713879,0.3088246908799503,0.19628714530869923,0.34719719230745977,0.8824903205928275,1185.9523662698816,318753.18793667975,186945021.86907646,186945021.86907646,1.0,0.025534123696712055,0.4871999999999999,0.7653878044182246,0.26101657054381694,6.089775332399659,13.060000000000002,0.5341737574272261,0.7447272727272727,0.6731535470472592,1.6818367350366767,1.7587226177801618,0.13222127862899188,1.3816780522316487,1.1943690817364827,1.665149619396208,0.011153177545155478,0.011840957552565706,0.17053870248950462,9500689.08081138,11.60310687183841
Bldg_014_5St,San_Fernando_1971_Pacoima_scaled_0.70g,5.0,1593765.9396833987,19.810700551829953,0.8894792288713879,0.3088246908799503,0.19628714530869923,0.34719719230745977,0.8824903205928275,1185.9523662698816,318753.18793667975,186945021.86907646,186945021.86907646,1.0,0.025534123696712055,0.7020000000000001,0.621704472793615,0.284211752977573,7.102529712286988,9.42,0.46164900464092706,0.28054794520547943,0.7323889384832246,1.85989978722085,2.0787456164904623,0.14387405697787822,1.0432890861584396,3.170507016973209,1.926743521440557,0.012134622032137768,0.012370709498031617,0.1914376311693818,9468580.69283557,15.034287607587531
Bldg_016_7St,El_Centro_1940_NS_scaled_0.49g,7.0,911569.7535034107,29.227888440420674,1.3746005834113613,0.46292984498821277,0.2906324665083849,0.33677407864861714,0.8642017826515197,887.5698316126196,130224.25050048725,60830739.205434665,60830739.20543465,1.0,0.02701321079557354,0.4871999999999999,0.7653878044182246,0.26101657054381694,6.089775332399659,13.060000000000002,0.5341737574272261,0.7447272727272727,0.6064531648494272,1.3928148049359448,1.752513650170187,0.28435477800999037,1.2447725058485783,1.845777150576779,2.573321066972542,0.018445928113766222,0.020303891578047798,0.3712048165555702,5157055.2070936775,13.138726949693314
Bldg_021_8St,Kobe_1995_NS,8.0,2522754.82118266,32.32951534566002,2.6102427070001735,0.9254001036349783,0.5728010687995481,0.35452645884355183,0.8357723193147679,1452.0498090500698,315344.3526478325,48088571.83372548,57616640.05790957,0.6692598452597174,0.02453858408069792,0.834,1.0642037622381462,0.3931639609622956,9.718862453628272,12.780000000000001,0.8720606558868959,0.7728301886792452,0.6444386068719472,1.4404636607283277,2.3907889268188254,1.091147633311187,0.7727081617169631,3.3775113152101857,2.993189395003179,0.04851834942101897,0.06569116626328277,1.377528494032462,14411436.59848006,14.012533977469014
Bldg_018_10St,El_Centro_1940_NS,10.0,2641541.8673443226,33.10622970315683,2.979394789620447,0.9999769202777022,0.6053898786112969,0.33563088844801664,0.8685081886935473,1514.6619235213475,264154.18673443224,53343084.94813778,41033142.2677983,1.3333333333333333,0.03095844509284535,0.348,0.546705574584446,0.18644040753129837,3.1070282308161543,13.060000000000002,0.534173757427226,0.7447272727272727,0.22389869437487814,0.33515832858567396,0.9413498656982965,0.49378077588914465,0.643387052801374,4.000652183328237,5.57757611300542,0.031688737080376894,0.031065067122928867,0.6498397750010017,4938226.637418521,6.143386396586285
Bldg_001_9St,El_Centro_1940_NS_scaled_0.49g,9.0,1527742.1397965779,38.35519513262496,2.1413036512544052,0.7346964083904504,0.4502992706525202,0.3431070637553226,0.845007649463895,1136.201476207652,169749.1266440642,50592313.74146908,55675323.882297106,0.8174052780878655,0.05395655297064335,0.4871999999999999,0.7653878044182246,0.26101657054381694,6.089775332399659,13.060000000000002,0.5341737574272261,0.7447272727272727,0.45821933544638493,1.1305821502394144,1.2449373884744017,0.5221379670153001,0.940515877353007,2.8752856645261793,4.008627570114447,0.02072783616714401,0.027069133719397204,0.6886099788449906,6374654.931319952,11.525761361068493
Bldg_005_5St,Kobe_1995_NS_scaled_1.17g,5.0,1054965.4097151533,19.818838538279376,0.8108817871991694,0.2855759554952941,0.18628453092568645,0.3521795161803908,0.8722298013627929,959.2561022795037,210993.08194303064,142976339.73852292,158130879.27603912,0.7604114451444064,0.038812025377841536,1.1676,1.489885267133405,0.5504295453472083,19.04897040911142,12.780000000000001,0.8720606558868952,0.7728301886792452,2.84983917794124,2.221070963956914,2.085794111764064,0.4660754435465293,2.4407666820325797,1.0492366875379877,0.9298456268210997,0.04102846683732596,0.04285322203331054,0.5999214940927432,26860145.573329475,38.94667000014489
Bldg_015_10St,San_Fernando_1971_Pacoima,10.0,2816481.9947992526,40.98256473151777,1.8319490809782595,0.6193726605439063,0.3773880973810691,0.3380949104836264,0.8478015197669436,1545.2565209657066,281648.1994799253,143070004.16746855,143070004.16746855,1.0,0.037694089189244176,1.17,1.0361741213226916,0.47368625496262196,19.729249200797177,9.42,0.461649004640927,0.28054794520547943,0.7271845739393509,1.9544843155599714,2.568994812130191,0.60637360434092,0.6215252768712402,6.529896626533835,3.9682725676039503,0.02904148232350592,0.03632115562967439,0.7366949510462961,21296458.156672183,19.50562525243237
Bldg_019_10St,Kobe_1995_NS_scaled_0.50g,10.0,2052578.4585914456,37.07858698432766,3.118454611073725,1.0899438674104054,0.6686626239905169,0.349514103408779,0.8291539226026338,1304.5702282325642,205257.84585914455,33968527.97319341,40000000.0,0.6984263986596704,0.03693883769232474,0.5004,0.638522257342888,0.23589837657737536,3.4987904833061783,12.780000000000001,0.8720606558868951,0.7728301886792452,0.41927672285853823,0.7902468197867845,0.9672545928774088,1.0129659906754878,0.837883139205712,4.035109726242857,3.5759606743205525,0.04204862637193539,0.04753837615613013,1.393342548320428,6688164.630870554,9.542213624395055
Bldg_011_5St,Northridge_1994_Sylmar_scaled_0.51g,5.0,1451852.277223199,20.06527884435787,0.894354941017543,0.30523291686505966,0.19519356971894125,0.34128834410841863,0.8825020573804334,1131.928717571005,290370.4554446398,172350178.34134805,172350178.34134805,1.0,0.05720067339243327,0.5057999999999999,0.498572775156823,0.1972487060448539,3.289727983748639,9.37,0.49317602808065547,0.8192,0.755810402592206,0.9272824968628982,1.014548771640347,0.15009717759771785,1.4942870751131003,1.0917418713593054,1.8134598806397733,0.013730449811061668,0.013055608559527688,0.1908058498305728,9029923.115955833,10.543988060400984
Bldg_009_9St,San_Fernando_1971_Pacoima_scaled_0.70g,9.0,1936007.7066165784,33.37060515365388,2.0240667166863795,0.7218964229585041,0.4472852984026352,0.35665643677019115,0.8231148142306102,1262.3615265765725,215111.96740184203,67549516.69497378,85350928.3329129,0.5828654242985061,0.05915571433100036,0.7020000000000001,0.621704472793615,0.284211752977573,7.102529712286988,9.42,0.46164900464092706,0.28054794520547943,0.35436497224225555,0.7573434144734165,1.192069594204716,0.36014181978869353,0.5047934077525007,7.214690933501256,4.3844277716155995,0.017498835163351656,0.019283664483497026,0.4758109008773448,5651611.749878627,7.0173526377150885
Bldg_001_9St,Kobe_1995_NS_scaled_1.17g,9.0,1527742.1397965779,38.35519513262496,2.1413036512544052,0.7346964083904504,0.4502992706525202,0.3431070637553226,0.845007649463895,1136.201476207652,169749.1266440642,50592313.74146908,55675323.882297106,0.8174052780878655,0.05395655297064335,1.1676,1.489885267133405,0.5504295453472083,19.04897040911142,12.780000000000001,0.8720606558868952,0.7728301886792452,0.7025792805187252,1.8478578443140183,2.128955466010655,0.8015164284050292,0.6017294283305287,2.7707298221797725,2.455452653206417,0.03178161001616228,0.04234020480292172,1.093338471991944,10428794.115898436,16.653711987129565
Bldg_003_7St,Northridge_1994_Sylmar,7.0,1916270.4866929152,21.004371166760656,1.7280142136463181,0.5969958868135233,0.3709851306358629,0.34548088904534535,0.8517525842969699,1277.5712658214816,273752.92667041643,76957987.31765112,83542359.52837032,0.8423704513999704,0.03410275425336676,0.843,0.8309546252613713,0.3287478434080909,9.138133288190668,9.37,0.4931760280806555,0.8192,0.6813298945220709,1.691459718347478,2.6637574046389534,0.505364247659346,0.8082205154472966,2.109392350642478,3.5038487583660767,0.04350408211909407,0.04655637974325492,0.6855018077619774,11670718.208311671,17.66382732353957
Bldg_029_10St,Friuli_1976_Tolmezzo_scaled_0.21g,10.0,3306559.1027033487,40.85103354718929,2.8470338124293835,1.0055703560634366,0.6133007191000883,0.35319930226096613,0.8447518426005479,1671.293479517068,330655.91027033486,66673572.54055375,62546842.54886757,0.748278909461416,0.032311089590841974,0.2112,0.12811666631728136,0.0617233149605922,0.471147101774997,10.049999999999999,0.42783232247186925,0.3250793650793651,0.0613752632677756,0.1293810130660211,0.372213087502065,0.12353540081395735,0.29060257229060416,8.757965340969294,6.654555214482611,0.005516797850316474,0.005486246436737492,0.16598408164380546,1614689.4989746003,1.4659590361964379
Bldg_035_8St,Imperial_Valley_1979_Array6_scaled_0.26g,8.0,2170485.1346629397,29.41406488338083,1.5058458369512058,0.5067389805174635,0.3116778724217766,0.3365145143565473,0.8582462946298408,1364.8482788843671,271310.64183286746,136007095.16231158,136007095.16231158,1.0,0.05362839943511724,0.26339999999999997,0.26823347494089234,0.1259599283434734,1.0924121950824885,11.25,0.4646807553227397,0.8192,0.14536726314665907,0.5466063018175659,0.5890934445241258,0.08191456077521464,0.5518878631232311,1.8381907189345772,3.2406029724758763,0.005310426695528594,0.0062809632164293324,0.10865860707620116,3140891.0655448916,3.404757500211961
Bldg_026_8St,ChiChi_1999_TCU068_scaled_0.31g,8.0,1015166.0411593535,27.05742871588174,1.3951200061550888,0.48102600867032974,0.2939048899595255,0.3447918505563,0.8676064061736877,938.4905756798182,126895.75514491918,72720867.3625144,62594538.81860429,1.073553100159606,0.03644826883488745,0.3072,0.4197024049123519,0.1679459788731353,2.073212799530516,18.89,0.7206483050886867,0.6206060606060606,0.33378015986203496,0.6742727136512597,0.7507198773328891,0.16139156278222447,1.0865239578842285,2.2479961036678677,1.9359235237268728,0.012423196334571465,0.012262527951625345,0.20622103442272752,2845690.650597665,5.518940015825319
Bldg_037_6St,Northridge_1994_Sylmar,6.0,1519801.1629553218,18.1313458662842,0.9220273617851668,0.32867711576859315,0.20663916498060184,0.3564721931160815,0.8535992240019256,1138.9912613079553,253300.19382588696,185099389.56536832,214716992.93877366,0.7241242719727287,0.047878458494656856,0.843,0.8309546252613713,0.3287478434080909,9.138133288190668,9.37,0.4931760280806555,0.8192,1.25841467950021,1.8388104103344058,1.5672927958067087,0.26557324563829854,1.4927813517202966,1.1255216818666587,1.8695705169886634,0.02467402651165248,0.02525273420816057,0.3595705991682742,14698332.63721695,23.48087195358183
Bldg_005_5St,El_Centro_1940_NS_scaled_0.21g,5.0,1054965.4097151533,19.818838538279376,0.8108817871991694,0.2855759554952941,0.18628453092568645,0.3521795161803908,0.8722298013627929,959.2561022795037,210993.08194303064,142976339.73852292,158130879.27603912,0.7604114451444064,0.038812025377841536,0.2088,0.3280233447506678,0.11186424451877919,1.1185301630938156,13.060000000000002,0.5341737574272261,0.7447272727272727,0.3702989991198269,0.644561677477675,0.6448653722419736,0.06033048046079945,1.7734626394627724,1.0888305248035721,1.518011276152294,0.005331107917555643,0.005849681955607515,0.07603873063060107,3666545.9778768066,6.0129771922340645
Bldg_027_8St,Kobe_1995_NS_scaled_0.50g,8.0,1236762.7935664188,33.45874608638884,1.9546697610790964,0.6731664591962702,0.41557814763449613,0.3443888438856502,0.8430406960968102,1021.0981179078087,154595.34919580235,44481783.16310389,50477108.5258839,0.7624536928573992,0.03506955879751763,0.5004,0.638522257342888,0.23589837657737536,3.4987904833061783,12.780000000000001,0.8720606558868951,0.7728301886792452,0.4268546947367652,0.9678117831067561,1.1818983774224656,0.40498412531296324,0.8530269678992111,2.5292357748337917,2.2414378494018585,0.020673858804896268,0.022294452597784356,0.5465980930304942,4706639.734617206,9.107269021234721
Bldg_009_9St,ChiChi_1999_TCU068,9.0,1936007.7066165784,33.37060515365388,2.0240667166863795,0.7218964229585041,0.4472852984026352,0.35665643677019115,0.8231148142306102,1262.3615265765725,215111.96740184203,67549516.69497378,85350928.3329129,0.5828654242985061,0.05915571433100036,0.512,0.6995040081872533,0.27990996478855884,5.758924443140322,18.89,0.7206483050886865,0.6206060606060606,0.5428639022293238,0.9904657107539363,1.0060528330744467,0.5519270118579692,1.060281059041648,3.26143562747317,2.808674775745553,0.02680706809461582,0.02973319928287679,0.7219442247446154,8325005.122185524,7.890947936550681
Bldg_014_5St,Friuli_1976_Tolmezzo,5.0,1593765.9396833987,19.810700551829953,0.8894792288713879,0.3088246908799503,0.19628714530869923,0.34719719230745977,0.8824903205928275,1185.9523662698816,318753.18793667975,186945021.86907646,186945021.86907646,1.0,0.025534123696712055,0.352,0.21352777719546898,0.102872191600987,1.308741949374992,10.049999999999999,0.4278323224718693,0.3250793650793651,0.3931774711615713,1.06638826598081,0.6539797397823526,0.07718169832414382,1.1169814521635548,2.7361909872508514,2.07903700153434,0.006514380206203369,0.006959083543230573,0.10028444812440504,5675002.416087529,7.812632241477192
Bldg_029_10St,Imperial_Valley_1979_Array6_scaled_0.61g,10.0,3306559.1027033487,40.85103354718929,2.8470338124293835,1.0055703560634366,0.6133007191000883,0.35319930226096613,0.8447518426005479,1671.293479517068,330655.91027033486,66673572.54055375,62546842.54886757,0.748278909461416,0.032311089590841974,0.6145999999999999,0.6258781081954151,0.2939064994681046,5.947577506560213,11.25,0.46468075532273967,0.8192,0.3062593632959973,0.467220695019848,1.0232610301499634,0.6159472242852632,0.4983068065343269,3.475383071813212,6.1268597414842425,0.027528533599915982,0.030317474800173758,0.7856415580410196,9239009.972561127,6.113149809239211
Bldg_039_3St,Northridge_1994_Sylmar_scaled_1.18g,3.0,532860.2944545313,11.890482304305188,0.4107129396322553,0.15876053972412202,0.11447839721976313,0.3865486679486486,0.8958001841302572,690.8953248416667,177620.09815151044,183096848.05044726,214400511.75447863,0.7079889087216464,0.03476921926039584,1.1802,1.163336475365919,0.4602469807713281,17.910741244853703,9.37,0.4931760280806554,0.8192,2.9797722785249867,2.8535869048733904,2.5180769567025996,0.12396100557346289,2.5248028118327293,0.5013585688870303,0.8327917746340382,0.014570187361869274,0.016782759217649972,0.1629178250784524,14568189.89053275,45.624357019347954
Bldg_022_7St,Kobe_1995_NS,7.0,1284556.1704486806,22.23148050221301,1.98084884368781,0.6726415516435851,0.4158103425373049,0.3395723776637629,0.8648236794908523,1053.9993329410158,183508.02434981152,41197991.83998627,41197991.83998628,1.0,0.040533046747695714,0.834,1.0642037622381462,0.3931639609622956,9.718862453628272,12.780000000000001,0.8720606558868959,0.7728301886792452,0.6575330957405262,1.5426524761232372,1.861234847708634,0.6406861715817136,0.7884089876984727,2.563110076060887,2.2714576449653765,0.05474854377086584,0.0601761587799802,0.8437877976420258,7873554.802662458,13.275334182451635
Bldg_020_5St,ChiChi_1999_TCU068,5.0,431577.0521504538,15.320911780484215,0.7130741434112638,0.25501056678852646,0.16467834084054334,0.3576213906292907,0.8673366722282386,611.8190943589842,86315.41043009076,75660470.46042758,83114761.34278658,0.7757831833380477,0.058341659875327925,0.512,0.6995040081872533,0.27990996478855884,5.758924443140322,18.89,0.7206483050886865,0.6206060606060606,1.0053932624926898,0.8595621452637577,0.8730067719455987,0.12694473224330183,1.9636587158060348,1.148996422488853,0.9894897946419363,0.014491386178895196,0.014855536662461637,0.16109614250195714,3783390.0312508345,12.377917691510772
Bldg_035_8St,San_Fernando_1971_Pacoima_scaled_0.70g,8.0,2170485.1346629397,29.41406488338083,1.5058458369512058,0.5067389805174635,0.3116778724217766,0.3365145143565473,0.8582462946298408,1364.8482788843671,271310.64183286746,136007095.16231158,136007095.16231158,1.0,0.05362839943511724,0.7020000000000001,0.621704472793615,0.284211752977573,7.102529712286988,9.42,0.46164900464092706,0.28054794520547943,0.29831221118051127,1.5180506540444787,1.5553785093294776,0.1679604001163593,0.424946169772808,5.367516899288966,3.2618847258697334,0.010897674590302409,0.015931595655767374,0.22109624705750872,7966836.411998681,10.461150984075102
Bldg_002_6St,El_Centro_1940_NS_scaled_0.21g,6.0,650483.7733847327,22.938348273347064,1.3796942775133207,0.4892396143506448,0.30631666469100405,0.35460001706495536,0.857522015391217,746.8628765256442,108413.96223078878,35753014.44204229,40000000.0,0.787650722102115,0.04779139732158818,0.2088,0.3280233447506678,0.11186424451877919,1.1185301630938156,13.060000000000002,0.5341737574272261,0.7447272727272727,0.20500270723906946,0.509127253558498,0.5953520381790786,0.09686923663965584,0.9818137319878805,1.8526168277156407,2.5828567171821155,0.006452034871379509,0.007891687135468834,0.13021733334188837,1097122.771328092,3.9876990397375836
Bldg_004_9St,ChiChi_1999_TCU068,9.0,1948649.445047211,34.52008614666971,1.8669862587577561,0.6258111713455994,0.3829180140447785,0.3351985952815731,0.8546009371985288,1290.4718679648695,216516.60500524566,87950131.45529062,87950131.45529062,1.0,0.04849082359697768,0.512,0.6995040081872533,0.27990996478855884,5.758924443140322,18.89,0.7206483050886865,0.6206060606060606,0.5897771276336221,1.1586515855106299,1.474906040200409,0.5107703990681352,1.151908452409418,3.0083274677249,2.590703739361457,0.028552216638975027,0.02691753967093263,0.6837298621278167,9080321.303158112,12.67414157785603
Bldg_001_9St,Loma_Prieta_1989_Corralitos_scaled_0.39g,9.0,1527742.1397965779,38.35519513262496,2.1413036512544052,0.7346964083904504,0.4502992706525202,0.3431070637553226,0.845007649463895,1136.201476207652,169749.1266440642,50592313.74146908,55675323.882297106,0.8174052780878655,0.05395655297064335,0.3864,0.4116620618934086,0.2396404007189732,2.4907155508996683,11.41,0.6811214742642783,1.0778947368421052,0.2392446144338273,0.620782667690478,0.7041576871909423,0.2735196059861332,0.6191630808328864,1.9865610045817237,3.143791132950786,0.01082237869125484,0.013644878695039234,0.3501626469587144,3355536.9268346825,5.922934978198322
Bldg_016_7St,San_Fernando_1971_Pacoima_scaled_1.20g,7.0,911569.7535034107,29.227888440420674,1.3746005834113613,0.46292984498821277,0.2906324665083849,0.33677407864861714,0.8642017826515197,887.5698316126196,130224.25050048725,60830739.205434665,60830739.20543465,1.0,0.02701321079557354,1.2,1.062742688536094,0.48583205637192123,20.75397680557232,9.42,0.461649004640927,0.28054794520547943,0.9264851713014179,2.885998595610638,4.943713911046386,0.43433890773777284,0.772070976084515,4.89969934516745,2.97758810176691,0.028180047296050448,0.03762790671612758,0.4895421968988227,9557241.355260355,23.07442906526034
Bldg_014_5St,Northridge_1994_Sylmar,5.0,1593765.9396833987,19.810700551829953,0.8894792288713879,0.3088246908799503,0.19628714530869923,0.34719719230745977,0.8824903205928275,1185.9523662698816,318753.18793667975,186945021.86907646,186945021.86907646,1.0,0.025534123696712055,0.843,0.8309546252613713,0.3287478434080909,9.138133288190668,9.37,0.4931760280806555,0.8192,1.5033631585584686,2.115333869721129,2.2143552152215773,0.29538406005359746,1.7833489425367361,1.0857900743058932,1.803573527961338,0.024908546193950564,0.027294038667876774,0.37227664009616485,20448810.82634173,20.19445938318718
Bldg_022_7St,Friuli_1976_Tolmezzo_scaled_0.49g,7.0,1284556.1704486806,22.23148050221301,1.98084884368781,0.6726415516435851,0.4158103425373049,0.3395723776637629,0.8648236794908523,1053.9993329410158,183508.02434981152,41197991.83998627,41197991.83998628,1.0,0.040533046747695714,0.4927999999999999,0.2989388880736565,0.14402106824138175,2.5651342207749837,10.049999999999999,0.42783232247186936,0.3250793650793651,0.1277343412261122,0.8972994120893271,1.0659759483968136,0.12452444480035729,0.2592011794361044,6.093431501578713,4.629965385137664,0.010635615479985181,0.013344418311746277,0.17235332111888008,1746007.2397000764,5.146203805217066
Bldg_021_8St,San_Fernando_1971_Pacoima_scaled_1.20g,8.0,2522754.82118266,32.32951534566002,2.6102427070001735,0.9254001036349783,0.5728010687995481,0.35452645884355183,0.8357723193147679,1452.0498090500698,315344.3526478325,48088571.83372548,57616640.05790957,0.6692598452597174,0.02453858408069792,1.2,1.062742688536094,0.48583205637192123,20.75397680557232,9.42,0.461649004640927,0.28054794520547943,0.5970112110805758,1.2045648676636895,3.3007481753919157,1.011406718584678,0.49750934256714646,9.304087773975228,5.654171634206022,0.044947646274750196,0.06062564651819581,1.3501223137641911,13467992.228678739,14.783366697776895
Bldg_022_7St,San_Fernando_1971_Pacoima,7.0,1284556.1704486806,22.23148050221301,1.98084884368781,0.6726415516435851,0.4158103425373049,0.3395723776637629,0.8648236794908523,1053.9993329410158,183508.02434981152,41197991.83998627,41197991.83998628,1.0,0.040533046747695714,1.17,1.0361741213226916,0.47368625496262196,19.729249200797177,9.42,0.461649004640927,0.28054794520547943,0.6957894902861324,1.4691982797880556,2.1836848279038907,0.6781205779134644,0.5946918720394294,7.060642851035651,4.290811468831227,0.05793390722232342,0.06276012746693868,0.8502974557650446,8211645.825379911,12.332400571045316
Bldg_019_10St,Friuli_1976_Tolmezzo,10.0,2052578.4585914456,37.07858698432766,3.118454611073725,1.0899438674104054,0.6686626239905169,0.349514103408779,0.8291539226026338,1304.5702282325642,205257.84585914455,33968527.97319341,40000000.0,0.6984263986596704,0.03693883769232474,0.352,0.21352777719546898,0.102872191600987,1.308741949374992,10.049999999999999,0.4278323224718693,0.3250793650793651,0.09090130151189993,0.24147763471135017,0.6699786551870435,0.21953185996783645,0.25824233384062484,9.592902368049057,7.288964501457854,0.00911635360517293,0.012125797220336345,0.30346363796682996,1556704.0324481681,2.610947965789373
Bldg_005_5St,Friuli_1976_Tolmezzo_scaled_0.21g,5.0,1054965.4097151533,19.818838538279376,0.8108817871991694,0.2855759554952941,0.18628453092568645,0.3521795161803908,0.8722298013627929,959.2561022795037,210993.08194303064,142976339.73852292,158130879.27603912,0.7604114451444064,0.038812025377841536,0.2112,0.12811666631728136,0.0617233149605922,0.471147101774997,10.049999999999999,0.42783232247186925,0.3250793650793651,0.27280719281538846,0.4522003112603841,0.36162471541280056,0.0445180390829411,1.2917007235577105,2.49441174773182,1.895326146734709,0.003927541227605699,0.003965271559956506,0.05817960442764636,2485408.711051522,4.579534995447892
Bldg_015_10St,Loma_Prieta_1989_Corralitos_scaled_0.39g,10.0,2816481.9947992526,40.98256473151777,1.8319490809782595,0.6193726605439063,0.3773880973810691,0.3380949104836264,0.8478015197669436,1545.2565209657066,281648.1994799253,143070004.16746855,143070004.16746855,1.0,0.037694089189244176,0.3864,0.4116620618934086,0.2396404007189732,2.4907155508996683,11.41,0.6811214742642783,1.0778947368421052,0.32403880599915547,0.7606597996019309,1.05252966055032,0.27003054331812704,0.8386097463746259,1.69956213567319,2.689606994049133,0.01294109857910614,0.01422278941135164,0.3373482886295426,8339355.791932599,6.0760281718805125
Bldg_015_10St,Friuli_1976_Tolmezzo,10.0,2816481.9947992526,40.98256473151777,1.8319490809782595,0.6193726605439063,0.3773880973810691,0.3380949104836264,0.8478015197669436,1545.2565209657066,281648.1994799253,143070004.16746855,143070004.16746855,1.0,0.037694089189244176,0.352,0.21352777719546898,0.102872191600987,1.308741949374992,10.049999999999999,0.4278323224718693,0.3250793650793651,0.14323791336766303,0.6086214285466425,0.7795075587589231,0.11933708584544823,0.40692589024904274,5.635390239337419,4.281932394434068,0.005720475211111671,0.006307786946210121,0.14716385865573595,3698492.4744909927,3.723410105469511
Bldg_002_6St,Kobe_1995_NS_scaled_1.17g,6.0,650483.7733847327,22.938348273347064,1.3796942775133207,0.4892396143506448,0.30631666469100405,0.35460001706495536,0.857522015391217,746.8628765256442,108413.96223078878,35753014.44204229,40000000.0,0.787650722102115,0.04779139732158818,1.1676,1.489885267133405,0.5504295453472083,19.04897040911142,12.780000000000001,0.8720606558868952,0.7728301886792452,1.4437170847654839,2.2715142899389775,2.330231515944591,0.6825460331967229,1.2364826008611545,1.7852489430714356,1.5821081574998435,0.045437999823341006,0.05227309911593489,0.909716951972343,7350180.983722099,22.968317265441083
Bldg_003_7St,Northridge_1994_Sylmar_scaled_0.51g,7.0,1916270.4866929152,21.004371166760656,1.7280142136463181,0.5969958868135233,0.3709851306358629,0.34548088904534535,0.8517525842969699,1277.5712658214816,273752.92667041643,76957987.31765112,83542359.52837032,0.8423704513999704,0.03410275425336676,0.5057999999999999,0.498572775156823,0.1972487060448539,3.289727983748639,9.37,0.49317602808065547,0.8192,0.4087979367132627,1.0148758310084605,1.5982544427833911,0.3032185485956225,0.8082205154473364,2.109392350642478,3.5038487583660767,0.026102449271457728,0.02793382784595918,0.4113010846572025,7002430.924988564,10.598296394127853
Bldg_021_8St,El_Centro_1940_NS_scaled_0.21g,8.0,2522754.82118266,32.32951534566002,2.6102427070001735,0.9254001036349783,0.5728010687995481,0.35452645884355183,0.8357723193147679,1452.0498090500698,315344.3526478325,48088571.83372548,57616640.05790957,0.6692598452597174,0.02453858408069792,0.2088,0.3280233447506678,0.11186424451877919,1.1185301630938156,13.060000000000002,0.5341737574272261,0.7447272727272727,0.13564367229219546,0.2634953230601181,0.5753808537858613,0.22959273018843748,0.6496344458438479,3.5049645723879284,4.886504944705719,0.010212310402953007,0.01399701090010536,0.29619410963310594,3259076.7435150295,3.078159148225897
Bldg_014_5St,Imperial_Valley_1979_Array6_scaled_0.26g,5.0,1593765.9396833987,19.810700551829953,0.8894792288713879,0.3088246908799503,0.19628714530869923,0.34719719230745977,0.8824903205928275,1185.9523662698816,318753.18793667975,186945021.86907646,186945021.86907646,1.0,0.025534123696712055,0.26339999999999997,0.26823347494089234,0.1259599283434734,1.0924121950824885,11.25,0.4646807553227397,0.8192,0.30297325801114383,0.8838800092304057,0.8050269465450005,0.059561534896852265,1.1502401594956106,1.0857900743058932,1.9141727275828504,0.005019827278419218,0.005667526357402887,0.07451236765524163,4718068.466552672,6.362691848276489
Bldg_033_6St,Loma_Prieta_1989_Corralitos_scaled_0.39g,6.0,470835.12233445,22.287920016752828,0.9424337011627946,0.3261489219395039,0.2033903163261337,0.34607094540135236,0.865772791165726,638.4639676930507,78472.520389075,56818952.49859368,61590430.563559696,0.8450578110493322,0.04751138868384332,0.3864,0.4116620618934086,0.2396404007189732,2.4907155508996683,11.41,0.6811214742642783,1.0778947368421052,0.5220543154054718,0.9621057812350403,0.8298401960631036,0.11516248042840982,1.3510722448381773,0.874328140727202,1.3836499607955774,0.0076990978555368525,0.009606904496338399,0.14698407962866925,2326813.631747318,7.7163247074164145
Bldg_035_8St,ChiChi_1999_TCU068_scaled_0.31g,8.0,2170485.1346629397,29.41406488338083,1.5058458369512058,0.5067389805174635,0.3116778724217766,0.3365145143565473,0.8582462946298408,1364.8482788843671,271310.64183286746,136007095.16231158,136007095.16231158,1.0,0.05362839943511724,0.3072,0.4197024049123519,0.1679459788731353,2.073212799530516,18.89,0.7206483050886867,0.6206060606060606,0.2919946660764473,0.5605955472570947,0.7885535478428627,0.1644258599358787,0.9505034703009353,2.426411748993642,2.089571051951463,0.010666887689286185,0.010115288274713818,0.2105457679318099,5058303.555154579,4.398329265820946
Bldg_009_9St,Kobe_1995_NS_scaled_0.50g,9.0,1936007.7066165784,33.37060515365388,2.0240667166863795,0.7218964229585041,0.4472852984026352,0.35665643677019115,0.8231148142306102,1262.3615265765725,215111.96740184203,67549516.69497378,85350928.3329129,0.5828654242985061,0.05915571433100036,0.5004,0.638522257342888,0.23589837657737536,3.4987904833061783,12.780000000000001,0.8720606558868951,0.7728301886792452,0.32942553670112457,0.7498480357960916,0.8851405713302783,0.3343686799259311,0.6583244138711523,2.6190316402436062,2.321015978673963,0.01626730522730894,0.019489814031955665,0.44631816161315585,6167902.746192532,6.292036417211136
Bldg_018_10St,ChiChi_1999_TCU068_scaled_0.72g,10.0,2641541.8673443226,33.10622970315683,2.979394789620447,0.9999769202777022,0.6053898786112969,0.33563088844801664,0.8685081886935473,1514.6619235213475,264154.18673443224,53343084.94813778,41033142.2677983,1.3333333333333333,0.03095844509284535,0.7168,0.9793056114621539,0.3918739507039827,11.287491908555028,18.89,0.7206483050886867,0.6206060606060606,0.64313640675753,1.2885906869759902,2.1024783269840643,1.4175354942594476,0.8972327103202149,4.800782619993885,4.1343256739551855,0.09102411497958424,0.10026927294587645,1.7402003816593778,15939202.468693443,12.637775633655849
Bldg_004_9St,Loma_Prieta_1989_Corralitos,9.0,1948649.445047211,34.52008614666971,1.8669862587577561,0.6258111713455994,0.3829180140447785,0.3351985952815731,0.8546009371985288,1290.4718679648695,216516.60500524566,87950131.45529062,87950131.45529062,1.0,0.04849082359697768,0.644,0.6861034364890142,0.3994006678649551,6.918654308054634,11.41,0.6811214742642783,1.0778947368421052,0.46732690919570385,1.134257784714676,1.5282161685109732,0.4044862468851326,0.725662902477801,1.7320673299022151,2.741047418559816,0.022624171958169497,0.024420690267850514,0.5036726293819064,8238037.977759426,8.496084949337904
Bldg_013_5St,Loma_Prieta_1989_Corralitos_scaled_0.90g,5.0,1315261.8799432397,20.03360101241618,1.3089278898694292,0.4557281832227655,0.2894843887416233,0.3481690525123016,0.8754262397221849,1073.0399628199511,263052.3759886479,71241185.83983777,75531053.48463854,0.8864078429497019,0.054416184732467,0.9015999999999998,0.9605448110846201,0.5591609350109363,13.560562443787077,11.41,0.6811214742642782,1.0778947368421052,1.0109015181491092,1.6277156989630812,2.5332347029946347,0.4301234147264375,1.1212306101920024,1.2143373978280838,1.9217245958707792,0.03771783527053033,0.03575852738024987,0.5737539866196827,10821667.43176131,20.161734514696004
Bldg_039_3St,Friuli_1976_Tolmezzo_scaled_0.49g,3.0,532860.2944545313,11.890482304305188,0.4107129396322553,0.15876053972412202,0.11447839721976313,0.3865486679486486,0.8958001841302572,690.8953248416667,177620.09815151044,183096848.05044726,214400511.75447863,0.7079889087216464,0.03476921926039584,0.4927999999999999,0.2989388880736565,0.14402106824138175,2.5651342207749837,10.049999999999999,0.42783232247186936,0.3250793650793651,1.1097510946377056,0.9622125298915365,1.174300497064198,0.04661488073949739,2.251929981001838,1.2634235935953166,0.9599857655898832,0.005426348010028077,0.006404379473052046,0.06267799566787194,5309757.708411152,15.528217655786712
Bldg_025_6St,San_Fernando_1971_Pacoima_scaled_1.20g,6.0,1757236.410893677,25.206007389869953,1.499772555124449,0.5085192700648059,0.31318652089399057,0.33906425899533127,0.8984443167658247,1256.4947539012646,292872.7351489462,90287042.21106903,70659424.3390975,1.3333333333333333,0.058348096296313844,1.2,1.062742688536094,0.48583205637192123,20.75397680557232,9.42,0.461649004640927,0.28054794520547943,0.5155774329679911,2.484963887178438,2.6118667323051024,0.28796362758833294,0.42964786080665923,5.345868970902577,3.2487290994832314,0.023962488570120136,0.03260259029915121,0.3725519172320875,10860657.610556178,15.478204197818961
Bldg_013_5St,Friuli_1976_Tolmezzo,5.0,1315261.8799432397,20.03360101241618,1.3089278898694292,0.4557281832227655,0.2894843887416233,0.3481690525123016,0.8754262397221849,1073.0399628199511,263052.3759886479,71241185.83983777,75531053.48463854,0.8864078429497019,0.054416184732467,0.352,0.21352777719546898,0.102872191600987,1.308741949374992,10.049999999999999,0.4278323224718693,0.3250793650793651,0.14602209152887283,0.6280767963912223,0.6916576916117391,0.06214442479689259,0.4148354872979342,4.0264871612194355,3.0594413304420063,0.00544824307339891,0.006044047781326502,0.08356139586448293,1829121.046727321,3.1930473641202832
Bldg_036_7St,El_Centro_1940_NS_scaled_0.49g,7.0,1602726.511347166,28.557038136018107,1.3803364142962382,0.464490019337446,0.28960026023929597,0.33650493787361635,0.866819142413017,1178.6746879816149,228960.9301924523,105817892.48660325,105817892.48660325,1.0,0.04430220889174291,0.4871999999999999,0.7653878044182246,0.26101657054381694,6.089775332399659,13.060000000000002,0.5341737574272261,0.7447272727272727,0.49199011069184445,1.2396775095628285,1.4092109933755397,0.2326677684085713,1.0098319184972178,1.853479071930984,2.584058829367503,0.015527113727548947,0.016480517259177527,0.30948690918565014,7114511.202936463,11.108155402778987
Bldg_010_4St,Friuli_1976_Tolmezzo_scaled_0.49g,4.0,577210.2580398876,15.589050114707588,0.9035156567368826,0.3317185659069841,0.22164574174728088,0.367142022867663,0.8750783301686131,710.7068233538631,144302.5645099719,51967001.47358608,60903626.192958586,0.7065322616075785,0.058122873880958124,0.4927999999999999,0.2989388880736565,0.14402106824138175,2.5651342207749837,10.049999999999999,0.42783232247186936,0.3250793650793651,0.4017401271278356,0.9613858473642952,1.0662989176634527,0.0812950060393792,0.8152194138146016,2.7793694518761525,2.111845247027333,0.008383860534562939,0.008687856806004698,0.1153769805262984,1955018.002860306,9.233005280819636
Bldg_037_6St,Friuli_1976_Tolmezzo_scaled_0.21g,6.0,1519801.1629553218,18.1313458662842,0.9220273617851668,0.32867711576859315,0.20663916498060184,0.3564721931160815,0.8535992240019256,1138.9912613079553,253300.19382588696,185099389.56536832,214716992.93877366,0.7241242719727287,0.047878458494656856,0.2112,0.12811666631728136,0.0617233149605922,0.471147101774997,10.049999999999999,0.42783232247186925,0.3250793650793651,0.16699116766112787,0.4614453409717411,0.4133244659791441,0.035211416375294444,0.7906778771833706,2.8363146383039797,2.155113845672078,0.003274234292720507,0.0036657731817211574,0.049382408133879035,2378541.854745592,4.234740642961766
Bldg_009_9St,Imperial_Valley_1979_Array6_scaled_0.26g,9.0,1936007.7066165784,33.37060515365388,2.0240667166863795,0.7218964229585041,0.4472852984026352,0.35665643677019115,0.8231148142306102,1262.3615265765725,215111.96740184203,67549516.69497378,85350928.3329129,0.5828654242985061,0.05915571433100036,0.26339999999999997,0.26823347494089234,0.1259599283434734,1.0924121950824885,11.25,0.4646807553227397,0.8192,0.10984752143974044,0.2866394575332413,0.515176178220077,0.1118626185533509,0.4170369075160989,2.470784566267553,4.355822128421442,0.005424361382599275,0.00676196676731918,0.14395835103630122,1814213.8035246432,2.850970286768185
Bldg_029_10St,San_Fernando_1971_Pacoima,10.0,3306559.1027033487,40.85103354718929,2.8470338124293835,1.0055703560634366,0.6133007191000883,0.35319930226096613,0.8447518426005479,1671.293479517068,330655.91027033486,66673572.54055375,62546842.54886757,0.748278909461416,0.032311089590841974,1.17,1.0361741213226916,0.47368625496262196,19.729249200797177,9.42,0.461649004640927,0.28054794520547943,0.6449587124806657,1.2069567481368746,2.155472724410803,1.2994909660180411,0.5512467628039879,10.14811856969458,6.167096178716601,0.057972978837295866,0.059198282738111084,1.734977734621454,18040207.11424049,16.117758759132762
Bldg_029_10St,ChiChi_1999_TCU068,10.0,3306559.1027033487,40.85103354718929,2.8470338124293835,1.0055703560634366,0.6133007191000883,0.35319930226096613,0.8447518426005479,1671.293479517068,330655.91027033486,66673572.54055375,62546842.54886757,0.748278909461416,0.032311089590841974,0.512,0.6995040081872533,0.27990996478855884,5.758924443140322,18.89,0.7206483050886865,0.6206060606060606,0.48145752374669876,0.874509108268947,1.5286905982274217,0.9693420586710889,0.940346726067771,4.58750565479344,3.9506563636183305,0.04327645521349704,0.050420846079433514,1.1811014867171898,15365352.91356739,10.454628014142157
Bldg_033_6St,ChiChi_1999_TCU068,6.0,470835.12233445,22.287920016752828,0.9424337011627946,0.3261489219395039,0.2033903163261337,0.34607094540135236,0.865772791165726,638.4639676930507,78472.520389075,56818952.49859368,61590430.563559696,0.8450578110493322,0.04751138868384332,0.512,0.6995040081872533,0.27990996478855884,5.758924443140322,18.89,0.7206483050886865,0.6206060606060606,1.0433843260757822,1.589056222173898,1.128920574810983,0.2301760264219448,2.037860011866762,1.518569928631456,1.3077581595738494,0.015387513885699068,0.019014028095344953,0.29025523619537846,4357412.397283816,15.208271827935103
Bldg_010_4St,Loma_Prieta_1989_Corralitos_scaled_0.90g,4.0,577210.2580398876,15.589050114707588,0.9035156567368826,0.3317185659069841,0.22164574174728088,0.367142022867663,0.8750783301686131,710.7068233538631,144302.5645099719,51967001.47358608,60903626.192958586,0.7065322616075785,0.058122873880958124,0.9015999999999998,0.9605448110846201,0.5591609350109363,13.560562443787077,11.41,0.6811214742642782,1.0778947368421052,1.1790863288427775,2.1201470323737523,2.0785146898905724,0.23924034380165599,1.3077709947235778,0.8382225331055063,1.3265117763506522,0.024606193585641284,0.026344260757768776,0.3079490033455507,6253005.771129211,16.25261170915335
Bldg_035_8St,Kobe_1995_NS_scaled_0.50g,8.0,2170485.1346629397,29.41406488338083,1.5058458369512058,0.5067389805174635,0.3116778724217766,0.3365145143565473,0.8582462946298408,1364.8482788843671,271310.64183286746,136007095.16231158,136007095.16231158,1.0,0.05362839943511724,0.5004,0.638522257342888,0.23589837657737536,3.4987904833061783,12.780000000000001,0.8720606558868951,0.7728301886792452,0.5209882166552087,0.9057140231432637,0.9875098316127697,0.2933594541063875,1.041143518495621,1.948482162070652,1.7267673146195828,0.019032275038365402,0.01942124515257538,0.385926420578996,9711888.651396845,8.861320597775823
Bldg_013_5St,Imperial_Valley_1979_Array6_scaled_0.26g,5.0,1315261.8799432397,20.03360101241618,1.3089278898694292,0.4557281832227655,0.2894843887416233,0.3481690525123016,0.8754262397221849,1073.0399628199511,263052.3759886479,71241185.83983777,75531053.48463854,0.8864078429497019,0.054416184732467,0.26339999999999997,0.26823347494089234,0.1259599283434734,1.0924121950824885,11.25,0.4646807553227397,0.8192,0.1323708466694818,0.5628398715915813,0.536875489945655,0.056335699716103686,0.5025468742197486,1.597812365563268,2.8168325777991936,0.004938900278279834,0.004966786266922069,0.07288433547797925,1503107.4578019802,3.173843256638632
Bldg_036_7St,Northridge_1994_Sylmar_scaled_0.51g,7.0,1602726.511347166,28.557038136018107,1.3803364142962382,0.464490019337446,0.28960026023929597,0.33650493787361635,0.866819142413017,1178.6746879816149,228960.9301924523,105817892.48660325,105817892.48660325,1.0,0.04430220889174291,0.5057999999999999,0.498572775156823,0.1972487060448539,3.289727983748639,9.37,0.49317602808065547,0.8192,0.394348831577271,0.8758988331934264,1.2300047345966516,0.18667603119097187,0.7796536804611923,1.6849809744827127,2.7988716719834037,0.012445573647031095,0.012410539225512413,0.24924872478744797,5357533.320455798,9.371792105742804
Bldg_020_5St,El_Centro_1940_NS,5.0,431577.0521504538,15.320911780484215,0.7130741434112638,0.25501056678852646,0.16467834084054334,0.3576213906292907,0.8673366722282386,611.8190943589842,86315.41043009076,75660470.46042758,83114761.34278658,0.7757831833380477,0.058341659875327925,0.348,0.546705574584446,0.18644040753129837,3.1070282308161543,13.060000000000002,0.534173757427226,0.7447272727272727,0.7300869390821965,1.0815089559333557,0.8431143167877154,0.09241758654450555,2.097950974374128,0.9574970187407108,1.3349104734116608,0.01052321730521301,0.009892544545591018,0.11644744383107414,2519421.2277816143,11.601923947341675
Bldg_037_6St,ChiChi_1999_TCU068,6.0,1519801.1629553218,18.1313458662842,0.9220273617851668,0.32867711576859315,0.20663916498060184,0.3564721931160815,0.8535992240019256,1138.9912613079553,253300.19382588696,185099389.56536832,214716992.93877366,0.7241242719727287,0.047878458494656856,0.512,0.6995040081872533,0.27990996478855884,5.758924443140322,18.89,0.7206483050886865,0.6206060606060606,1.0744846273781903,1.6155555335544647,1.0777983899969448,0.22681381301192413,2.098602787848028,1.4856886200639894,1.2794415185250418,0.021067667609235063,0.022250232581579096,0.299470999555724,14437093.308719506,17.42362206316312
Bldg_014_5St,San_Fernando_1971_Pacoima,5.0,1593765.9396833987,19.810700551829953,0.8894792288713879,0.3088246908799503,0.19628714530869923,0.34719719230745977,0.8824903205928275,1185.9523662698816,318753.18793667975,186945021.86907646,186945021.86907646,1.0,0.025534123696712055,1.17,1.0361741213226916,0.47368625496262196,19.729249200797177,9.42,0.461649004640927,0.28054794520547943,1.2206482308053548,3.0998329787013965,3.4645760274840973,0.2397900949631265,1.043289086158423,3.170507016973209,1.9267435214405573,0.02022437005356262,0.020617849163384976,0.31906271861564156,15780967.821392704,25.05714601264744
Bldg_018_10St,San_Fernando_1971_Pacoima_scaled_0.70g,10.0,2641541.8673443226,33.10622970315683,2.979394789620447,0.9999769202777022,0.6053898786112969,0.33563088844801664,0.8685081886935473,1514.6619235213475,264154.18673443224,53343084.94813778,41033142.2677983,1.3333333333333333,0.03095844509284535,0.7020000000000001,0.621704472793615,0.284211752977573,7.102529712286988,9.42,0.46164900464092706,0.28054794520547943,0.38481979262577176,0.7255838237493605,1.4304771083543117,0.8483613474349058,0.5481763427717546,10.61991306847132,6.453809625210468,0.05446415516575465,0.06129544038242126,1.0449292865237692,9743767.018142316,7.541627266317621
Bldg_040_5St,Kobe_1995_NS,5.0,886610.9492362948,19.765736699798776,1.0612910403555909,0.38285605262008715,0.2551718244840761,0.36074558067672874,0.8574015036543967,871.8839148829684,177322.18984725897,67561726.4654356,78967512.31225075,0.6389089160579486,0.024267970004537443,0.834,1.0642037622381462,0.3931639609622956,9.718862453628272,12.780000000000001,0.8720606558868959,0.7728301886792452,1.8042048922914153,2.186311702951928,1.5912508878472904,0.5049633999057594,2.1633152185748385,1.373252566866365,1.2169922277668237,0.04308562573150658,0.04707296333386031,0.6411180888706468,14694776.907643402,31.288509591838114
Bldg_014_5St,Imperial_Valley_1979_Array6_scaled_0.61g,5.0,1593765.9396833987,19.810700551829953,0.8894792288713879,0.3088246908799503,0.19628714530869923,0.34719719230745977,0.8824903205928275,1185.9523662698816,318753.18793667975,186945021.86907646,186945021.86907646,1.0,0.025534123696712055,0.6145999999999999,0.6258781081954151,0.2939064994681046,5.947577506560213,11.25,0.46468075532273967,0.8192,0.7069376020260258,2.062386688204291,1.8783962086050043,0.1389769147593267,1.150240159495649,1.0857900743058932,1.9141727275828506,0.0117129303163119,0.013224228167272558,0.17386219119555946,11008826.42195553,14.846280979313986
Bldg_001_9St,Northridge_1994_Sylmar_scaled_0.51g,9.0,1527742.1397965779,38.35519513262496,2.1413036512544052,0.7346964083904504,0.4502992706525202,0.3431070637553226,0.845007649463895,1136.201476207652,169749.1266440642,50592313.74146908,55675323.882297106,0.8174052780878655,0.05395655297064335,0.5057999999999999,0.498572775156823,0.1972487060448539,3.289727983748639,9.37,0.49317602808065547,0.8192,0.21291621150044016,0.7543127054872654,0.8341439587650636,0.24241182877977221,0.42094940984665913,2.6138960586601625,4.3418648298619456,0.009631397036117642,0.013095820697664642,0.3491316129624601,2880375.345509218,6.144817229591255
Bldg_007_7St,Loma_Prieta_1989_Corralitos_scaled_0.90g,7.0,674145.3737687075,28.414145282790457,1.5363136806480093,0.5456887561369359,0.34003453867547073,0.3551935799378986,0.8432877429861823,753.9884154879235,96306.48196695822,33097495.190190606,40000000.0,0.6548747595095301,0.027548284333655176,0.9015999999999998,0.9605448110846201,0.5591609350109363,13.560562443787077,11.41,0.6811214742642782,1.0778947368421052,0.9555463371785283,1.9091272101155743,2.7933121775646637,0.5600412300733215,1.0598340030817752,1.4252910123199305,2.255564886289157,0.03280992413770487,0.03509603474414961,0.7471330643789693,4898032.116997952,21.131370339481542
Bldg_022_7St,ChiChi_1999_TCU068,7.0,1284556.1704486806,22.23148050221301,1.98084884368781,0.6726415516435851,0.4158103425373049,0.3395723776637629,0.8648236794908523,1053.9993329410158,183508.02434981152,41197991.83998627,41197991.83998628,1.0,0.040533046747695714,0.512,0.6995040081872533,0.27990996478855884,5.758924443140322,18.89,0.7206483050886865,0.6206060606060606,0.6197235718946413,1.2111270236011538,1.3286069155235418,0.6039977023408969,1.2103976013567213,3.1917974532078968,2.7487039512901332,0.05160038836296089,0.05139031561377463,0.7827485026034395,6723999.579145418,10.66605798858879
Bldg_027_8St,Imperial_Valley_1979_Array6_scaled_0.61g,8.0,1236762.7935664188,33.45874608638884,1.9546697610790964,0.6731664591962702,0.41557814763449613,0.3443888438856502,0.8430406960968102,1021.0981179078087,154595.34919580235,44481783.16310389,50477108.5258839,0.7624536928573992,0.03506955879751763,0.6145999999999999,0.6258781081954151,0.2939064994681046,5.947577506560213,11.25,0.46468075532273967,0.8192,0.3087181324533671,0.7522154369589051,1.4679770449512126,0.29296257275404775,0.5023074071808772,2.386071485692256,4.206478832379229,0.014952149196316331,0.01821309964185755,0.3405743510942515,3585469.3891635556,7.2267308500751355
Bldg_026_8St,Loma_Prieta_1989_Corralitos_scaled_0.90g,8.0,1015166.0411593535,27.05742871588174,1.3951200061550888,0.48102600867032974,0.2939048899595255,0.3447918505563,0.8676064061736877,938.4905756798182,126895.75514491918,72720867.3625144,62594538.81860429,1.073553100159606,0.03644826883488745,0.9015999999999998,0.9605448110846201,0.5591609350109363,13.560562443787077,11.41,0.6811214742642782,1.0778947368421052,1.0034140472414226,1.5862863301409442,2.810549185416053,0.4851450938411042,1.1129259618915515,1.2943007869602874,2.048269007612842,0.03734676656305668,0.03692349183304611,0.6285369096105737,8568611.293790493,18.41195165658939
Bldg_017_6St,Kobe_1995_NS_scaled_0.50g,6.0,646461.7617538249,22.924539139666617,1.3489350259407027,0.48507097650948133,0.3037321310675228,0.3595955084428243,0.8461101879887595,739.5795310614494,107743.62695897081,36385927.280900784,42481912.65457106,0.7130079606707943,0.04463404657559655,0.5004,0.638522257342888,0.23589837657737536,3.4987904833061783,12.780000000000001,0.8720606558868951,0.7728301886792452,0.6442536735496677,0.9859087079743787,1.0057903929280667,0.2911714098041407,1.2874773652071698,1.7454481536830382,1.546836239927395,0.02129089509445151,0.021854855014520863,0.3911339031414212,3021448.846823011,10.26380372919658
Bldg_032_3St,El_Centro_1940_NS_scaled_0.21g,3.0,889774.2410912409,11.958446292640017,0.3812673573069689,0.14020888130339432,0.10215875831193638,0.3677442577139072,0.9141135992098178,901.8618153620312,296591.4136970803,373326647.5121846,395291334.35178196,0.8888683614801923,0.03380330511289547,0.2088,0.3280233447506678,0.11186424451877919,1.1185301630938156,13.060000000000002,0.5341737574272261,0.7447272727272727,0.4706463499251517,0.48018117854600123,0.4991623189908485,0.01697315937337954,2.254053400024673,0.5119556799776195,0.7137515686717565,0.0023824542670793035,0.0021568725755084423,0.019782360808491845,3398562.68639305,5.656040880232861
Bldg_023_4St,ChiChi_1999_TCU068_scaled_0.31g,4.0,766198.5056578394,14.085368853543702,0.6464204299712705,0.2384130320594705,0.16037881502662232,0.3688203853180608,0.8743349213046628,818.4828099282827,191549.62641445984,132243280.43540907,155581753.84682024,0.6999844411782463,0.030147286954925547,0.3072,0.4197024049123519,0.1679459788731353,2.073212799530516,18.89,0.7206483050886867,0.6206060606060606,0.7784741163303182,0.6175478815569948,0.6341970251418528,0.080856198924652,2.5340954307627546,1.0415954193873012,0.8969984740222468,0.009335059321587373,0.009650215704582129,0.10414368610422202,5286934.340603983,11.252002729665964
Bldg_032_3St,Friuli_1976_Tolmezzo_scaled_0.49g,3.0,889774.2410912409,11.958446292640017,0.3812673573069689,0.14020888130339432,0.10215875831193638,0.3677442577139072,0.9141135992098178,901.8618153620312,296591.4136970803,373326647.5121846,395291334.35178196,0.8888683614801923,0.03380330511289547,0.4927999999999999,0.2989388880736565,0.14402106824138175,2.5651342207749837,10.049999999999999,0.42783232247186936,0.3250793650793651,1.131909272001555,0.8908435101012422,1.1383853047165577,0.040875771790291913,2.2968938149382208,1.1728439214032735,0.8911607124588812,0.00572982681254322,0.0048678383841288895,0.044206442197975794,7670204.5746918665,13.193572378674448
Bldg_023_4St,Friuli_1976_Tolmezzo_scaled_0.49g,4.0,766198.5056578394,14.085368853543702,0.6464204299712705,0.2384130320594705,0.16037881502662232,0.3688203853180608,0.8743349213046628,818.4828099282827,191549.62641445984,132243280.43540907,155581753.84682024,0.6999844411782463,0.030147286954925547,0.4927999999999999,0.2989388880736565,0.14402106824138175,2.5651342207749837,10.049999999999999,0.42783232247186936,0.3250793650793651,1.020582377754814,1.5072074260382042,0.9692009313946703,0.10596182244816799,2.0709869678466197,1.9885003461030293,1.5109200404412493,0.01223829648160755,0.013928825006025547,0.1350517278473908,7630998.674325354,14.890204098197408
Bldg_038_3St,Northridge_1994_Sylmar_scaled_0.51g,3.0,670960.952016786,9.738279216538054,0.5814586032302643,0.21822895584713087,0.15751830854494958,0.37531297092307303,0.9074263975091055,780.28692130387,223653.65067226198,118926299.32987614,129961841.76984638,0.8301725754315881,0.058719762660169365,0.5057999999999999,0.498572775156823,0.1972487060448539,3.289727983748639,9.37,0.49317602808065547,0.8192,0.8191730605946738,0.7969333339376926,1.015964582754493,0.06879095036880291,1.6195592340740883,0.7097883340213187,1.179008244770508,0.011593863081225815,0.011302038753556246,0.08714288151912072,4767971.132012248,10.271395343752848
Bldg_028_4St,Imperial_Valley_1979_Array6_scaled_0.61g,4.0,1124368.770359385,16.14633182447185,0.7820760057987548,0.27845282962298024,0.18452810965809507,0.3560431819393168,0.8976479800932551,1004.6329457035733,281092.19258984627,139609134.84546733,139609134.84546733,1.0,0.03511402197103145,0.6145999999999999,0.6258781081954151,0.2939064994681046,5.947577506560213,11.25,0.46468075532273967,0.8192,0.8288180994988438,1.4453135465086635,1.7949067273023984,0.1261359788670051,1.348548811420182,0.9546826242660581,1.683039370235101,0.01329156596568046,0.015010027511997131,0.15800047086701455,9264032.538144555,12.286197077177176
Bldg_021_8St,Friuli_1976_Tolmezzo,8.0,2522754.82118266,32.32951534566002,2.6102427070001735,0.9254001036349783,0.5728010687995481,0.35452645884355183,0.8357723193147679,1452.0498090500698,315344.3526478325,48088571.83372548,57616640.05790957,0.6692598452597174,0.02453858408069792,0.352,0.21352777719546898,0.102872191600987,1.308741949374992,10.049999999999999,0.4278323224718693,0.3250793650793651,0.1286017368278581,0.3491226337053484,0.5416245219381239,0.2175241207030169,0.36534584326096053,8.0295552021978,6.10108813639671,0.009682138743751224,0.012559940333930542,0.30227645106599516,2863184.510753195,3.520936061682596
Bldg_034_4St,Kobe_1995_NS_scaled_0.50g,4.0,666777.4275900043,12.29923854005396,0.7869876091101675,0.2751374623816294,0.18176931440458607,0.3496083790858185,0.901114411902358,775.1404708390176,166694.35689750107,83823096.24972795,83823096.24972795,1.0,0.025909563676249067,0.5004,0.638522257342888,0.23589837657737536,3.4987904833061783,12.780000000000001,0.8720606558868951,0.7728301886792452,1.374310455845256,1.1237244691001154,0.782478151709677,0.21168098187989348,2.746423772672374,1.0183189278036837,0.9024459523515513,0.031418425645381755,0.03229271286117778,0.27476009956430936,8323125.879099742,18.807825608013953
Bldg_027_8St,Loma_Prieta_1989_Corralitos_scaled_0.39g,8.0,1236762.7935664188,33.45874608638884,1.9546697610790964,0.6731664591962702,0.41557814763449613,0.3443888438856502,0.8430406960968102,1021.0981179078087,154595.34919580235,44481783.16310389,50477108.5258839,0.7624536928573992,0.03506955879751763,0.3864,0.4116620618934086,0.2396404007189732,2.4907155508996683,11.41,0.6811214742642783,1.0778947368421052,0.26364063030561846,0.7003493838964471,0.9830222549900468,0.2501704805222625,0.6822997678716833,1.8134143291261149,2.8697814339071557,0.01276890996720426,0.014821860503972214,0.3063373117428334,3129081.4287982094,5.889230081776804
Bldg_017_6St,Friuli_1976_Tolmezzo,6.0,646461.7617538249,22.924539139666617,1.3489350259407027,0.48507097650948133,0.3037321310675228,0.3595955084428243,0.8461101879887595,739.5795310614494,107743.62695897081,36385927.280900784,42481912.65457106,0.7130079606707943,0.04463404657559655,0.352,0.21352777719546898,0.102872191600987,1.308741949374992,10.049999999999999,0.4278323224718693,0.3250793650793651,0.15314952064092047,0.6809413528401607,0.836467178001116,0.0692107162548712,0.43508386545716043,4.149555988001185,3.152952582327151,0.005061190198211569,0.006111494353010985,0.09318631867627399,991975.2573035652,4.131545438511288
Bldg_031_7St,Friuli_1976_Tolmezzo,7.0,856890.734760222,22.75669864505952,1.4911929430096265,0.5226822901820123,0.3255666176728036,0.3505128512257438,0.8443472679464323,850.595879853297,122412.96210860314,46041581.58392334,53788220.09784441,0.7119578041500756,0.04318599737886953,0.352,0.21352777719546898,0.102872191600987,1.308741949374992,10.049999999999999,0.4278323224718693,0.3250793650793651,0.2009687342794383,0.5302709230904049,0.8211138372428767,0.11102585900473803,0.5709339042029498,4.587165791484691,3.4854611600966052,0.008154499878997233,0.00888333891107488,0.14128258925651177,1553368.9613399424,4.118175746440629
Bldg_010_4St,ChiChi_1999_TCU068,4.0,577210.2580398876,15.589050114707588,0.9035156567368826,0.3317185659069841,0.22164574174728088,0.367142022867663,0.8750783301686131,710.7068233538631,144302.5645099719,51967001.47358608,60903626.192958586,0.7065322616075785,0.058122873880958124,0.512,0.6995040081872533,0.27990996478855884,5.758924443140322,18.89,0.7206483050886865,0.6206060606060606,0.9821900789635354,1.482232499405996,0.8375788679827069,0.19927239754934783,1.918339997975655,1.4558601890779848,1.2537539467683776,0.020497192300238835,0.020522204807070905,0.2664652281728525,4871097.590281312,16.450673681012077
Bldg_014_5St,Northridge_1994_Sylmar_scaled_0.51g,5.0,1593765.9396833987,19.810700551829953,0.8894792288713879,0.3088246908799503,0.19628714530869923,0.34719719230745977,0.8824903205928275,1185.9523662698816,318753.18793667975,186945021.86907646,186945021.86907646,1.0,0.025534123696712055,0.5057999999999999,0.498572775156823,0.1972487060448539,3.289727983748639,9.37,0.49317602808065547,0.8192,0.9020178951350638,1.2692003218326728,1.3286131291329482,0.17723043603215513,1.7833489425367022,1.0857900743058932,1.8035735279613383,0.01494512771637005,0.016376423200726162,0.223365984057692,12269286.495804533,12.116675629913242
Bldg_030_6St,Imperial_Valley_1979_Array6_scaled_0.26g,6.0,803618.8831084707,23.230058635081644,0.9665504811036845,0.3495748231242845,0.22269020865239064,0.3616725975089393,0.8416871129757246,822.4327678639422,133936.48051807846,84360837.00216389,106695714.94751158,0.5813350525588545,0.04189785227596446,0.26339999999999997,0.26823347494089234,0.1259599283434734,1.0924121950824885,11.25,0.4646807553227397,0.8192,0.20486671377771312,0.5763861217372038,0.6217558157254088,0.047467109719138784,0.7777779566352055,1.179871192753521,2.080031225808729,0.0032896284881196733,0.003766464960151208,0.06942332409642366,1339164.517126293,6.250596736571587
Bldg_009_9St,Imperial_Valley_1979_Array6_scaled_0.61g,9.0,1936007.7066165784,33.37060515365388,2.0240667166863795,0.7218964229585041,0.4472852984026352,0.35665643677019115,0.8231148142306102,1262.3615265765725,215111.96740184203,67549516.69497378,85350928.3329129,0.5828654242985061,0.05915571433100036,0.6145999999999999,0.6258781081954151,0.2939064994681046,5.947577506560213,11.25,0.46468075532273967,0.8192,0.2563108833593895,0.6688254009109041,1.2020777491801882,0.26101277662448047,0.417036907516091,2.470784566267553,4.355822128421442,0.012656843226064736,0.01577792245707856,0.3359028190846854,4233165.54155753,6.652264002462836
Bldg_004_9St,Northridge_1994_Sylmar_scaled_0.51g,9.0,1948649.445047211,34.52008614666971,1.8669862587577561,0.6258111713455994,0.3829180140447785,0.3351985952815731,0.8546009371985288,1290.4718679648695,216516.60500524566,87950131.45529062,87950131.45529062,1.0,0.04849082359697768,0.5057999999999999,0.498572775156823,0.1972487060448539,3.289727983748639,9.37,0.49317602808065547,0.8192,0.2997631979442782,0.7597807279256816,1.2788617708068848,0.25945321254763754,0.5926516369005106,2.2790359603976516,3.7856387019127857,0.014512098498017535,0.01349923485074263,0.35013119278483307,4553811.057401358,7.847826495828773
Bldg_007_7St,Kobe_1995_NS_scaled_0.50g,7.0,674145.3737687075,28.414145282790457,1.5363136806480093,0.5456887561369359,0.34003453867547073,0.3551935799378986,0.8432877429861823,753.9884154879235,96306.48196695822,33097495.190190606,40000000.0,0.6548747595095301,0.027548284333655176,0.5004,0.638522257342888,0.23589837657737536,3.4987904833061783,12.780000000000001,0.8720606558868951,0.7728301886792452,0.6323192035506922,1.3677038586922112,1.18738079611439,0.3705041785984513,1.2636275050973065,1.9879058856041136,1.7617050720922178,0.021711500836862144,0.02399478602871284,0.47937796177291914,3895950.492853241,12.19652094220087
Bldg_013_5St,Northridge_1994_Sylmar_scaled_1.18g,5.0,1315261.8799432397,20.03360101241618,1.3089278898694292,0.4557281832227655,0.2894843887416233,0.3481690525123016,0.8754262397221849,1073.0399628199511,263052.3759886479,71241185.83983777,75531053.48463854,0.8864078429497019,0.054416184732467,1.1802,1.163336475365919,0.4602469807713281,17.910741244853703,9.37,0.4931760280806554,0.8192,0.8406867849224563,1.8939099729639879,2.5516347567984132,0.35783223533712843,0.7123256947317881,1.597812365563268,2.6540784939680067,0.03136693841935636,0.03374606957827938,0.4826318978915293,10212633.708929466,17.86403460287665
Bldg_033_6St,Friuli_1976_Tolmezzo,6.0,470835.12233445,22.287920016752828,0.9424337011627946,0.3261489219395039,0.2033903163261337,0.34607094540135236,0.865772791165726,638.4639676930507,78472.520389075,56818952.49859368,61590430.563559696,0.8450578110493322,0.04751138868384332,0.352,0.21352777719546898,0.102872191600987,1.308741949374992,10.049999999999999,0.4278323224718693,0.3250793650793651,0.25419805996903805,0.7834254186665016,0.6563984558214795,0.05606018661117169,0.7221535794574945,2.8990880455691435,2.202810894973372,0.0037488354767629913,0.004996148669814133,0.08082254933212243,1088909.3888559374,6.919894230045433
Bldg_013_5St,Friuli_1976_Tolmezzo_scaled_0.21g,5.0,1315261.8799432397,20.03360101241618,1.3089278898694292,0.4557281832227655,0.2894843887416233,0.3481690525123016,0.8754262397221849,1073.0399628199511,263052.3759886479,71241185.83983777,75531053.48463854,0.8864078429497019,0.054416184732467,0.2112,0.12811666631728136,0.0617233149605922,0.471147101774997,10.049999999999999,0.42783232247186925,0.3250793650793651,0.08761325491732286,0.3768460778347343,0.41499461496704115,0.037286654878135206,0.4148354872979302,4.0264871612194355,3.0594413304420063,0.003268945844039315,0.003626428668795968,0.050136837518689754,1097472.6280364129,1.9158284184719971
Bldg_019_10St,Northridge_1994_Sylmar_scaled_1.18g,10.0,2052578.4585914456,37.07858698432766,3.118454611073725,1.0899438674104054,0.6686626239905169,0.349514103408779,0.8291539226026338,1304.5702282325642,205257.84585914455,33968527.97319341,40000000.0,0.6984263986596704,0.03693883769232474,1.1802,1.163336475365919,0.4602469807713281,17.910741244853703,9.37,0.4931760280806554,0.8192,0.41598218690514926,1.2010094074217352,1.8705546187066457,1.004545257048095,0.3524675367777913,3.8067072889083553,6.323208009947564,0.04171822235992994,0.05644644124698841,1.4239562660949607,8398694.18039901,11.509642750495013
Bldg_013_5St,San_Fernando_1971_Pacoima_scaled_1.20g,5.0,1315261.8799432397,20.03360101241618,1.3089278898694292,0.4557281832227655,0.2894843887416233,0.3481690525123016,0.8754262397221849,1073.0399628199511,263052.3759886479,71241185.83983777,75531053.48463854,0.8864078429497019,0.054416184732467,1.2,1.062742688536094,0.48583205637192123,20.75397680557232,9.42,0.461649004640927,0.28054794520547943,0.8910658523800657,2.157830418203872,3.705010160057156,0.3791382171212649,0.7425548769833882,4.665612107444743,2.8353313376848286,0.033246636227040105,0.04038201463937639,0.5094689555546316,12220881.693612806,18.410225696206687
Bldg_006_10St,ChiChi_1999_TCU068_scaled_0.31g,10.0,3366909.3113988144,34.18399184750075,3.281079343997509,1.133043582854695,0.6893601308528857,0.345326480728823,0.8345073949971021,1676.2191738095921,336690.93113988143,51738376.4859165,57211205.11280589,0.7608497926193671,0.02384706204365683,0.3072,0.4197024049123519,0.1679459788731353,2.073212799530516,18.89,0.7206483050886867,0.6206060606060606,0.2325083074145079,0.45109043160393714,0.7915973890319914,0.6215907543826885,0.7568629798649347,5.2868954273397355,4.552955055647737,0.03275796286648722,0.03604138490393054,0.8287415652761726,7048640.20514156,5.477191245030735
Bldg_022_7St,Friuli_1976_Tolmezzo,7.0,1284556.1704486806,22.23148050221301,1.98084884368781,0.6726415516435851,0.4158103425373049,0.3395723776637629,0.8648236794908523,1053.9993329410158,183508.02434981152,41197991.83998627,41197991.83998628,1.0,0.040533046747695714,0.352,0.21352777719546898,0.102872191600987,1.308741949374992,10.049999999999999,0.4278323224718693,0.3250793650793651,0.09123881516150756,0.6409281514923573,0.7614113917120052,0.08894603200025405,0.25920117943610105,6.093431501578713,4.629965385137665,0.0075968681999893165,0.00953172736553283,0.12310951508490894,1247148.028357168,3.6758598608694273
Bldg_025_6St,Kobe_1995_NS_scaled_1.17g,6.0,1757236.410893677,25.206007389869953,1.499772555124449,0.5085192700648059,0.31318652089399057,0.33906425899533127,0.8984443167658247,1256.4947539012646,292872.7351489462,90287042.21106903,70659424.3390975,1.3333333333333333,0.058348096296313844,1.1676,1.489885267133405,0.5504295453472083,19.04897040911142,12.780000000000001,0.8720606558868952,0.7728301886792452,1.1947100136320976,2.0540385764501434,2.2259290947291515,0.6673393584275852,1.0232185796780555,1.9406236675194286,1.7198030263149116,0.05552652853998083,0.056476484784899285,0.867711178380696,18813589.9224101,19.597375794097715
Bldg_017_6St,ChiChi_1999_TCU068_scaled_0.72g,6.0,646461.7617538249,22.924539139666617,1.3489350259407027,0.48507097650948133,0.3037321310675228,0.3595955084428243,0.8461101879887595,739.5795310614494,107743.62695897081,36385927.280900784,42481912.65457106,0.7130079606707943,0.04463404657559655,0.7168,0.9793056114621539,0.3918739507039827,11.287491908555028,18.89,0.7206483050886867,0.6206060606060606,0.7249694134961702,1.4740543870014164,1.8580024848842245,0.32781755399005486,1.0113970612390768,2.1735769460958587,1.8718354243193505,0.023958338715228206,0.025636867840550377,0.42698663497672457,4161198.0808029626,12.366000197057556
Bldg_001_9St,El_Centro_1940_NS,9.0,1527742.1397965779,38.35519513262496,2.1413036512544052,0.7346964083904504,0.4502992706525202,0.3431070637553226,0.845007649463895,1136.201476207652,169749.1266440642,50592313.74146908,55675323.882297106,0.8174052780878655,0.05395655297064335,0.348,0.546705574584446,0.18644040753129837,3.1070282308161543,13.060000000000002,0.534173757427226,0.7447272727272727,0.32729952531885537,0.8075586787424279,0.8892409917674279,0.37295569072522644,0.9405158773530328,2.8752856645261793,4.008627570114448,0.01480559726224613,0.019335095513853012,0.49186427060351184,4553324.950942522,8.232686686475684
Bldg_034_4St,San_Fernando_1971_Pacoima_scaled_1.20g,4.0,666777.4275900043,12.29923854005396,0.7869876091101675,0.2751374623816294,0.18176931440458607,0.3496083790858185,0.901114411902358,775.1404708390176,166694.35689750107,83823096.24972795,83823096.24972795,1.0,0.025909563676249067,1.2,1.062742688536094,0.48583205637192123,20.75397680557232,9.42,0.461649004640927,0.28054794520547943,1.947392219883074,5.8665044425139445,2.9627030060133737,0.29975725585195373,1.6228268499025618,2.8051804426290152,1.7047315193981423,0.04451977892081208,0.05461048378112072,0.3561725705073236,14075309.584015697,37.32954915646798
Bldg_022_7St,Imperial_Valley_1979_Array6,7.0,1284556.1704486806,22.23148050221301,1.98084884368781,0.6726415516435851,0.4158103425373049,0.3395723776637629,0.8648236794908523,1053.9993329410158,183508.02434981152,41197991.83998627,41197991.83998628,1.0,0.040533046747695714,0.439,0.4470557915681539,0.20993321390578878,3.03447831967358,11.25,0.4646807553227397,0.8192,0.2089069362625706,0.521848970448821,0.972656708516715,0.20359418424231196,0.47587001426553666,2.418028373642346,4.262816613337106,0.017394334396396986,0.019829738188325865,0.23846968307476699,2586763.45677534,4.311988285773373
Bldg_013_5St,Friuli_1976_Tolmezzo_scaled_0.49g,5.0,1315261.8799432397,20.03360101241618,1.3089278898694292,0.4557281832227655,0.2894843887416233,0.3481690525123016,0.8754262397221849,1073.0399628199511,263052.3759886479,71241185.83983777,75531053.48463854,0.8864078429497019,0.054416184732467,0.4927999999999999,0.2989388880736565,0.14402106824138175,2.5651342207749837,10.049999999999999,0.42783232247186936,0.3250793650793651,0.2044309281404214,0.8793075149477227,0.9683207682564317,0.0870021947156494,0.4148354872979331,4.0264871612194355,3.059441330442006,0.007627540302758454,0.008461666893857307,0.11698595421028102,2560769.4654183113,4.470266309768262
Bldg_027_8St,El_Centro_1940_NS_scaled_0.21g,8.0,1236762.7935664188,33.45874608638884,1.9546697610790964,0.6731664591962702,0.41557814763449613,0.3443888438856502,0.8430406960968102,1021.0981179078087,154595.34919580235,44481783.16310389,50477108.5258839,0.7624536928573992,0.03506955879751763,0.2088,0.3280233447506678,0.11186424451877919,1.1185301630938156,13.060000000000002,0.5341737574272261,0.7447272727272727,0.19474588585440183,0.4539394320541325,0.5910170242551464,0.1849305106942971,0.9326910242069053,2.6246786342614823,3.659239589929488,0.00943212994171521,0.009907416695408887,0.2435477010516556,2053847.4842028588,4.588189402750208
Bldg_019_10St,El_Centro_1940_NS,10.0,2052578.4585914456,37.07858698432766,3.118454611073725,1.0899438674104054,0.6686626239905169,0.349514103408779,0.8291539226026338,1304.5702282325642,205257.84585914455,33968527.97319341,40000000.0,0.6984263986596704,0.03693883769232474,0.348,0.546705574584446,0.18644040753129837,3.1070282308161543,13.060000000000002,0.534173757427226,0.7447272727272727,0.22333836596516524,0.31872094751103663,0.7808187527682746,0.5395537674364889,0.6417769136930036,4.187378017799191,5.837903056288894,0.02239826585402,0.02747889512057546,0.7233030263336855,3592160.583152511,5.563565719416639
Bldg_018_10St,Friuli_1976_Tolmezzo,10.0,2641541.8673443226,33.10622970315683,2.979394789620447,0.9999769202777022,0.6053898786112969,0.33563088844801664,0.8685081886935473,1514.6619235213475,264154.18673443224,53343084.94813778,41033142.2677983,1.3333333333333333,0.03095844509284535,0.352,0.21352777719546898,0.102872191600987,1.308741949374992,10.049999999999999,0.4278323224718693,0.3250793650793651,0.09875927113244738,0.22436897304525494,0.5922131880999597,0.2177394498685712,0.28056611117172553,9.16513045635196,6.963931038231332,0.013977556170675568,0.013935789716612319,0.27923710514248323,2215288.5657615075,2.099110207794764
Bldg_008_7St,Kobe_1995_NS_scaled_0.50g,7.0,755228.8090866206,23.728064373864356,1.605643367380175,0.5589701143139352,0.3501038149948886,0.34812843603369453,0.8481740220485228,800.3533323288627,107889.82986951723,34861030.99909627,40000000.0,0.7430515499548134,0.032214554413775735,0.5004,0.638522257342888,0.23589837657737536,3.4987904833061783,12.780000000000001,0.8720606558868951,0.7728301886792452,0.5652764666184324,1.3192188782989587,1.1457826520817924,0.36204141351667546,1.1296492138657723,2.077614708768293,1.841206063524582,0.024098229093257595,0.02611950449699044,0.4804970438335857,3521606.3998386497,11.871098050081535
Bldg_006_10St,Kobe_1995_NS_scaled_1.17g,10.0,3366909.3113988144,34.18399184750075,3.281079343997509,1.133043582854695,0.6893601308528857,0.345326480728823,0.8345073949971021,1676.2191738095921,336690.93113988143,51738376.4859165,57211205.11280589,0.7608497926193671,0.02384706204365683,1.1676,1.489885267133405,0.5504295453472083,19.04897040911142,12.780000000000001,0.8720606558868952,0.7728301886792452,1.0544398063424152,1.8484556268981862,2.366361157692202,2.8196193149125994,0.9030830818280363,4.245537237106151,3.762443955989065,0.1485594231243177,0.14557500455443123,3.72839536334581,28246188.679834068,22.11984939255243
Bldg_032_3St,El_Centro_1940_NS_scaled_0.49g,3.0,889774.2410912409,11.958446292640017,0.3812673573069689,0.14020888130339432,0.10215875831193638,0.3677442577139072,0.9141135992098178,901.8618153620312,296591.4136970803,373326647.5121846,395291334.35178196,0.8888683614801923,0.03380330511289547,0.4871999999999999,0.7653878044182246,0.26101657054381694,6.089775332399659,13.060000000000002,0.5341737574272261,0.7447272727272727,1.0981748164920258,1.1204227499406711,1.164712077645315,0.03960403853788579,2.254053400024684,0.5119556799776195,0.7137515686717565,0.005559059956518401,0.005032702676186468,0.04615884188648075,7929979.601583946,13.197428720543133
Bldg_035_8St,Northridge_1994_Sylmar_scaled_1.18g,8.0,2170485.1346629397,29.41406488338083,1.5058458369512058,0.5067389805174635,0.3116778724217766,0.3365145143565473,0.8582462946298408,1364.8482788843671,271310.64183286746,136007095.16231158,136007095.16231158,1.0,0.05362839943511724,1.1802,1.163336475365919,0.4602469807713281,17.910741244853703,9.37,0.4931760280806554,0.8192,0.8963863004806907,1.992195608587969,2.149902426507636,0.505221445164827,0.7595206748692516,1.8381907189345772,3.0533638117239055,0.03274598170549775,0.03780736679545236,0.6355121053887404,18906148.06802236,16.83897785365393
Bldg_037_6St,El_Centro_1940_NS_scaled_0.21g,6.0,1519801.1629553218,18.1313458662842,0.9220273617851668,0.32867711576859315,0.20663916498060184,0.3564721931160815,0.8535992240019256,1138.9912613079553,253300.19382588696,185099389.56536832,214716992.93877366,0.7241242719727287,0.047878458494656856,0.2088,0.3280233447506678,0.11186424451877919,1.1185301630938156,13.060000000000002,0.5341737574272261,0.7447272727272727,0.2150398693739165,0.551625784834903,0.5943352660237499,0.04538915314057714,1.029884431867416,1.2380738500533246,1.7260813526781695,0.004216336255789375,0.004590055830778471,0.06067483804911531,2978263.893566809,4.960547891212126
Bldg_004_9St,Imperial_Valley_1979_Array6,9.0,1948649.445047211,34.52008614666971,1.8669862587577561,0.6258111713455994,0.3829180140447785,0.3351985952815731,0.8546009371985288,1290.4718679648695,216516.60500524566,87950131.45529062,87950131.45529062,1.0,0.04849082359697768,0.439,0.4470557915681539,0.20993321390578878,3.03447831967358,11.25,0.4646807553227397,0.8192,0.21790402011068627,0.6548029498361357,1.0030727539710635,0.1886562173789995,0.4963645105027022,2.2790359603976516,4.017782611765487,0.010549142205068451,0.013561103585554785,0.22010292179466084,4574681.7609493835,4.9399857791525985
Bldg_038_3St,ChiChi_1999_TCU068,3.0,670960.952016786,9.738279216538054,0.5814586032302643,0.21822895584713087,0.15751830854494958,0.37531297092307303,0.9074263975091055,780.28692130387,223653.65067226198,118926299.32987614,129961841.76984638,0.8301725754315881,0.058719762660169365,0.512,0.6995040081872533,0.27990996478855884,5.758924443140322,18.89,0.7206483050886865,0.6206060606060606,0.9860950671521009,0.8547644141044255,0.7968964494135652,0.0828420575873069,1.925966928031447,0.9369206009081408,0.8068548820894087,0.01395633199330819,0.01436774549637571,0.10283182031637177,6061295.422231932,11.716823556438259
Bldg_008_7St,ChiChi_1999_TCU068_scaled_0.31g,7.0,755228.8090866206,23.728064373864356,1.605643367380175,0.5589701143139352,0.3501038149948886,0.34812843603369453,0.8481740220485228,800.3533323288627,107889.82986951723,34861030.99909627,40000000.0,0.7430515499548134,0.032214554413775735,0.3072,0.4197024049123519,0.1679459788731353,2.073212799530516,18.89,0.7206483050886867,0.6206060606060606,0.2993577581194079,0.7007089510299641,1.273058200082499,0.1917276284782147,0.974471868878281,2.5872183165793836,2.2280540397338147,0.012761882480550893,0.015691451989837117,0.23880352687591755,2305624.058690533,6.102750894344868
Bldg_012_9St,Loma_Prieta_1989_Corralitos_scaled_0.39g,9.0,2233538.9192729555,32.21400348906792,2.044992330417825,0.6938026305909998,0.4232174107613456,0.33926906241709215,0.8677249013184531,1392.155644429548,248170.99103032838,85201688.07554445,70380243.16449313,1.161922715813221,0.03024827774377832,0.3864,0.4116620618934086,0.2396404007189732,2.4907155508996683,11.41,0.6811214742642783,1.0778947368421052,0.2687122676811885,0.7597381960046505,1.0193146572788039,0.27971368125235124,0.6954251233985209,1.8972096815399742,3.002390040083156,0.017343237913445064,0.02035426644054857,0.33123958793637515,5993893.583183086,6.332825735357953
Bldg_036_7St,San_Fernando_1971_Pacoima_scaled_1.20g,7.0,1602726.511347166,28.557038136018107,1.3803364142962382,0.464490019337446,0.28960026023929597,0.33650493787361635,0.866819142413017,1178.6746879816149,228960.9301924523,105817892.48660325,105817892.48660325,1.0,0.04430220889174291,1.2,1.062742688536094,0.48583205637192123,20.75397680557232,9.42,0.461649004640927,0.28054794520547943,0.7891221169697378,2.4345448254842195,4.102097891819237,0.37306074373014714,0.6576017641414482,4.920144445489521,2.990012759520344,0.024904542975230197,0.03277633310938794,0.43802759179016104,14149288.243247481,17.232600603274022
Bldg_003_7St,Friuli_1976_Tolmezzo,7.0,1916270.4866929152,21.004371166760656,1.7280142136463181,0.5969958868135233,0.3709851306358629,0.34548088904534535,0.8517525842969699,1277.5712658214816,273752.92667041643,76957987.31765112,83542359.52837032,0.8423704513999704,0.03410275425336676,0.352,0.21352777719546898,0.102872191600987,1.308741949374992,10.049999999999999,0.4278323224718693,0.3250793650793651,0.1858545129220618,0.5390460322108539,0.8157772701632675,0.13785619361085227,0.5279957753467664,5.315668723619045,4.038998745261791,0.011867129355944746,0.013054871355656748,0.17497097406479747,3272585.318657719,4.422478615424657
Bldg_013_5St,Kobe_1995_NS,5.0,1315261.8799432397,20.03360101241618,1.3089278898694292,0.4557281832227655,0.2894843887416233,0.3481690525123016,0.8754262397221849,1073.0399628199511,263052.3759886479,71241185.83983777,75531053.48463854,0.8864078429497019,0.054416184732467,0.834,1.0642037622381462,0.3931639609622956,9.718862453628272,12.780000000000001,0.8720606558868959,0.7728301886792452,1.0469739790654857,1.4990968233274276,1.4017091811922808,0.44557582302677273,1.2553644832919493,1.6936811074970644,1.5009596878765668,0.03906373802586267,0.03735914815227219,0.5702171760874558,11306066.173773307,14.532771208174228
Bldg_006_10St,Loma_Prieta_1989_Corralitos_scaled_0.90g,10.0,3366909.3113988144,34.18399184750075,3.281079343997509,1.133043582854695,0.6893601308528857,0.345326480728823,0.8345073949971021,1676.2191738095921,336690.93113988143,51738376.4859165,57211205.11280589,0.7608497926193671,0.02384706204365683,0.9015999999999998,0.9605448110846201,0.5591609350109363,13.560562443787077,11.41,0.6811214742642782,1.0778947368421052,0.6036290740724484,1.6191552140254928,1.8405721455050863,1.6125153071493734,0.6695087334432658,3.0439700945289387,4.817172072781301,0.08504495608557126,0.0956932365345258,2.0413897830255903,18714796.786952004,13.373916541722583
Bldg_013_5St,ChiChi_1999_TCU068,5.0,1315261.8799432397,20.03360101241618,1.3089278898694292,0.4557281832227655,0.2894843887416233,0.3481690525123016,0.8754262397221849,1073.0399628199511,263052.3759886479,71241185.83983777,75531053.48463854,0.8864078429497019,0.054416184732467,0.512,0.6995040081872533,0.27990996478855884,5.758924443140322,18.89,0.7206483050886865,0.6206060606060606,0.49805719863489245,0.987829047272406,1.0636987329842822,0.21198291103758274,0.9727679660837742,2.1091123225435138,1.816319945008885,0.018583055852767816,0.01894517412053678,0.26755472851880535,5733412.105849071,8.09320229936554
Bldg_016_7St,Friuli_1976_Tolmezzo,7.0,911569.7535034107,29.227888440420674,1.3746005834113613,0.46292984498821277,0.2906324665083849,0.33677407864861714,0.8642017826515197,887.5698316126196,130224.25050048725,60830739.205434665,60830739.20543465,1.0,0.02701321079557354,0.352,0.21352777719546898,0.102872191600987,1.308741949374992,10.049999999999999,0.4278323224718693,0.3250793650793651,0.1749961315393048,0.874008463827382,0.8947486648812667,0.08217024132141236,0.4971481009639341,4.228507654048621,3.212942340282725,0.005322696375675849,0.0057656904595341585,0.108109546733949,1464447.5366967984,5.307784189182571
Bldg_007_7St,El_Centro_1940_NS,7.0,674145.3737687075,28.414145282790457,1.5363136806480093,0.5456887561369359,0.34003453867547073,0.3551935799378986,0.8432877429861823,753.9884154879235,96306.48196695822,33097495.190190606,40000000.0,0.6548747595095301,0.027548284333655176,0.348,0.546705574584446,0.18644040753129837,3.1070282308161543,13.060000000000002,0.534173757427226,0.7447272727272727,0.33896056777701067,0.9992725013549433,1.0418882109740668,0.1986358575418851,0.9740246200488814,2.0629212020420047,2.8760560759245304,0.011638651190140308,0.012073964331557338,0.26552195758055724,1960407.8666062863,6.951135758777621
Bldg_032_3St,San_Fernando_1971_Pacoima_scaled_1.20g,3.0,889774.2410912409,11.958446292640017,0.3812673573069689,0.14020888130339432,0.10215875831193638,0.3677442577139072,0.9141135992098178,901.8618153620312,296591.4136970803,373326647.5121846,395291334.35178196,0.8888683614801923,0.03380330511289547,1.2,1.062742688536094,0.48583205637192123,20.75397680557232,9.42,0.461649004640927,0.28054794520547943,2.67360530691228,3.0312793045005484,2.825335214096502,0.09615473531950584,2.2280044224269,1.359009623213317,0.8258814672491727,0.013534031174260743,0.013350523611081135,0.11192444760799695,21036287.402251385,32.86802505327896
Bldg_006_10St,San_Fernando_1971_Pacoima,10.0,3366909.3113988144,34.18399184750075,3.281079343997509,1.133043582854695,0.6893601308528857,0.345326480728823,0.8345073949971021,1676.2191738095921,336690.93113988143,51738376.4859165,57211205.11280589,0.7608497926193671,0.02384706204365683,1.17,1.0361741213226916,0.47368625496262196,19.729249200797177,9.42,0.461649004640927,0.28054794520547943,0.5797975839301265,1.2031877122980377,1.5898929256852001,1.5496429084442893,0.4955534905385697,11.69525352108487,7.1073029747991106,0.08168735102699809,0.08718599699403078,2.0765147314216343,15118943.764242731,16.418185925672688
Bldg_007_7St,Imperial_Valley_1979_Array6_scaled_0.61g,7.0,674145.3737687075,28.414145282790457,1.5363136806480093,0.5456887561369359,0.34003453867547073,0.3551935799378986,0.8432877429861823,753.9884154879235,96306.48196695822,33097495.190190606,40000000.0,0.6548747595095301,0.027548284333655176,0.6145999999999999,0.6258781081954151,0.2939064994681046,5.947577506560213,11.25,0.46468075532273967,0.8192,0.443448109634226,1.4241982282866057,1.3810131511261476,0.26016506257527144,0.7215231201337879,1.8753829109472768,3.306170232035921,0.015226366603076882,0.017345811738577466,0.3329993656183242,2816379.513073555,11.182965282002003
Bldg_002_6St,Kobe_1995_NS_scaled_0.50g,6.0,650483.7733847327,22.938348273347064,1.3796942775133207,0.4892396143506448,0.30631666469100405,0.35460001706495536,0.857522015391217,746.8628765256442,108413.96223078878,35753014.44204229,40000000.0,0.787650722102115,0.04779139732158818,0.5004,0.638522257342888,0.23589837657737536,3.4987904833061783,12.780000000000001,0.8720606558868951,0.7728301886792452,0.6187358934709373,0.9735061242595584,0.9986706496905382,0.2925197285128883,1.2364826008611858,1.7852489430714356,1.5821081574998437,0.019473428495718068,0.02240275676397285,0.38987869370242695,3150077.564452516,9.843564542331126
Bldg_037_6St,San_Fernando_1971_Pacoima_scaled_0.70g,6.0,1519801.1629553218,18.1313458662842,0.9220273617851668,0.32867711576859315,0.20663916498060184,0.3564721931160815,0.8535992240019256,1138.9912613079553,253300.19382588696,185099389.56536832,214716992.93877366,0.7241242719727287,0.047878458494656856,0.7020000000000001,0.621704472793615,0.284211752977573,7.102529712286988,9.42,0.46164900464092706,0.28054794520547943,0.6584876364992764,1.7983542130123997,2.032307910667957,0.13912605671793787,0.9380165762097954,3.2865233110506433,1.9972475896537984,0.012911118779249598,0.013728815616650084,0.18869660785746667,8824413.7032713,16.01892655951049
Bldg_009_9St,El_Centro_1940_NS_scaled_0.21g,9.0,1936007.7066165784,33.37060515365388,2.0240667166863795,0.7218964229585041,0.4472852984026352,0.35665643677019115,0.8231148142306102,1262.3615265765725,215111.96740184203,67549516.69497378,85350928.3329129,0.5828654242985061,0.05915571433100036,0.2088,0.3280233447506678,0.11186424451877919,1.1185301630938156,13.060000000000002,0.5341737574272261,0.7447272727272727,0.18118766214109414,0.44661787895163696,0.5198690825769747,0.18463924360844558,0.867757002591447,2.7178630228943086,3.789154162935702,0.00894719648327022,0.009303157147679764,0.2603412302788659,2898293.2577208346,4.9727993339054075
Bldg_015_10St,San_Fernando_1971_Pacoima_scaled_0.70g,10.0,2816481.9947992526,40.98256473151777,1.8319490809782595,0.6193726605439063,0.3773880973810691,0.3380949104836264,0.8478015197669436,1545.2565209657066,281648.1994799253,143070004.16746855,143070004.16746855,1.0,0.037694089189244176,0.7020000000000001,0.621704472793615,0.284211752977573,7.102529712286988,9.42,0.46164900464092706,0.28054794520547943,0.4363107443636234,1.1726905893359925,1.5413968872781219,0.3638241626045628,0.6215252768712584,6.529896626533835,3.96827256760395,0.017424889394104064,0.02179269337780315,0.44201697062777184,12777874.89400244,11.703375151459209
Bldg_028_4St,Imperial_Valley_1979_Array6,4.0,1124368.770359385,16.14633182447185,0.7820760057987548,0.27845282962298024,0.18452810965809507,0.3560431819393168,0.8976479800932551,1004.6329457035733,281092.19258984627,139609134.84546733,139609134.84546733,1.0,0.03511402197103145,0.439,0.4470557915681539,0.20993321390578878,3.03447831967358,11.25,0.4646807553227397,0.8192,0.592012928213471,1.032366818934772,1.2820762337874287,0.09009712776214827,1.348548811420207,0.9546826242660581,1.6830393702351008,0.009493975689771936,0.01072144822285534,0.11285747919072693,6617166.098674835,8.775855055126925
Bldg_008_7St,El_Centro_1940_NS_scaled_0.21g,7.0,755228.8090866206,23.728064373864356,1.605643367380175,0.5589701143139352,0.3501038149948886,0.34812843603369453,0.8481740220485228,800.3533323288627,107889.82986951723,34861030.99909627,40000000.0,0.7430515499548134,0.032214554413775735,0.2088,0.3280233447506678,0.11186424451877919,1.1185301630938156,13.060000000000002,0.5341737574272261,0.7447272727272727,0.17107887918656603,0.554885183918764,0.5646827448326786,0.10954498870281393,0.8193432911234004,2.1560152638161534,3.0058447182308883,0.007293241921635615,0.0076041292461695815,0.14736458703161992,1079783.467604227,4.2237961302577585
Bldg_037_6St,Imperial_Valley_1979_Array6_scaled_0.61g,6.0,1519801.1629553218,18.1313458662842,0.9220273617851668,0.32867711576859315,0.20663916498060184,0.3564721931160815,0.8535992240019256,1138.9912613079553,253300.19382588696,185099389.56536832,214716992.93877366,0.7241242719727287,0.047878458494656856,0.6145999999999999,0.6258781081954151,0.2939064994681046,5.947577506560213,11.25,0.46468075532273967,0.8192,0.5105901502851732,1.3295726283934703,1.2764596713754075,0.10781645549081009,0.8307682236986222,1.1255216818666587,1.98421680094064,0.010011258697116051,0.009857078585398664,0.14908885302965239,6347558.513401219,10.364684190607072
Bldg_006_10St,Imperial_Valley_1979_Array6_scaled_0.61g,10.0,3366909.3113988144,34.18399184750075,3.281079343997509,1.133043582854695,0.6893601308528857,0.345326480728823,0.8345073949971021,1676.2191738095921,336690.93113988143,51738376.4859165,57211205.11280589,0.7608497926193671,0.02384706204365683,0.6145999999999999,0.6258781081954151,0.2939064994681046,5.947577506560213,11.25,0.46468075532273967,0.8192,0.29899404586049844,0.6189530469423142,0.8065408555667518,0.7993014143527272,0.4864855936552204,4.005223808590709,7.060932277513119,0.04212510064914712,0.04266782503477963,1.0581935715829884,8344577.984662698,5.8304906783562425
Bldg_008_7St,Kobe_1995_NS_scaled_1.17g,7.0,755228.8090866206,23.728064373864356,1.605643367380175,0.5589701143139352,0.3501038149948886,0.34812843603369453,0.8481740220485228,800.3533323288627,107889.82986951723,34861030.99909627,40000000.0,0.7430515499548134,0.032214554413775735,1.1676,1.489885267133405,0.5504295453472083,19.04897040911142,12.780000000000001,0.8720606558868952,0.7728301886792452,1.3189784221098566,3.078177382697609,2.673492854857525,0.8447632982056923,1.1296492138659273,2.077614708768293,1.8412060635245817,0.056229201217608764,0.06094551049298157,1.1211597689450523,8217081.599624962,27.69922878353092
Bldg_001_9St,Northridge_1994_Sylmar,9.0,1527742.1397965779,38.35519513262496,2.1413036512544052,0.7346964083904504,0.4502992706525202,0.3431070637553226,0.845007649463895,1136.201476207652,169749.1266440642,50592313.74146908,55675323.882297106,0.8174052780878655,0.05395655297064335,0.843,0.8309546252613713,0.3287478434080909,9.138133288190668,9.37,0.4931760280806555,0.8192,0.3548603525007118,1.2571878424788003,1.390239931275114,0.4040197146329296,0.4209494098466332,2.6138960586601625,4.341864829861945,0.016052328393528416,0.02182636782943982,0.5818860216040983,4800625.575848499,10.241362049311132
Bldg_040_5St,San_Fernando_1971_Pacoima,5.0,886610.9492362948,19.765736699798776,1.0612910403555909,0.38285605262008715,0.2551718244840761,0.36074558067672874,0.8574015036543967,871.8839148829684,177322.18984725897,67561726.4654356,78967512.31225075,0.6389089160579486,0.024267970004537443,1.17,1.0361741213226916,0.47368625496262196,19.729249200797177,9.42,0.461649004640927,0.28054794520547943,1.2509668362008435,2.823120338242196,5.143932107130634,0.35003354990247154,1.0692024241032851,3.782922165329987,2.2989133079168416,0.029873929029547667,0.03266178108881147,0.48513817595609626,8858279.177005013,28.406814755114436
Bldg_019_10St,El_Centro_1940_NS_scaled_0.21g,10.0,2052578.4585914456,37.07858698432766,3.118454611073725,1.0899438674104054,0.6686626239905169,0.349514103408779,0.8291539226026338,1304.5702282325642,205257.84585914455,33968527.97319341,40000000.0,0.6984263986596704,0.03693883769232474,0.2088,0.3280233447506678,0.11186424451877919,1.1185301630938156,13.060000000000002,0.5341737574272261,0.7447272727272727,0.1340030195791503,0.19123256850662196,0.46849125166097044,0.323732260462015,0.6417769136932486,4.187378017799191,5.837903056288893,0.013438959512417133,0.016487337072344857,0.4339818158002232,2155296.3498912076,3.3381394316491195
Bldg_004_9St,El_Centro_1940_NS_scaled_0.21g,9.0,1948649.445047211,34.52008614666971,1.8669862587577561,0.6258111713455994,0.3829180140447785,0.3351985952815731,0.8546009371985288,1290.4718679648695,216516.60500524566,87950131.45529062,87950131.45529062,1.0,0.04849082359697768,0.2088,0.3280233447506678,0.11186424451877919,1.1185301630938156,13.060000000000002,0.5341737574272261,0.7447272727272727,0.15290306481578803,0.5161812581414017,0.4438569113155647,0.13241645608845024,0.7322943717231227,2.506939556437417,3.4950916865512767,0.007402324076046006,0.008989538223490615,0.17730850210796018,3032516.9549007206,3.8441705089253038
Bldg_028_4St,Kobe_1995_NS_scaled_1.17g,4.0,1124368.770359385,16.14633182447185,0.7820760057987548,0.27845282962298024,0.18452810965809507,0.3560431819393168,0.8976479800932551,1004.6329457035733,281092.19258984627,139609134.84546733,139609134.84546733,1.0,0.03511402197103145,1.1676,1.489885267133405,0.5504295453472083,19.04897040911142,12.780000000000001,0.8720606558868952,0.7728301886792452,2.7659736129880224,2.2749561136856937,1.9908018189412664,0.4210975386077353,2.3689393739191695,1.0119635817220216,0.8968137715184215,0.04435728510102729,0.04604192858931246,0.5315337892781336,28416598.452561196,34.78844384611012
Bldg_026_8St,San_Fernando_1971_Pacoima_scaled_1.20g,8.0,1015166.0411593535,27.05742871588174,1.3951200061550888,0.48102600867032974,0.2939048899595255,0.3447918505563,0.8676064061736877,938.4905756798182,126895.75514491918,72720867.3625144,62594538.81860429,1.073553100159606,0.03644826883488745,1.2,1.062742688536094,0.48583205637192123,20.75397680557232,9.42,0.461649004640927,0.28054794520547943,0.7814235269453721,2.9233668011410345,4.152779024208523,0.3777084997535491,0.6511862724544768,4.972839865689526,3.0220362052772547,0.029084346714041594,0.03738266110594593,0.44360083916460474,8675167.928122941,21.15834677118952
Bldg_010_4St,Friuli_1976_Tolmezzo_scaled_0.21g,4.0,577210.2580398876,15.589050114707588,0.9035156567368826,0.3317185659069841,0.22164574174728088,0.367142022867663,0.8750783301686131,710.7068233538631,144302.5645099719,51967001.47358608,60903626.192958586,0.7065322616075785,0.058122873880958124,0.2112,0.12811666631728136,0.0617233149605922,0.471147101774997,10.049999999999999,0.42783232247186925,0.3250793650793651,0.17217434019764138,0.4120225060132725,0.45698525042719274,0.03484071687401915,0.8152194138145898,2.7793694518761525,2.111845247027334,0.0035930830862412086,0.003723367202573373,0.04944727736841188,837864.8583686873,3.9570022632081665
Bldg_007_7St,El_Centro_1940_NS_scaled_0.21g,7.0,674145.3737687075,28.414145282790457,1.5363136806480093,0.5456887561369359,0.34003453867547073,0.3551935799378986,0.8432877429861823,753.9884154879235,96306.48196695822,33097495.190190606,40000000.0,0.6548747595095301,0.027548284333655176,0.2088,0.3280233447506678,0.11186424451877919,1.1185301630938156,13.060000000000002,0.5341737574272261,0.7447272727272727,0.2033763406662052,0.5995635008129643,0.625132926584437,0.11918151452513043,0.9740246200488754,2.0629212020420047,2.8760560759245295,0.006983190714084143,0.007244378598934305,0.15931317454834168,1176244.719963756,4.170681455267502
Bldg_032_3St,San_Fernando_1971_Pacoima,3.0,889774.2410912409,11.958446292640017,0.3812673573069689,0.14020888130339432,0.10215875831193638,0.3677442577139072,0.9141135992098178,901.8618153620312,296591.4136970803,373326647.5121846,395291334.35178196,0.8888683614801923,0.03380330511289547,1.17,1.0361741213226916,0.47368625496262196,19.729249200797177,9.42,0.461649004640927,0.28054794520547943,2.6067651742394844,2.9554973218880383,2.754701833744091,0.0937508669365186,2.2280044224269098,1.359009623213317,0.8258814672491727,0.01319568039490428,0.013016760520804168,0.10912633641779808,20510380.217195198,32.04632442694794
Bldg_010_4St,Imperial_Valley_1979_Array6,4.0,577210.2580398876,15.589050114707588,0.9035156567368826,0.3317185659069841,0.22164574174728088,0.367142022867663,0.8750783301686131,710.7068233538631,144302.5645099719,51967001.47358608,60903626.192958586,0.7065322616075785,0.058122873880958124,0.439,0.4470557915681539,0.20993321390578878,3.03447831967358,11.25,0.4646807553227397,0.8192,0.3443983012683209,0.8938250655806391,0.9024809002965165,0.06977802740857436,0.784506381021232,1.1029243856651398,1.944379332234997,0.0071872017037900035,0.007441298546028901,0.09165191924100122,1766247.425989835,6.5325034695283035
Bldg_010_4St,Kobe_1995_NS_scaled_0.50g,4.0,577210.2580398876,15.589050114707588,0.9035156567368826,0.3317185659069841,0.22164574174728088,0.367142022867663,0.8750783301686131,710.7068233538631,144302.5645099719,51967001.47358608,60903626.192958586,0.7065322616075785,0.058122873880958124,0.5004,0.638522257342888,0.23589837657737536,3.4987904833061783,12.780000000000001,0.8720606558868951,0.7728301886792452,0.8310989790011576,0.9217467960209343,0.8731480555255734,0.16824417628320765,1.6608692625922414,1.1690998488050484,1.0360697396880008,0.017344092511192354,0.01693054770505301,0.22212503971844294,4018591.1262230184,14.105828678058831
Bldg_018_10St,Friuli_1976_Tolmezzo_scaled_0.21g,10.0,2641541.8673443226,33.10622970315683,2.979394789620447,0.9999769202777022,0.6053898786112969,0.33563088844801664,0.8685081886935473,1514.6619235213475,264154.18673443224,53343084.94813778,41033142.2677983,1.3333333333333333,0.03095844509284535,0.2112,0.12811666631728136,0.0617233149605922,0.471147101774997,10.049999999999999,0.42783232247186925,0.3250793650793651,0.059255562679470665,0.1346213838271515,0.3553279128599824,0.13064366992114776,0.28056611117173613,9.16513045635196,6.963931038231333,0.008386533702405656,0.008361473829968283,0.16754226308550627,1329173.1394570463,1.2594661246768768
Bldg_033_6St,Imperial_Valley_1979_Array6,6.0,470835.12233445,22.287920016752828,0.9424337011627946,0.3261489219395039,0.2033903163261337,0.34607094540135236,0.865772791165726,638.4639676930507,78472.520389075,56818952.49859368,61590430.563559696,0.8450578110493322,0.04751138868384332,0.439,0.4470557915681539,0.20993321390578878,3.03447831967358,11.25,0.4646807553227397,0.8192,0.3603739026958813,0.9668997431218015,0.9054924034634118,0.07950684844401096,0.8208972726557661,1.1504317641147395,2.028131551323308,0.005314684429497247,0.005992748557050759,0.10751760964031537,1289103.2962211494,7.336744128678825
Bldg_006_10St,ChiChi_1999_TCU068,10.0,3366909.3113988144,34.18399184750075,3.281079343997509,1.133043582854695,0.6893601308528857,0.345326480728823,0.8345073949971021,1676.2191738095921,336690.93113988143,51738376.4859165,57211205.11280589,0.7608497926193671,0.02384706204365683,0.512,0.6995040081872533,0.27990996478855884,5.758924443140322,18.89,0.7206483050886865,0.6206060606060606,0.3875138456908431,0.7518173860065913,1.3193289817200058,1.0359845906378036,0.7568629798649279,5.2868954273397355,4.552955055647738,0.054596604777478214,0.06006897483989729,1.3812359421272413,11747733.675238488,9.12865207506036
Bldg_040_5St,ChiChi_1999_TCU068_scaled_0.72g,5.0,886610.9492362948,19.765736699798776,1.0612910403555909,0.38285605262008715,0.2551718244840761,0.36074558067672874,0.8574015036543967,871.8839148829684,177322.18984725897,67561726.4654356,78967512.31225075,0.6389089160579486,0.024267970004537443,0.7168,0.9793056114621539,0.3918739507039827,11.287491908555028,18.89,0.7206483050886867,0.6206060606060606,1.223840793300816,2.8602386330907623,1.622388923143084,0.34241687959712,1.70736717815404,1.7100881021354735,1.4726892894377694,0.029226140889209,0.03389281403961114,0.4287954057602492,10580326.918277454,22.925043917231854
Bldg_016_7St,Loma_Prieta_1989_Corralitos_scaled_0.39g,7.0,911569.7535034107,29.227888440420674,1.3746005834113613,0.46292984498821277,0.2906324665083849,0.33677407864861714,0.8642017826515197,887.5698316126196,130224.25050048725,60830739.205434665,60830739.20543465,1.0,0.02701321079557354,0.3864,0.4116620618934086,0.2396404007189732,2.4907155508996683,11.41,0.6811214742642783,1.0778947368421052,0.467155452502107,0.8912453139558759,1.3704785912683923,0.21927915726611613,1.2089944422932375,1.2752642131257745,2.0181430704356416,0.014209037720080642,0.014441091424289716,0.2795320952686518,3667942.4453915297,9.641863503134338
Bldg_008_7St,San_Fernando_1971_Pacoima_scaled_1.20g,7.0,755228.8090866206,23.728064373864356,1.605643367380175,0.5589701143139352,0.3501038149948886,0.34812843603369453,0.8481740220485228,800.3533323288627,107889.82986951723,34861030.99909627,40000000.0,0.7430515499548134,0.032214554413775735,1.2,1.062742688536094,0.48583205637192123,20.75397680557232,9.42,0.461649004640927,0.28054794520547943,0.5286094164778992,2.9711062603353433,3.7694677189070944,0.33858466653926805,0.44050784706491597,5.723240518493789,3.4780609320907185,0.02253508074613742,0.030780082187426804,0.4336665419607465,4535547.738196436,24.286835800121775
Bldg_002_6St,San_Fernando_1971_Pacoima_scaled_1.20g,6.0,650483.7733847327,22.938348273347064,1.3796942775133207,0.4892396143506448,0.30631666469100405,0.35460001706495536,0.857522015391217,746.8628765256442,108413.96223078878,35753014.44204229,40000000.0,0.787650722102115,0.04779139732158818,1.2,1.062742688536094,0.48583205637192123,20.75397680557232,9.42,0.461649004640927,0.28054794520547943,0.7720367386203357,2.7481790060833005,2.9666873228236867,0.36467486200388743,0.6433639488502798,4.917855579026973,2.988621796307032,0.024298254528685528,0.03237861252882726,0.4413118740625165,5627604.2193449335,18.25376566319962
Bldg_025_6St,Northridge_1994_Sylmar_scaled_1.18g,6.0,1757236.410893677,25.206007389869953,1.499772555124449,0.5085192700648059,0.31318652089399057,0.33906425899533127,0.8984443167658247,1256.4947539012646,292872.7351489462,90287042.21106903,70659424.3390975,1.3333333333333333,0.058348096296313844,1.1802,1.163336475365919,0.4602469807713281,17.910741244853703,9.37,0.4931760280806554,0.8192,0.862675921547855,1.908691987613057,2.076726698938483,0.48232072609461185,0.7309573983628666,1.8307770448296494,3.041049178649802,0.040094582477762784,0.04479655677859519,0.6002948188202124,14922742.66676375,14.475318377288584
Bldg_005_5St,ChiChi_1999_TCU068,5.0,1054965.4097151533,19.818838538279376,0.8108817871991694,0.2855759554952941,0.18628453092568645,0.3521795161803908,0.8722298013627929,959.2561022795037,210993.08194303064,142976339.73852292,158130879.27603912,0.7604114451444064,0.038812025377841536,0.512,0.6995040081872533,0.27990996478855884,5.758924443140322,18.89,0.7206483050886865,0.6206060606060606,1.2193643764028383,1.086003243413379,1.162276738842493,0.19920363997037588,2.3815710476617937,1.3065966297642866,1.1252115372690403,0.017554903191415113,0.018217579387450156,0.2561615343372649,11418670.781866426,15.557501960845546
Bldg_032_3St,Friuli_1976_Tolmezzo,3.0,889774.2410912409,11.958446292640017,0.3812673573069689,0.14020888130339432,0.10215875831193638,0.3677442577139072,0.9141135992098178,901.8618153620312,296591.4136970803,373326647.5121846,395291334.35178196,0.8888683614801923,0.03380330511289547,0.352,0.21352777719546898,0.102872191600987,1.308741949374992,10.049999999999999,0.4278323224718693,0.3250793650793651,0.8085066228582555,0.6363167929294586,0.8131323605118262,0.029196979850208558,2.296893814938226,1.1728439214032735,0.8911607124588813,0.004092733437530881,0.0034770274172349195,0.0315760301414107,5478717.553351331,9.423980270481389
Bldg_003_7St,Northridge_1994_Sylmar_scaled_1.18g,7.0,1916270.4866929152,21.004371166760656,1.7280142136463181,0.5969958868135233,0.3709851306358629,0.34548088904534535,0.8517525842969699,1277.5712658214816,273752.92667041643,76957987.31765112,83542359.52837032,0.8423704513999704,0.03410275425336676,1.1802,1.163336475365919,0.4602469807713281,17.910741244853703,9.37,0.4931760280806554,0.8192,0.9538618523308339,2.368043605686456,3.7292603664945303,0.7075099467230357,0.808220515447241,2.109392350642478,3.503848758366077,0.06090571496672752,0.06517893164056339,0.9597025308668065,16339005.49163797,24.72935825296218
Bldg_016_7St,Friuli_1976_Tolmezzo_scaled_0.21g,7.0,911569.7535034107,29.227888440420674,1.3746005834113613,0.46292984498821277,0.2906324665083849,0.33677407864861714,0.8642017826515197,887.5698316126196,130224.25050048725,60830739.205434665,60830739.20543465,1.0,0.02701321079557354,0.2112,0.12811666631728136,0.0617233149605922,0.471147101774997,10.049999999999999,0.42783232247186925,0.3250793650793651,0.10499767892358308,0.5244050782964274,0.5368491989287533,0.04930214479284758,0.497148100963935,4.228507654048621,3.2129423402827255,0.0031936178254055154,0.0034594142757203134,0.06486572804036884,878668.5220180328,3.1846705135090425
Bldg_021_8St,ChiChi_1999_TCU068_scaled_0.72g,8.0,2522754.82118266,32.32951534566002,2.6102427070001735,0.9254001036349783,0.5728010687995481,0.35452645884355183,0.8357723193147679,1452.0498090500698,315344.3526478325,48088571.83372548,57616640.05790957,0.6692598452597174,0.02453858408069792,0.7168,0.9793056114621539,0.3918739507039827,11.287491908555028,18.89,0.7206483050886867,0.6206060606060606,0.6789818887106313,1.912016341592163,1.8497315507400425,1.149523629511995,0.9472403581342512,4.205957486865514,3.6220756901370126,0.05111903628323707,0.07244700005265843,1.6086413326245252,18015116.969864734,18.077130638842583
Bldg_023_4St,Loma_Prieta_1989_Corralitos_scaled_0.39g,4.0,766198.5056578394,14.085368853543702,0.6464204299712705,0.2384130320594705,0.16037881502662232,0.3688203853180608,0.8743349213046628,818.4828099282827,191549.62641445984,132243280.43540907,155581753.84682024,0.6999844411782463,0.030147286954925547,0.3864,0.4116620618934086,0.2396404007189732,2.4907155508996683,11.41,0.6811214742642783,1.0778947368421052,0.8528261012705156,1.1363052863056238,0.9917029049916234,0.08835747610175651,2.207106887346055,0.5997064535866279,0.9490530755464867,0.010226649903129591,0.011192234317633437,0.11277804573483119,6131739.4111601245,11.906174113264061
Bldg_002_6St,El_Centro_1940_NS,6.0,650483.7733847327,22.938348273347064,1.3796942775133207,0.4892396143506448,0.30631666469100405,0.35460001706495536,0.857522015391217,746.8628765256442,108413.96223078878,35753014.44204229,40000000.0,0.787650722102115,0.04779139732158818,0.348,0.546705574584446,0.18644040753129837,3.1070282308161543,13.060000000000002,0.534173757427226,0.7447272727272727,0.34167117873176456,0.8485454225974975,0.9922533969651344,0.16144872773275112,0.9818137319878293,1.8526168277156407,2.582856717182116,0.010753391452298616,0.013152811892448546,0.2170288889031541,1828537.9522133796,6.646165066229677
Bldg_031_7St,Imperial_Valley_1979_Array6_scaled_0.61g,7.0,856890.734760222,22.75669864505952,1.4911929430096265,0.5226822901820123,0.3255666176728036,0.3505128512257438,0.8443472679464323,850.595879853297,122412.96210860314,46041581.58392334,53788220.09784441,0.7119578041500756,0.04318599737886953,0.6145999999999999,0.6258781081954151,0.2939064994681046,5.947577506560213,11.25,0.46468075532273967,0.8192,0.35821356529212284,1.1800488762563417,1.4039150397636042,0.19791690400032774,0.5828401648098323,1.820303885509798,3.2090697235221897,0.014534860287114048,0.015426014302122364,0.2668902108552747,2636369.035121523,9.184946744910208
Bldg_034_4St,Kobe_1995_NS_scaled_1.17g,4.0,666777.4275900043,12.29923854005396,0.7869876091101675,0.2751374623816294,0.18176931440458607,0.3496083790858185,0.901114411902358,775.1404708390176,166694.35689750107,83823096.24972795,83823096.24972795,1.0,0.025909563676249067,1.1676,1.489885267133405,0.5504295453472083,19.04897040911142,12.780000000000001,0.8720606558868952,0.7728301886792452,3.206724396972081,2.622023761233651,1.8257823539892482,0.4939222910530565,2.7464237726722174,1.0183189278036837,0.9024459523515512,0.0733096598392199,0.075349663342747,0.6411068989834016,19420627.05123243,43.88492641870802
Bldg_029_10St,Northridge_1994_Sylmar,10.0,3306559.1027033487,40.85103354718929,2.8470338124293835,1.0055703560634366,0.6133007191000883,0.35319930226096613,0.8447518426005479,1671.293479517068,330655.91027033486,66673572.54055375,62546842.54886757,0.748278909461416,0.032311089590841974,0.843,0.8309546252613713,0.3287478434080909,9.138133288190668,9.37,0.4931760280806555,0.8192,0.3500718149633974,1.0791179014415497,1.5777343807729758,0.7044845305863879,0.41526905689608234,3.475383071813212,5.772855228810454,0.03146667457572361,0.03222153914937673,1.0174972824404158,9399153.168534363,11.077297029361127
Bldg_038_3St,El_Centro_1940_NS,3.0,670960.952016786,9.738279216538054,0.5814586032302643,0.21822895584713087,0.15751830854494958,0.37531297092307303,0.9074263975091055,780.28692130387,223653.65067226198,118926299.32987614,129961841.76984638,0.8301725754315881,0.058719762660169365,0.348,0.546705574584446,0.18644040753129837,3.1070282308161543,13.060000000000002,0.534173757427226,0.7447272727272727,0.7153357002660262,0.9581444357918047,0.7995851439746058,0.060076622253553334,2.0555623570862824,0.7807671674234506,1.088519597126559,0.010124239388410158,0.010765075679448483,0.07304134782008415,4541443.468098798,10.315996985582519
Bldg_015_10St,El_Centro_1940_NS_scaled_0.49g,10.0,2816481.9947992526,40.98256473151777,1.8319490809782595,0.6193726605439063,0.3773880973810691,0.3380949104836264,0.8478015197669436,1545.2565209657066,281648.1994799253,143070004.16746855,143070004.16746855,1.0,0.037694089189244176,0.4871999999999999,0.7653878044182246,0.26101657054381694,6.089775332399659,13.060000000000002,0.5341737574272261,0.7447272727272727,0.3598250807206348,1.3007682252238817,1.0886655945757073,0.30005452592515053,0.7385572264380846,2.4598925647901435,3.4295003367473322,0.014370290701702855,0.017590168656975935,0.41020192953042184,10313776.75841458,9.273115365039864
Bldg_003_7St,Kobe_1995_NS,7.0,1916270.4866929152,21.004371166760656,1.7280142136463181,0.5969958868135233,0.3709851306358629,0.34548088904534535,0.8517525842969699,1277.5712658214816,273752.92667041643,76957987.31765112,83542359.52837032,0.8423704513999704,0.03410275425336676,0.834,1.0642037622381462,0.3931639609622956,9.718862453628272,12.780000000000001,0.8720606558868959,0.7728301886792452,0.947071029593109,1.7977358415679028,1.8984008427354706,0.7024863630822957,1.135576774092457,2.235955891681027,1.9815298419682832,0.060472109289927696,0.057143110949461104,0.9359722365218579,13951677.834119577,16.629201059846793
Bldg_039_3St,Kobe_1995_NS_scaled_1.17g,3.0,532860.2944545313,11.890482304305188,0.4107129396322553,0.15876053972412202,0.11447839721976313,0.3865486679486486,0.8958001841302572,690.8953248416667,177620.09815151044,183096848.05044726,214400511.75447863,0.7079889087216464,0.03476921926039584,1.1676,1.489885267133405,0.5504295453472083,19.04897040911142,12.780000000000001,0.8720606558868952,0.7728301886792452,2.778104048458258,1.7631702193211451,1.7141788401143119,0.11644816094409913,2.3793285786727116,0.5314400830202523,0.4709683172376992,0.013584090565753264,0.01566017998483922,0.15423667495226448,13283562.70238143,37.143889694540924
Bldg_037_6St,Imperial_Valley_1979_Array6,6.0,1519801.1629553218,18.1313458662842,0.9220273617851668,0.32867711576859315,0.20663916498060184,0.3564721931160815,0.8535992240019256,1138.9912613079553,253300.19382588696,185099389.56536832,214716992.93877366,0.7241242719727287,0.047878458494656856,0.439,0.4470557915681539,0.20993321390578878,3.03447831967358,11.25,0.4646807553227397,0.8192,0.3647072502036846,0.9496947345667617,0.9117569081252958,0.07701175392200502,0.8307682236985982,1.1255216818666587,1.9842168009406398,0.007150899069368402,0.007040770418141925,0.10649203787832291,4533970.366715031,7.403345850434141
Bldg_026_8St,Northridge_1994_Sylmar,8.0,1015166.0411593535,27.05742871588174,1.3951200061550888,0.48102600867032974,0.2939048899595255,0.3447918505563,0.8676064061736877,938.4905756798182,126895.75514491918,72720867.3625144,62594538.81860429,1.073553100159606,0.03644826883488745,0.843,0.8309546252613713,0.3287478434080909,9.138133288190668,9.37,0.4931760280806555,0.8192,0.689173375396263,1.7128610311834254,2.1707138317220003,0.3332166146546151,0.8175247632221389,1.703027351263536,2.8288479705403007,0.025650824047319103,0.026172207876799008,0.4576593447551078,6073625.891359029,16.9260082185649
Bldg_012_9St,El_Centro_1940_NS,9.0,2233538.9192729555,32.21400348906792,2.044992330417825,0.6938026305909998,0.4232174107613456,0.33926906241709215,0.8677249013184531,1392.155644429548,248170.99103032838,85201688.07554445,70380243.16449313,1.161922715813221,0.03024827774377832,0.348,0.546705574584446,0.18644040753129837,3.1070282308161543,13.060000000000002,0.534173757427226,0.7447272727272727,0.3847225677278412,0.8675626766375227,1.197015103594582,0.4010699265701137,1.1055246199075897,2.7459613811762784,3.8283279588036065,0.02483077933267926,0.02601340929021048,0.5212140459830348,7660389.406649901,8.62804055023778
Bldg_022_7St,San_Fernando_1971_Pacoima_scaled_1.20g,7.0,1284556.1704486806,22.23148050221301,1.98084884368781,0.6726415516435851,0.4158103425373049,0.3395723776637629,0.8648236794908523,1053.9993329410158,183508.02434981152,41197991.83998627,41197991.83998628,1.0,0.040533046747695714,1.2,1.062742688536094,0.48583205637192123,20.75397680557232,9.42,0.461649004640927,0.28054794520547943,0.7136302464474137,1.5068700305518636,2.239676746568095,0.6955082850395469,0.5946918720395115,7.060642851035651,4.290811468831227,0.05941939202290401,0.06436936150456118,0.8720999546308418,8422200.846544636,12.64861597030212
Bldg_028_4St,Kobe_1995_NS_scaled_0.50g,4.0,1124368.770359385,16.14633182447185,0.7820760057987548,0.27845282962298024,0.18452810965809507,0.3560431819393168,0.8976479800932551,1004.6329457035733,281092.19258984627,139609134.84546733,139609134.84546733,1.0,0.03511402197103145,0.5004,0.638522257342888,0.23589837657737536,3.4987904833061783,12.780000000000001,0.8720606558868951,0.7728301886792452,1.1854172627091435,0.9749811915795792,0.8532007795462576,0.18047037368902796,2.3689393739191518,1.0119635817220216,0.8968137715184216,0.019010265043297263,0.01973225510970543,0.22780019540491867,12178542.193954855,14.909333076906446
Bldg_020_5St,Friuli_1976_Tolmezzo_scaled_0.21g,5.0,431577.0521504538,15.320911780484215,0.7130741434112638,0.25501056678852646,0.16467834084054334,0.3576213906292907,0.8673366722282386,611.8190943589842,86315.41043009076,75660470.46042758,83114761.34278658,0.7757831833380477,0.058341659875327925,0.2112,0.12811666631728136,0.0617233149605922,0.471147101774997,10.049999999999999,0.42783232247186925,0.3250793650793651,0.26850728559921355,0.47575084666641326,0.3435813801383108,0.033866982633299306,1.2713413143902157,2.1935386247514463,1.666714051176322,0.0038701699251673665,0.003940825640193785,0.044057024520249496,1003644.686878397,4.737149356950851
Bldg_017_6St,Imperial_Valley_1979_Array6_scaled_0.61g,6.0,646461.7617538249,22.924539139666617,1.3489350259407027,0.48507097650948133,0.3037321310675228,0.3595955084428243,0.8461101879887595,739.5795310614494,107743.62695897081,36385927.280900784,42481912.65457106,0.7130079606707943,0.04463404657559655,0.6145999999999999,0.6258781081954151,0.2939064994681046,5.947577506560213,11.25,0.46468075532273967,0.8192,0.314470736561583,1.521283365408234,1.4897052350228348,0.14214675751091915,0.5116673227490774,1.6466492015877718,2.9029285385486054,0.010392433504519849,0.012906615676629412,0.1982751025516855,1789885.5501385417,10.721439693907667
Bldg_001_9St,Imperial_Valley_1979_Array6,9.0,1527742.1397965779,38.35519513262496,2.1413036512544052,0.7346964083904504,0.4502992706525202,0.3431070637553226,0.845007649463895,1136.201476207652,169749.1266440642,50592313.74146908,55675323.882297106,0.8174052780878655,0.05395655297064335,0.439,0.4470557915681539,0.20993321390578878,3.03447831967358,11.25,0.4646807553227397,0.8192,0.191177081152383,0.48727371506909994,0.915327192073861,0.21805360377097222,0.4354831005749043,2.6138960586601625,4.608117781351162,0.008648013976055914,0.010961475700018165,0.2785272720865759,2425641.4553618645,4.715282525220677
Bldg_029_10St,ChiChi_1999_TCU068_scaled_0.31g,10.0,3306559.1027033487,40.85103354718929,2.8470338124293835,1.0055703560634366,0.6133007191000883,0.35319930226096613,0.8447518426005479,1671.293479517068,330655.91027033486,66673572.54055375,62546842.54886757,0.748278909461416,0.032311089590841974,0.3072,0.4197024049123519,0.1679459788731353,2.073212799530516,18.89,0.7206483050886867,0.6206060606060606,0.2888745142480428,0.5247054649614107,0.9172143589364425,0.5816052352027008,0.9403467260678476,4.58750565479344,3.950656363618329,0.025965873128100336,0.0302525076476579,0.7086608920303841,9219211.748139761,6.272776808483334
Bldg_023_4St,San_Fernando_1971_Pacoima,4.0,766198.5056578394,14.085368853543702,0.6464204299712705,0.2384130320594705,0.16037881502662232,0.3688203853180608,0.8743349213046628,818.4828099282827,191549.62641445984,132243280.43540907,155581753.84682024,0.6999844411782463,0.030147286954925547,1.17,1.0361741213226916,0.47368625496262196,19.729249200797177,9.42,0.461649004640927,0.28054794520547943,1.6242772533082652,4.456150369598058,3.283487909836941,0.16856710726934784,1.3882711566737311,2.3041353216749387,1.400242226178002,0.0194774934660819,0.023079237608886978,0.22889194247351113,12644112.588223968,37.330460301676204
Bldg_018_10St,ChiChi_1999_TCU068,10.0,2641541.8673443226,33.10622970315683,2.979394789620447,0.9999769202777022,0.6053898786112969,0.33563088844801664,0.8685081886935473,1514.6619235213475,264154.18673443224,53343084.94813778,41033142.2677983,1.3333333333333333,0.03095844509284535,0.512,0.6995040081872533,0.27990996478855884,5.758924443140322,18.89,0.7206483050886865,0.6206060606060606,0.4593831476839184,0.9204219192686048,1.5017702335600467,1.0125253530423917,0.8972327103201532,4.800782619993885,4.134325673955187,0.06501722498541285,0.07162090924704025,1.2430002726139218,11385144.620493032,9.026982595476971
Bldg_016_7St,Northridge_1994_Sylmar_scaled_0.51g,7.0,911569.7535034107,29.227888440420674,1.3746005834113613,0.46292984498821277,0.2906324665083849,0.33677407864861714,0.8642017826515197,887.5698316126196,130224.25050048725,60830739.205434665,60830739.20543465,1.0,0.02701321079557354,0.5057999999999999,0.498572775156823,0.1972487060448539,3.289727983748639,9.37,0.49317602808065547,0.8192,0.4354763423417637,1.0781180156360475,1.5362099803221345,0.20442749875104113,0.8609654850568679,1.6779792277970718,2.7872412792670347,0.01324548336403922,0.013584091919703932,0.27510928301009513,3450270.195684523,10.732697072204955
Bldg_004_9St,Loma_Prieta_1989_Corralitos_scaled_0.90g,9.0,1948649.445047211,34.52008614666971,1.8669862587577561,0.6258111713455994,0.3829180140447785,0.3351985952815731,0.8546009371985288,1290.4718679648695,216516.60500524566,87950131.45529062,87950131.45529062,1.0,0.04849082359697768,0.9015999999999998,0.9605448110846201,0.5591609350109363,13.560562443787077,11.41,0.6811214742642782,1.0778947368421052,0.6542576728739522,1.587960898600557,2.139502635915371,0.5662807456391575,0.7256629024777643,1.7320673299022151,2.7410474185598166,0.03167384074143569,0.03418896637499165,0.7051416811346961,11533253.16886351,11.894518929077467
Bldg_003_7St,ChiChi_1999_TCU068_scaled_0.31g,7.0,1916270.4866929152,21.004371166760656,1.7280142136463181,0.5969958868135233,0.3709851306358629,0.34548088904534535,0.8517525842969699,1277.5712658214816,273752.92667041643,76957987.31765112,83542359.52837032,0.8423704513999704,0.03410275425336676,0.3072,0.4197024049123519,0.1679459788731353,2.073212799530516,18.89,0.7206483050886867,0.6206060606060606,0.3424657941253537,0.8085173819373562,1.14672854938872,0.254026529534411,1.1147975069184692,2.784397902848071,2.397860650534188,0.02186702821995069,0.025945185556584094,0.3195139866872997,6503919.57371042,7.78765548251125
Bldg_017_6St,Loma_Prieta_1989_Corralitos_scaled_0.39g,6.0,646461.7617538249,22.924539139666617,1.3489350259407027,0.48507097650948133,0.3037321310675228,0.3595955084428243,0.8461101879887595,739.5795310614494,107743.62695897081,36385927.280900784,42481912.65457106,0.7130079606707943,0.04463404657559655,0.3864,0.4116620618934086,0.2396404007189732,2.4907155508996683,11.41,0.6811214742642783,1.0778947368421052,0.41653071774674405,0.6129001315567147,1.021602242708581,0.18817831122613443,1.07797804799882,1.2514533932067067,1.9804617486150637,0.01376524834744125,0.01336696006221515,0.2568460727584722,2169631.9887049594,8.762107369651162
Bldg_012_9St,Northridge_1994_Sylmar_scaled_1.18g,9.0,2233538.9192729555,32.21400348906792,2.044992330417825,0.6938026305909998,0.4232174107613456,0.33926906241709215,0.8677249013184531,1392.155644429548,248170.99103032838,85201688.07554445,70380243.16449313,1.161922715813221,0.03024827774377832,1.1802,1.163336475365919,0.4602469807713281,17.910741244853703,9.37,0.4931760280806554,0.8192,0.5572360075572776,2.1016417613907934,2.8088542221227035,0.5775562607819232,0.4721538786284339,2.496328528342071,4.146576909620962,0.035965148656592935,0.04421391269822769,0.7449866481211339,13020046.110892007,15.406486046941396
Bldg_012_9St,Friuli_1976_Tolmezzo,9.0,2233538.9192729555,32.21400348906792,2.044992330417825,0.6938026305909998,0.4232174107613456,0.33926906241709215,0.8677249013184531,1392.155644429548,248170.99103032838,85201688.07554445,70380243.16449313,1.161922715813221,0.03024827774377832,0.352,0.21352777719546898,0.102872191600987,1.308741949374992,10.049999999999999,0.4278323224718693,0.3250793650793651,0.10165540725661656,0.6634394098505834,0.8370102812666947,0.10571067237611666,0.28879377061538797,6.290747891422019,4.779892081557925,0.006561047355424012,0.007525887654968297,0.13308630810927974,2216212.0091445325,4.618870974001105
Bldg_016_7St,El_Centro_1940_NS,7.0,911569.7535034107,29.227888440420674,1.3746005834113613,0.46292984498821277,0.2906324665083849,0.33677407864861714,0.8642017826515197,887.5698316126196,130224.25050048725,60830739.205434665,60830739.20543465,1.0,0.02701321079557354,0.348,0.546705574584446,0.18644040753129837,3.1070282308161543,13.060000000000002,0.534173757427226,0.7447272727272727,0.433180832035307,0.9948677178113846,1.2517954644072729,0.20311055572142253,1.2447725058485835,1.845777150576779,2.5733210669725426,0.0131756629384045,0.014502779698605937,0.26514629753970126,3683610.8622098626,9.384804964069442
Bldg_015_10St,Imperial_Valley_1979_Array6,10.0,2816481.9947992526,40.98256473151777,1.8319490809782595,0.6193726605439063,0.3773880973810691,0.3380949104836264,0.8478015197669436,1545.2565209657066,281648.1994799253,143070004.16746855,143070004.16746855,1.0,0.037694089189244176,0.439,0.4470557915681539,0.20993321390578878,3.03447831967358,11.25,0.4646807553227397,0.8192,0.24054245748329894,0.7067729243609565,1.14779203333227,0.20051347364208977,0.5479327049733461,2.2362659679910393,3.9423820762835255,0.009606515013389884,0.01235351013804723,0.23452547380068015,7243327.123876179,5.433583773551807
Bldg_039_3St,Friuli_1976_Tolmezzo_scaled_0.21g,3.0,532860.2944545313,11.890482304305188,0.4107129396322553,0.15876053972412202,0.11447839721976313,0.3865486679486486,0.8958001841302572,690.8953248416667,177620.09815151044,183096848.05044726,214400511.75447863,0.7079889087216464,0.03476921926039584,0.2112,0.12811666631728136,0.0617233149605922,0.471147101774997,10.049999999999999,0.42783232247186925,0.3250793650793651,0.4756076119875872,0.4123767985249447,0.503271641598943,0.019977806031213127,2.2519299810018336,1.2634235935953166,0.9599857655898835,0.0023255777185834567,0.002744734059879472,0.026861998143373755,2275610.446461905,6.6549504239084785
Bldg_012_9St,ChiChi_1999_TCU068_scaled_0.72g,9.0,2233538.9192729555,32.21400348906792,2.044992330417825,0.6938026305909998,0.4232174107613456,0.33926906241709215,0.8677249013184531,1392.155644429548,248170.99103032838,85201688.07554445,70380243.16449313,1.161922715813221,0.03024827774377832,0.7168,0.9793056114621539,0.3918739507039827,11.287491908555028,18.89,0.7206483050886867,0.6206060606060606,0.8739113626805604,1.7235311100711255,2.054430795603362,0.9062395926458675,1.219184378739621,3.295153657411534,2.8377119823603243,0.056404022075442366,0.05751113325603339,1.1641247453902512,16935791.50060666,14.609346108888102
Bldg_001_9St,ChiChi_1999_TCU068,9.0,1527742.1397965779,38.35519513262496,2.1413036512544052,0.7346964083904504,0.4502992706525202,0.3431070637553226,0.845007649463895,1136.201476207652,169749.1266440642,50592313.74146908,55675323.882297106,0.8174052780878655,0.05395655297064335,0.512,0.6995040081872533,0.27990996478855884,5.758924443140322,18.89,0.7206483050886865,0.6206060606060606,0.5019690583351687,0.9965310454991162,1.024988784824192,0.5706404611512377,0.9804083170608764,3.4503427974314147,2.9713573682670162,0.0227068820481155,0.027916025269578825,0.7263876748816288,6277092.129319206,8.107733983516573
Bldg_008_7St,ChiChi_1999_TCU068_scaled_0.72g,7.0,755228.8090866206,23.728064373864356,1.605643367380175,0.5589701143139352,0.3501038149948886,0.34812843603369453,0.8481740220485228,800.3533323288627,107889.82986951723,34861030.99909627,40000000.0,0.7430515499548134,0.032214554413775735,0.7168,0.9793056114621539,0.3918739507039827,11.287491908555028,18.89,0.7206483050886867,0.6206060606060606,0.6985014356119351,1.6349875524032378,2.9704691335258615,0.44736446644915706,0.9744718688782577,2.5872183165793836,2.2280540397338147,0.029777725787951376,0.03661338797628815,0.5572082293771348,5379789.470278139,14.239752086807297
Bldg_016_7St,Northridge_1994_Sylmar_scaled_1.18g,7.0,911569.7535034107,29.227888440420674,1.3746005834113613,0.46292984498821277,0.2906324665083849,0.33677407864861714,0.8642017826515197,887.5698316126196,130224.25050048725,60830739.205434665,60830739.20543465,1.0,0.02701321079557354,1.1802,1.163336475365919,0.4602469807713281,17.910741244853703,9.37,0.4931760280806554,0.8192,1.0161114654640349,2.515608703150772,3.5844899540849804,0.47699749708572525,0.8609654850567996,1.6779792277970718,2.787241279267035,0.0309061278494224,0.03169621447931026,0.6419216603569151,8050630.456597496,25.04295983514506
Bldg_019_10St,San_Fernando_1971_Pacoima,10.0,2052578.4585914456,37.07858698432766,3.118454611073725,1.0899438674104054,0.6686626239905169,0.349514103408779,0.8291539226026338,1304.5702282325642,205257.84585914455,33968527.97319341,40000000.0,0.6984263986596704,0.03693883769232474,1.17,1.0361741213226916,0.47368625496262196,19.729249200797177,9.42,0.461649004640927,0.28054794520547943,0.5789379258056586,1.1791286665212604,1.5105532287404833,1.3981087897688451,0.49481874000483644,11.115585283612399,6.755033758816993,0.05806080616347208,0.06811656645454546,1.8584783270703478,9713241.619909653,12.886596960872312
Bldg_025_6St,ChiChi_1999_TCU068_scaled_0.31g,6.0,1757236.410893677,25.206007389869953,1.499772555124449,0.5085192700648059,0.31318652089399057,0.33906425899533127,0.8984443167658247,1256.4947539012646,292872.7351489462,90287042.21106903,70659424.3390975,1.3333333333333333,0.058348096296313844,0.3072,0.4197024049123519,0.1679459788731353,2.073212799530516,18.89,0.7206483050886867,0.6206060606060606,0.2865863610922919,0.5359869616552129,0.7677730565115245,0.16007922859144388,0.9328983108473045,2.4166256991751376,2.081143526646995,0.01331967220227949,0.012752940091961491,0.20332185089729826,4248291.76442261,4.038670313902562
Bldg_010_4St,Northridge_1994_Sylmar_scaled_0.51g,4.0,577210.2580398876,15.589050114707588,0.9035156567368826,0.3317185659069841,0.22164574174728088,0.367142022867663,0.8750783301686131,710.7068233538631,144302.5645099719,51967001.47358608,60903626.192958586,0.7065322616075785,0.058122873880958124,0.5057999999999999,0.498572775156823,0.1972487060448539,3.289727983748639,9.37,0.49317602808065547,0.8192,0.7408662497552849,1.007671742201465,0.7988707651405663,0.15015903977770395,1.4647414981322362,1.1029243856651398,1.83203482183266,0.015461037853299907,0.01549105104237722,0.20227712080482413,3165591.9846909274,12.753673078356137
Bldg_023_4St,Imperial_Valley_1979_Array6_scaled_0.26g,4.0,766198.5056578394,14.085368853543702,0.6464204299712705,0.2384130320594705,0.16037881502662232,0.3688203853180608,0.8743349213046628,818.4828099282827,191549.62641445984,132243280.43540907,155581753.84682024,0.6999844411782463,0.030147286954925547,0.26339999999999997,0.26823347494089234,0.1259599283434734,1.0924121950824885,11.25,0.4646807553227397,0.8192,0.41957114748315644,0.7073334704848032,0.7216831989245699,0.043444582553339675,1.5929048879390908,0.7890874389297735,1.391106523278127,0.005031280384561722,0.005163714187538781,0.05881389750359323,2828974.88500698,6.668174306932931
Bldg_028_4St,Friuli_1976_Tolmezzo,4.0,1124368.770359385,16.14633182447185,0.7820760057987548,0.27845282962298024,0.18452810965809507,0.3560431819393168,0.8976479800932551,1004.6329457035733,281092.19258984627,139609134.84546733,139609134.84546733,1.0,0.03511402197103145,0.352,0.21352777719546898,0.102872191600987,1.308741949374992,10.049999999999999,0.4278323224718693,0.3250793650793651,0.4887352032588878,0.7602899445632253,0.6414411380774985,0.07427921724265239,1.3884522819854768,2.4058002131504663,1.8279965414491974,0.007837734477316173,0.007727550389688916,0.09548102002349855,4769363.559994216,7.359402588838747
Bldg_040_5St,Loma_Prieta_1989_Corralitos_scaled_0.39g,5.0,886610.9492362948,19.765736699798776,1.0612910403555909,0.38285605262008715,0.2551718244840761,0.36074558067672874,0.8574015036543967,871.8839148829684,177322.18984725897,67561726.4654356,78967512.31225075,0.6389089160579486,0.024267970004537443,0.3864,0.4116620618934086,0.2396404007189732,2.4907155508996683,11.41,0.6811214742642783,1.0778947368421052,0.7196909104721871,1.2864986856697243,1.3092099845918423,0.20123743587031176,1.8625541161288486,0.9845961800173939,1.55815237142825,0.017186702765000256,0.019121230839714228,0.2691546382134767,5969078.670410295,14.160875124593755
Bldg_024_10St,El_Centro_1940_NS,10.0,1472843.4642766041,36.34044145556651,2.0004344400541227,0.717530599945387,0.4378108981506229,0.35868738588902416,0.8221546599291161,1100.4113401365657,147284.3464276604,58118273.295337185,70609529.29579926,0.5577347659360052,0.03745343326426224,0.348,0.546705574584446,0.18644040753129837,3.1070282308161543,13.060000000000002,0.534173757427226,0.7447272727272727,0.34540187539287365,0.9116935081524115,1.1452747951820585,0.34336769190196353,0.9925341246921657,2.686130229564862,3.7449133586961265,0.015984607120399143,0.01754859185448152,0.4933490088034893,4131272.535996327,10.47225799083521
Bldg_024_10St,Kobe_1995_NS_scaled_1.17g,10.0,1472843.4642766041,36.34044145556651,2.0004344400541227,0.717530599945387,0.4378108981506229,0.35868738588902416,0.8221546599291161,1100.4113401365657,147284.3464276604,58118273.295337185,70609529.29579926,0.5577347659360052,0.03745343326426224,1.1676,1.489885267133405,0.5504295453472083,19.04897040911142,12.780000000000001,0.8720606558868952,0.7728301886792452,0.9063855174117419,2.053332350888554,2.5658107200881473,0.9009417709428236,0.7762808473892959,2.5884527666715944,2.293916629021245,0.041945969109075984,0.049657571678652354,1.1931067793984425,12742040.855308764,16.69687834141503
Bldg_025_6St,Northridge_1994_Sylmar_scaled_0.51g,6.0,1757236.410893677,25.206007389869953,1.499772555124449,0.5085192700648059,0.31318652089399057,0.33906425899533127,0.8984443167658247,1256.4947539012646,292872.7351489462,90287042.21106903,70659424.3390975,1.3333333333333333,0.058348096296313844,0.5057999999999999,0.498572775156823,0.1972487060448539,3.289727983748639,9.37,0.49317602808065547,0.8192,0.3697182520919335,0.8180108518341609,0.8900257281164881,0.20670888261197418,0.7309573983628579,1.8307770448296494,3.0410491786498017,0.017183392490469563,0.019198524333684474,0.2572692080657921,6395461.142899024,6.20370787597999
Bldg_008_7St,Northridge_1994_Sylmar_scaled_1.18g,7.0,755228.8090866206,23.728064373864356,1.605643367380175,0.5589701143139352,0.3501038149948886,0.34812843603369453,0.8481740220485228,800.3533323288627,107889.82986951723,34861030.99909627,40000000.0,0.7430515499548134,0.032214554413775735,1.1802,1.163336475365919,0.4602469807713281,17.910741244853703,9.37,0.4931760280806554,0.8192,1.095369407116431,2.8117493314602573,3.537643457623101,0.7014986502535671,0.9281218497851476,1.9600138761965027,3.2557206270325523,0.04669655376305518,0.057684704425005555,0.9363783322005211,8238889.880879816,28.73580573924142
Bldg_030_6St,Loma_Prieta_1989_Corralitos_scaled_0.39g,6.0,803618.8831084707,23.230058635081644,0.9665504811036845,0.3495748231242845,0.22269020865239064,0.3616725975089393,0.8416871129757246,822.4327678639422,133936.48051807846,84360837.00216389,106695714.94751158,0.5813350525588545,0.04189785227596446,0.3864,0.4116620618934086,0.2396404007189732,2.4907155508996683,11.41,0.6811214742642783,1.0778947368421052,0.5560971349687133,1.0253333249658478,0.988938343188027,0.12914147952242583,1.439174779939734,0.896702106492676,1.4190574187192024,0.008929478799272956,0.00941812511665862,0.16909111553396103,3890545.413547889,7.9456760505969815
Bldg_026_8St,El_Centro_1940_NS_scaled_0.21g,8.0,1015166.0411593535,27.05742871588174,1.3951200061550888,0.48102600867032974,0.2939048899595255,0.3447918505563,0.8676064061736877,938.4905756798182,126895.75514491918,72720867.3625144,62594538.81860429,1.073553100159606,0.03644826883488745,0.2088,0.3280233447506678,0.11186424451877919,1.1185301630938156,13.060000000000002,0.5341737574272261,0.7447272727272727,0.21593539074976595,0.5484839575276522,0.6620310747430341,0.10438016437902334,1.0341733273456224,1.8733300863898898,2.6117344529886513,0.008037049763459822,0.008713728542509513,0.13831331091621227,2022142.2485710755,4.925675534787723
Bldg_039_3St,Loma_Prieta_1989_Corralitos_scaled_0.39g,3.0,532860.2944545313,11.890482304305188,0.4107129396322553,0.15876053972412202,0.11447839721976313,0.3865486679486486,0.8958001841302572,690.8953248416667,177620.09815151044,183096848.05044726,214400511.75447863,0.7079889087216464,0.03476921926039584,0.3864,0.4116620618934086,0.2396404007189732,2.4907155508996683,11.41,0.6811214742642783,1.0778947368421052,1.00994014332167,0.9237205297808396,0.815199001933843,0.04217723496149199,2.6137167270229553,0.3810325123541431,0.6029951413232008,0.004938302573830876,0.0051040387478284,0.050765139239837005,4561762.543431145,13.771826226554582
Bldg_037_6St,Friuli_1976_Tolmezzo,6.0,1519801.1629553218,18.1313458662842,0.9220273617851668,0.32867711576859315,0.20663916498060184,0.3564721931160815,0.8535992240019256,1138.9912613079553,253300.19382588696,185099389.56536832,214716992.93877366,0.7241242719727287,0.047878458494656856,0.352,0.21352777719546898,0.102872191600987,1.308741949374992,10.049999999999999,0.4278323224718693,0.3250793650793651,0.2783186127685516,0.7690755682862418,0.6888741099652416,0.058685693958825134,0.7906778771833852,2.8363146383039797,2.1551138456720778,0.005457057154534278,0.006109621969534956,0.08230401355646266,3964236.4245757875,7.057901071602637
Bldg_039_3St,Loma_Prieta_1989_Corralitos,3.0,532860.2944545313,11.890482304305188,0.4107129396322553,0.15876053972412202,0.11447839721976313,0.3865486679486486,0.8958001841302572,690.8953248416667,177620.09815151044,183096848.05044726,214400511.75447863,0.7079889087216464,0.03476921926039584,0.644,0.6861034364890142,0.3994006678649551,6.918654308054634,11.41,0.6811214742642783,1.0778947368421052,1.6832335722027922,1.5395342163014005,1.358665003223069,0.07029539160248699,2.613716727022969,0.3810325123541431,0.6029951413232008,0.008230504289718171,0.008506731246380633,0.08460856539972879,7602937.572385229,22.953043710923872
Bldg_007_7St,Imperial_Valley_1979_Array6_scaled_0.26g,7.0,674145.3737687075,28.414145282790457,1.5363136806480093,0.5456887561369359,0.34003453867547073,0.3551935799378986,0.8432877429861823,753.9884154879235,96306.48196695822,33097495.190190606,40000000.0,0.6548747595095301,0.027548284333655176,0.26339999999999997,0.26823347494089234,0.1259599283434734,1.0924121950824885,11.25,0.4646807553227397,0.8192,0.19004918984324512,0.6103706692656822,0.5918627790540589,0.11149931253226236,0.7215231201338085,1.8753829109472768,3.306170232035921,0.006525585687033136,0.007433919316533039,0.14271401383642135,1207019.791317212,4.7926994065726545
Bldg_011_5St,Northridge_1994_Sylmar_scaled_1.18g,5.0,1451852.277223199,20.06527884435787,0.894354941017543,0.30523291686505966,0.19519356971894125,0.34128834410841863,0.8825020573804334,1131.928717571005,290370.4554446398,172350178.34134805,172350178.34134805,1.0,0.05720067339243327,1.1802,1.163336475365919,0.4602469807713281,17.910741244853703,9.37,0.4931760280806554,0.8192,1.7635576060484952,2.163659159346774,2.3672804671608114,0.35022674772801127,1.4942870751131125,1.0917418713593054,1.8134598806397735,0.03203771622581082,0.030463086638898268,0.44521364960466914,21069820.603897173,24.60263880760106
Bldg_031_7St,Loma_Prieta_1989_Corralitos_scaled_0.90g,7.0,856890.734760222,22.75669864505952,1.4911929430096265,0.5226822901820123,0.3255666176728036,0.3505128512257438,0.8443472679464323,850.595879853297,122412.96210860314,46041581.58392334,53788220.09784441,0.7119578041500756,0.04318599737886953,0.9015999999999998,0.9605448110846201,0.5591609350109363,13.560562443787077,11.41,0.6811214742642782,1.0778947368421052,0.8756367653132684,1.4468530851071821,2.3123882032706686,0.4836701354677386,0.9712031558487895,1.3834309529874464,2.1893201130097344,0.03552980478477905,0.037603531031966175,0.6343437414434586,6575473.313194999,16.83850163093361
Bldg_036_7St,Northridge_1994_Sylmar_scaled_1.18g,7.0,1602726.511347166,28.557038136018107,1.3803364142962382,0.464490019337446,0.28960026023929597,0.33650493787361635,0.866819142413017,1178.6746879816149,228960.9301924523,105817892.48660325,105817892.48660325,1.0,0.04430220889174291,1.1802,1.163336475365919,0.4602469807713281,17.910741244853703,9.37,0.4931760280806554,0.8192,0.9201472736803119,2.0437639441180147,2.8700110473921785,0.4355774061122732,0.7796536804612032,1.6849809744827127,2.798871671983404,0.02903967184307297,0.02895792485952704,0.581580357837336,12500911.081062699,21.867514913399447
Bldg_016_7St,San_Fernando_1971_Pacoima,7.0,911569.7535034107,29.227888440420674,1.3746005834113613,0.46292984498821277,0.2906324665083849,0.33677407864861714,0.8642017826515197,887.5698316126196,130224.25050048725,60830739.205434665,60830739.20543465,1.0,0.02701321079557354,1.17,1.0361741213226916,0.47368625496262196,19.729249200797177,9.42,0.461649004640927,0.28054794520547943,0.903323042018939,2.813848630720344,4.820121063270239,0.42348043504435523,0.7720709760845633,4.89969934516745,2.97758810176691,0.027475546113650905,0.036687209048225984,0.4773036419763743,9318310.321379254,22.497568338633087
Bldg_018_10St,Kobe_1995_NS_scaled_0.50g,10.0,2641541.8673443226,33.10622970315683,2.979394789620447,0.9999769202777022,0.6053898786112969,0.33563088844801664,0.8685081886935473,1514.6619235213475,264154.18673443224,53343084.94813778,41033142.2677983,1.3333333333333333,0.03095844509284535,0.5004,0.638522257342888,0.23589837657737536,3.4987904833061783,12.780000000000001,0.8720606558868951,0.7728301886792452,0.4243541189187278,0.888980305053682,1.0456654997450954,0.9362043620734231,0.8480298139862666,3.8551739221163013,3.416499494052246,0.06005951102544421,0.06873194685819307,1.2054893233116402,10925903.66773245,8.510353110841656
Bldg_004_9St,El_Centro_1940_NS_scaled_0.49g,9.0,1948649.445047211,34.52008614666971,1.8669862587577561,0.6258111713455994,0.3829180140447785,0.3351985952815731,0.8546009371985288,1290.4718679648695,216516.60500524566,87950131.45529062,87950131.45529062,1.0,0.04849082359697768,0.4871999999999999,0.7653878044182246,0.26101657054381694,6.089775332399659,13.060000000000002,0.5341737574272261,0.7447272727272727,0.35677381790351365,1.20442293566329,1.0356661264029805,0.3089717308730575,0.7322943717231398,2.506939556437417,3.4950916865512767,0.017272089510774413,0.02097558918814581,0.4137198382519161,7075872.894768699,8.96973118749828
Bldg_005_5St,San_Fernando_1971_Pacoima_scaled_1.20g,5.0,1054965.4097151533,19.818838538279376,0.8108817871991694,0.2855759554952941,0.18628453092568645,0.3521795161803908,0.8722298013627929,959.2561022795037,210993.08194303064,142976339.73852292,158130879.27603912,0.7604114451444064,0.038812025377841536,1.2,1.062742688536094,0.48583205637192123,20.75397680557232,9.42,0.461649004640927,0.28054794520547943,1.6591888510119217,4.653372390769448,2.81671336324145,0.27082240040843353,1.382657375843268,2.8903501203876645,1.7564898419522803,0.023886953087570748,0.02746392745359241,0.3406124617845062,17214226.94530266,31.128505644358587
Bldg_023_4St,San_Fernando_1971_Pacoima_scaled_0.70g,4.0,766198.5056578394,14.085368853543702,0.6464204299712705,0.2384130320594705,0.16037881502662232,0.3688203853180608,0.8743349213046628,818.4828099282827,191549.62641445984,132243280.43540907,155581753.84682024,0.6999844411782463,0.030147286954925547,0.7020000000000001,0.621704472793615,0.284211752977573,7.102529712286988,9.42,0.46164900464092706,0.28054794520547943,0.9745663519849393,2.673690221758834,1.9700927459021613,0.10114026436160672,1.3882711566737027,2.3041353216749387,1.4002422261780019,0.011686496079648905,0.01384754256533245,0.1373351654841079,7586467.552934526,22.398276181005105
Bldg_023_4St,Northridge_1994_Sylmar_scaled_0.51g,4.0,766198.5056578394,14.085368853543702,0.6464204299712705,0.2384130320594705,0.16037881502662232,0.3688203853180608,0.8743349213046628,818.4828099282827,191549.62641445984,132243280.43540907,155581753.84682024,0.6999844411782463,0.030147286954925547,0.5057999999999999,0.498572775156823,0.1972487060448539,3.289727983748639,9.37,0.49317602808065547,0.8192,0.8321095567926482,1.1022840371341849,1.3111837992887727,0.08642598238407034,1.6451355413061455,0.7890874389297735,1.3107296242419004,0.009978227807156992,0.010101495531268132,0.11438165056398639,5534170.970951549,12.909540761404164
Bldg_017_6St,Northridge_1994_Sylmar,6.0,646461.7617538249,22.924539139666617,1.3489350259407027,0.48507097650948133,0.3037321310675228,0.3595955084428243,0.8461101879887595,739.5795310614494,107743.62695897081,36385927.280900784,42481912.65457106,0.7130079606707943,0.04463404657559655,0.843,0.8309546252613713,0.3287478434080909,9.138133288190668,9.37,0.4931760280806555,0.8192,0.6493821335375145,1.5836399667656142,1.78870060630461,0.2936020152159761,0.7703228155842402,1.6466492015877718,2.73519990659419,0.021460377253545354,0.023431596640146133,0.40910094822522836,3803253.7974433,14.98779684966092
Bldg_005_5St,Northridge_1994_Sylmar_scaled_1.18g,5.0,1054965.4097151533,19.818838538279376,0.8108817871991694,0.2855759554952941,0.18628453092568645,0.3521795161803908,0.8722298013627929,959.2561022795037,210993.08194303064,142976339.73852292,158130879.27603912,0.7604114451444064,0.038812025377841536,1.1802,1.163336475365919,0.4602469807713281,17.910741244853703,9.37,0.4931760280806554,0.8192,2.0125757964576976,3.1851303931092505,2.912432492675578,0.32883826783556347,1.705283677730637,0.989845931639611,1.6442035724140174,0.028974582131410388,0.02926958757134258,0.4271786656693109,18346004.004703816,35.43976264475178
Bldg_005_5St,Imperial_Valley_1979_Array6,5.0,1054965.4097151533,19.818838538279376,0.8108817871991694,0.2855759554952941,0.18628453092568645,0.3521795161803908,0.8722298013627929,959.2561022795037,210993.08194303064,142976339.73852292,158130879.27603912,0.7604114451444064,0.038812025377841536,0.439,0.4470557915681539,0.20993321390578878,3.03447831967358,11.25,0.4646807553227397,0.8192,0.5857675128953382,1.0251758570075051,1.191411521981452,0.09575108881380548,1.3343223528367614,0.989845931639611,1.745029846643808,0.008433157619291042,0.009729024483481615,0.1263061177160957,6098094.880932687,9.995147456908224
Bldg_018_10St,Loma_Prieta_1989_Corralitos,10.0,2641541.8673443226,33.10622970315683,2.979394789620447,0.9999769202777022,0.6053898786112969,0.33563088844801664,0.8685081886935473,1514.6619235213475,264154.18673443224,53343084.94813778,41033142.2677983,1.3333333333333333,0.03095844509284535,0.644,0.6861034364890142,0.3994006678649551,6.918654308054634,11.41,0.6811214742642783,1.0778947368421052,0.4950481543683908,1.0874802011496776,1.3902917946927664,1.0914583581362947,0.7687083142366317,2.7640869630267817,4.374248797306937,0.07006494990828287,0.08151827207564614,1.2890907523455586,12958468.784481175,10.244021086517739
Bldg_018_10St,Imperial_Valley_1979_Array6_scaled_0.61g,10.0,2641541.8673443226,33.10622970315683,2.979394789620447,0.9999769202777022,0.6053898786112969,0.33563088844801664,0.8685081886935473,1514.6619235213475,264154.18673443224,53343084.94813778,41033142.2677983,1.3333333333333333,0.03095844509284535,0.6145999999999999,0.6258781081954151,0.2939064994681046,5.947577506560213,11.25,0.46468075532273967,0.8192,0.27522974219249247,0.4780431906417224,1.092237377376956,0.6064148907912744,0.44781930067115605,3.636956530298397,6.411702562442329,0.038953701634521005,0.03954788631835292,0.7919156301872833,6286689.3188440325,5.8214335590287964
Bldg_018_10St,El_Centro_1940_NS_scaled_0.21g,10.0,2641541.8673443226,33.10622970315683,2.979394789620447,0.9999769202777022,0.6053898786112969,0.33563088844801664,0.8685081886935473,1514.6619235213475,264154.18673443224,53343084.94813778,41033142.2677983,1.3333333333333333,0.03095844509284535,0.2088,0.3280233447506678,0.11186424451877919,1.1185301630938156,13.060000000000002,0.5341737574272261,0.7447272727272727,0.13433921662489157,0.2010949971513917,0.5648099194189907,0.2962684655334094,0.6433870528012048,4.000652183328237,5.577576113005419,0.019013242248221138,0.01863904027376053,0.38990386500061347,2962935.982451623,3.6860318379519152
Bldg_004_9St,Imperial_Valley_1979_Array6_scaled_0.61g,9.0,1948649.445047211,34.52008614666971,1.8669862587577561,0.6258111713455994,0.3829180140447785,0.3351985952815731,0.8546009371985288,1290.4718679648695,216516.60500524566,87950131.45529062,87950131.45529062,1.0,0.04849082359697768,0.6145999999999999,0.6258781081954151,0.2939064994681046,5.947577506560213,11.25,0.46468075532273967,0.8192,0.30506562815494004,0.9167241297705899,1.404301855559485,0.2641187043305816,0.4963645105026685,2.2790359603976516,4.017782611765487,0.014768799087094827,0.018985545019776333,0.30814409051251224,6404554.465329013,6.9159800908133935
Bldg_023_4St,Loma_Prieta_1989_Corralitos_scaled_0.90g,4.0,766198.5056578394,14.085368853543702,0.6464204299712705,0.2384130320594705,0.16037881502662232,0.3688203853180608,0.8743349213046628,818.4828099282827,191549.62641445984,132243280.43540907,155581753.84682024,0.6999844411782463,0.030147286954925547,0.9015999999999998,0.9605448110846201,0.5591609350109363,13.560562443787077,11.41,0.6811214742642782,1.0778947368421052,1.9899275696312377,2.651379001379795,2.313973444980457,0.2061674442374355,2.2071068873460935,0.5997064535866279,0.9490530755464869,0.023862183107302797,0.026115213407810756,0.2631487733812692,14307391.959373295,27.781072930947687
Bldg_004_9St,San_Fernando_1971_Pacoima_scaled_1.20g,9.0,1948649.445047211,34.52008614666971,1.8669862587577561,0.6258111713455994,0.3829180140447785,0.3351985952815731,0.8546009371985288,1290.4718679648695,216516.60500524566,87950131.45529062,87950131.45529062,1.0,0.04849082359697768,1.2,1.062742688536094,0.48583205637192123,20.75397680557232,9.42,0.461649004640927,0.28054794520547943,0.7047827109623512,1.746528008411697,2.367109549642026,0.6103050330629017,0.5873189258019594,6.654785004361143,4.044168275007779,0.03411985257472028,0.039850887824959436,0.7504263805339633,13443237.01536151,15.284244439711443
Bldg_015_10St,El_Centro_1940_NS,10.0,2816481.9947992526,40.98256473151777,1.8319490809782595,0.6193726605439063,0.3773880973810691,0.3380949104836264,0.8478015197669436,1545.2565209657066,281648.1994799253,143070004.16746855,143070004.16746855,1.0,0.037694089189244176,0.348,0.546705574584446,0.18644040753129837,3.1070282308161543,13.060000000000002,0.534173757427226,0.7447272727272727,0.2570179148004722,0.9291201608742088,0.7776182818397867,0.21432466137512315,0.7385572264381386,2.4598925647901435,3.4295003367473327,0.010264493358359932,0.012564406183553862,0.2930013782360142,7366983.398867335,6.623653832166506
Bldg_040_5St,ChiChi_1999_TCU068,5.0,886610.9492362948,19.765736699798776,1.0612910403555909,0.38285605262008715,0.2551718244840761,0.36074558067672874,0.8574015036543967,871.8839148829684,177322.18984725897,67561726.4654356,78967512.31225075,0.6389089160579486,0.024267970004537443,0.512,0.6995040081872533,0.27990996478855884,5.758924443140322,18.89,0.7206483050886865,0.6206060606060606,0.8741719952149166,2.0430275950648107,1.1588492308164948,0.2445834854265277,1.707367178154134,1.7100881021354735,1.4726892894377699,0.020875814920864717,0.02420915288543582,0.30628243268589594,7557376.37019796,16.375031369449257
Bldg_037_6St,Imperial_Valley_1979_Array6_scaled_0.26g,6.0,1519801.1629553218,18.1313458662842,0.9220273617851668,0.32867711576859315,0.20663916498060184,0.3564721931160815,0.8535992240019256,1138.9912613079553,253300.19382588696,185099389.56536832,214716992.93877366,0.7241242719727287,0.047878458494656856,0.26339999999999997,0.26823347494089234,0.1259599283434734,1.0924121950824885,11.25,0.4646807553227397,0.8192,0.21882435012221924,0.5698168407400581,0.5470541448751755,0.04620705235320479,0.8307682236986305,1.1255216818666587,1.9842168009406398,0.004290539441621207,0.004224462250885029,0.0638952227269941,2720382.2200290915,4.442007510260748
Bldg_038_3St,Northridge_1994_Sylmar,3.0,670960.952016786,9.738279216538054,0.5814586032302643,0.21822895584713087,0.15751830854494958,0.37531297092307303,0.9074263975091055,780.28692130387,223653.65067226198,118926299.32987614,129961841.76984638,0.8301725754315881,0.058719762660169365,0.843,0.8309546252613713,0.3287478434080909,9.138133288190668,9.37,0.4931760280806555,0.8192,1.3652884343244673,1.328222223229485,1.6932743045908258,0.11465158394800577,1.6195592340741012,0.7097883340213187,1.1790082447705077,0.019323105135376516,0.018836731255926956,0.14523813586520212,7946618.553353695,17.118992239589293
Bldg_025_6St,Kobe_1995_NS_scaled_0.50g,6.0,1757236.410893677,25.206007389869953,1.499772555124449,0.5085192700648059,0.31318652089399057,0.33906425899533127,0.8984443167658247,1256.4947539012646,292872.7351489462,90287042.21106903,70659424.3390975,1.3333333333333333,0.058348096296313844,0.5004,0.638522257342888,0.23589837657737536,3.4987904833061783,12.780000000000001,0.8720606558868951,0.7728301886792452,0.5120185772708966,0.8803022470500615,0.9539696120267823,0.2860025821832493,1.0232185796780509,1.9406236675194286,1.7198030263149118,0.023797083659991676,0.02420420776495722,0.37187621930601644,8062967.109604457,8.398875340328635
Bldg_024_10St,San_Fernando_1971_Pacoima_scaled_0.70g,10.0,1472843.4642766041,36.34044145556651,2.0004344400541227,0.717530599945387,0.4378108981506229,0.35868738588902416,0.8221546599291161,1100.4113401365657,147284.3464276604,58118273.295337185,70609529.29579926,0.5577347659360052,0.03745343326426224,0.7020000000000001,0.621704472793615,0.284211752977573,7.102529712286988,9.42,0.46164900464092706,0.28054794520547943,0.4217523601418966,0.8935896433939807,1.3312442047834787,0.4192259424911437,0.6007868378089695,7.130454791208543,4.33323676633955,0.019517976766342697,0.021721760132657912,0.5538802952620382,5208609.534379679,7.874035591604636
Bldg_025_6St,Loma_Prieta_1989_Corralitos,6.0,1757236.410893677,25.206007389869953,1.499772555124449,0.5085192700648059,0.31318652089399057,0.33906425899533127,0.8984443167658247,1256.4947539012646,292872.7351489462,90287042.21106903,70659424.3390975,1.3333333333333333,0.058348096296313844,0.644,0.6861034364890142,0.3994006678649551,6.918654308054634,11.41,0.6811214742642783,1.0778947368421052,0.5524837792399485,0.8956902997349458,1.4852254076257645,0.3087191759026748,0.8578940671427772,1.3913905540705338,2.2019164154888036,0.02567778455508149,0.027774545376511216,0.38901736675949095,9252327.034609815,9.018609175441421
Bldg_004_9St,Friuli_1976_Tolmezzo_scaled_0.21g,9.0,1948649.445047211,34.52008614666971,1.8669862587577561,0.6258111713455994,0.3829180140447785,0.3351985952815731,0.8546009371985288,1290.4718679648695,216516.60500524566,87950131.45529062,87950131.45529062,1.0,0.04849082359697768,0.2112,0.12811666631728136,0.0617233149605922,0.471147101774997,10.049999999999999,0.42783232247186925,0.3250793650793651,0.0724947702727291,0.33940548313919255,0.4221667473858132,0.06273269264724571,0.3432517531852704,5.743170620202082,4.363827043199883,0.0035096077637407643,0.00394288359669213,0.07643238379503182,1330086.269272906,2.0199927350600015
Bldg_001_9St,Loma_Prieta_1989_Corralitos_scaled_0.90g,9.0,1527742.1397965779,38.35519513262496,2.1413036512544052,0.7346964083904504,0.4502992706525202,0.3431070637553226,0.845007649463895,1136.201476207652,169749.1266440642,50592313.74146908,55675323.882297106,0.8174052780878655,0.05395655297064335,0.9015999999999998,0.9605448110846201,0.5591609350109363,13.560562443787077,11.41,0.6811214742642782,1.0778947368421052,0.5582374336789668,1.44849289127779,1.643034603445533,0.6382124139676867,0.6191630808329269,1.9865610045817237,3.143791132950787,0.02525221694626294,0.031838050288424714,0.8170461762370121,7829586.162614357,13.820181615793869
Bldg_017_6St,ChiChi_1999_TCU068,6.0,646461.7617538249,22.924539139666617,1.3489350259407027,0.48507097650948133,0.3037321310675228,0.3595955084428243,0.8461101879887595,739.5795310614494,107743.62695897081,36385927.280900784,42481912.65457106,0.7130079606707943,0.04463404657559655,0.512,0.6995040081872533,0.27990996478855884,5.758924443140322,18.89,0.7206483050886865,0.6206060606060606,0.5178352953544046,1.0528959907152946,1.327144632060146,0.23415539570718116,1.0113970612390715,2.1735769460958587,1.8718354243193511,0.017113099082305776,0.018312048457535732,0.3049904535548055,2972284.3434306467,8.832857283614032
Bldg_024_10St,Northridge_1994_Sylmar,10.0,1472843.4642766041,36.34044145556651,2.0004344400541227,0.717530599945387,0.4378108981506229,0.35868738588902416,0.8221546599291161,1100.4113401365657,147284.3464276604,58118273.295337185,70609529.29579926,0.5577347659360052,0.03745343326426224,0.843,0.8309546252613713,0.3287478434080909,9.138133288190668,9.37,0.4931760280806555,0.8192,0.40940773565680627,1.4369489258779984,1.6672277166536293,0.4069595223245718,0.48565567693571327,2.441936572331693,4.056228052769356,0.01894668869149196,0.025116146165296754,0.6078267726398408,5703230.720725957,12.916225936976993
Bldg_002_6St,Imperial_Valley_1979_Array6_scaled_0.26g,6.0,650483.7733847327,22.938348273347064,1.3796942775133207,0.4892396143506448,0.30631666469100405,0.35460001706495536,0.857522015391217,746.8628765256442,108413.96223078878,35753014.44204229,40000000.0,0.787650722102115,0.04779139732158818,0.26339999999999997,0.26823347494089234,0.1259599283434734,1.0924121950824885,11.25,0.4646807553227397,0.8192,0.13349965025004312,0.6377361350195301,0.6213629218430847,0.06313957032552078,0.5068323851558205,1.6841971161051277,2.969122912256323,0.0042016245069669556,0.005153926245084074,0.08681663917173874,782029.0630505512,4.197764670544138
Bldg_002_6St,Imperial_Valley_1979_Array6,6.0,650483.7733847327,22.938348273347064,1.3796942775133207,0.4892396143506448,0.30631666469100405,0.35460001706495536,0.857522015391217,746.8628765256442,108413.96223078878,35753014.44204229,40000000.0,0.787650722102115,0.04779139732158818,0.439,0.4470557915681539,0.20993321390578878,3.03447831967358,11.25,0.4646807553227397,0.8192,0.22249941708340643,1.0628935583658796,1.0356048697384763,0.10523261720920189,0.5068323851558233,1.6841971161051277,2.969122912256323,0.00700270751161163,0.008589877075140185,0.14469439861956487,1303381.7717508532,6.9962744509077535
Bldg_014_5St,San_Fernando_1971_Pacoima_scaled_1.20g,5.0,1593765.9396833987,19.810700551829953,0.8894792288713879,0.3088246908799503,0.19628714530869923,0.34719719230745977,0.8824903205928275,1185.9523662698816,318753.18793667975,186945021.86907646,186945021.86907646,1.0,0.025534123696712055,1.2,1.062742688536094,0.48583205637192123,20.75397680557232,9.42,0.461649004640927,0.28054794520547943,1.2519469033901243,3.1793158755911746,3.553411310240117,0.24593855893654346,1.043289086158437,3.170507016973209,1.9267435214405573,0.02074294364467989,0.021146511962445585,0.32724381396475183,16185608.021940967,25.69963693604648
Bldg_007_7St,Friuli_1976_Tolmezzo_scaled_0.49g,7.0,674145.3737687075,28.414145282790457,1.5363136806480093,0.5456887561369359,0.34003453867547073,0.3551935799378986,0.8432877429861823,753.9884154879235,96306.48196695822,33097495.190190606,40000000.0,0.6548747595095301,0.027548284333655176,0.4927999999999999,0.2989388880736565,0.14402106824138175,2.5651342207749837,10.049999999999999,0.42783232247186936,0.3250793650793651,0.3392880834728501,0.7533705024463377,1.2382310799837066,0.19896866939829913,0.6884904291251018,4.725964935587138,3.5909247617658067,0.011649896866792816,0.01221230836785312,0.25867239755872773,1913977.6772193967,6.831419533077713
Bldg_021_8St,Imperial_Valley_1979_Array6_scaled_0.61g,8.0,2522754.82118266,32.32951534566002,2.6102427070001735,0.9254001036349783,0.5728010687995481,0.35452645884355183,0.8357723193147679,1452.0498090500698,315344.3526478325,48088571.83372548,57616640.05790957,0.6692598452597174,0.02453858408069792,0.6145999999999999,0.6258781081954151,0.2939064994681046,5.947577506560213,11.25,0.46468075532273967,0.8192,0.36087836685117214,0.6926710587168073,1.4161976852706228,0.6107123622092706,0.5871759955274523,3.186331429443571,5.6172817081423005,0.027169729613748916,0.03466244474613242,0.7701190477269635,8175013.658993995,7.5458788041659615
Bldg_035_8St,Friuli_1976_Tolmezzo_scaled_0.49g,8.0,2170485.1346629397,29.41406488338083,1.5058458369512058,0.5067389805174635,0.3116778724217766,0.3365145143565473,0.8582462946298408,1364.8482788843671,271310.64183286746,136007095.16231158,136007095.16231158,1.0,0.05362839943511724,0.4927999999999999,0.2989388880736565,0.14402106824138175,2.5651342207749837,10.049999999999999,0.42783232247186936,0.3250793650793651,0.25803556314431886,0.7927599548731449,1.119200818329419,0.14538172237594368,0.5236111265103874,4.632240611715135,3.5197103113924206,0.009426324147926546,0.009633221905882415,0.18409540849171652,4817238.944729591,5.147155328487006
Bldg_024_10St,Imperial_Valley_1979_Array6_scaled_0.61g,10.0,1472843.4642766041,36.34044145556651,2.0004344400541227,0.717530599945387,0.4378108981506229,0.35868738588902416,0.8221546599291161,1100.4113401365657,147284.3464276604,58118273.295337185,70609529.29579926,0.5577347659360052,0.03745343326426224,0.6145999999999999,0.6258781081954151,0.2939064994681046,5.947577506560213,11.25,0.46468075532273967,0.8192,0.29360141201161605,0.7520719478038115,1.4680286248084184,0.29186025369488305,0.4777113765239442,2.441936572331693,4.304965112369975,0.013587370409213904,0.017042095384620932,0.36934514423107584,3987444.633456801,7.6845738770034195
Bldg_031_7St,Kobe_1995_NS,7.0,856890.734760222,22.75669864505952,1.4911929430096265,0.5226822901820123,0.3255666176728036,0.3505128512257438,0.8443472679464323,850.595879853297,122412.96210860314,46041581.58392334,53788220.09784441,0.7119578041500756,0.04318599737886953,0.834,1.0642037622381462,0.3931639609622956,9.718862453628272,12.780000000000001,0.8720606558868959,0.7728301886792452,0.9806109406302662,1.5342465851046296,1.7441610612273426,0.5415368000264112,1.1757924947605112,1.929522118640386,1.7099647059447556,0.0397892330136997,0.042863614988946586,0.6927736061160698,7426356.892020915,16.509031234730934
Bldg_005_5St,Kobe_1995_NS_scaled_0.50g,5.0,1054965.4097151533,19.818838538279376,0.8108817871991694,0.2855759554952941,0.18628453092568645,0.3521795161803908,0.8722298013627929,959.2561022795037,210993.08194303064,142976339.73852292,158130879.27603912,0.7604114451444064,0.038812025377841536,0.5004,0.638522257342888,0.23589837657737536,3.4987904833061783,12.780000000000001,0.8720606558868951,0.7728301886792452,1.2213596476891275,0.951887555981528,0.8939117621845976,0.19974661866280233,2.440766682032629,1.0492366875379877,0.9298456268210998,0.01758362864456862,0.018365666585704477,0.2571092117540291,11511490.959998323,16.691430000064223
Bldg_018_10St,Imperial_Valley_1979_Array6,10.0,2641541.8673443226,33.10622970315683,2.979394789620447,0.9999769202777022,0.6053898786112969,0.33563088844801664,0.8685081886935473,1514.6619235213475,264154.18673443224,53343084.94813778,41033142.2677983,1.3333333333333333,0.03095844509284535,0.439,0.4470557915681539,0.20993321390578878,3.03447831967358,11.25,0.4646807553227397,0.8192,0.19659267299462496,0.3414594218869519,0.7801695552692318,0.43315349342231246,0.44781930067112746,3.636956530298397,6.411702562442328,0.02782407259608466,0.02824849022739961,0.5656540215623936,4490492.370603623,4.158166827879203
Bldg_008_7St,Loma_Prieta_1989_Corralitos_scaled_0.39g,7.0,755228.8090866206,23.728064373864356,1.605643367380175,0.5589701143139352,0.3501038149948886,0.34812843603369453,0.8481740220485228,800.3533323288627,107889.82986951723,34861030.99909627,40000000.0,0.7430515499548134,0.032214554413775735,0.3864,0.4116620618934086,0.2396404007189732,2.4907155508996683,11.41,0.6811214742642783,1.0778947368421052,0.360798123094876,0.7919448440280393,1.1389345596372409,0.2310529502066007,0.9337425545933644,1.4896105459093423,2.357352437191223,0.01538113885895522,0.017519198352467867,0.2986126934579033,2397585.0158424424,7.417831354212136
Bldg_019_10St,ChiChi_1999_TCU068,10.0,2052578.4585914456,37.07858698432766,3.118454611073725,1.0899438674104054,0.6686626239905169,0.349514103408779,0.8291539226026338,1304.5702282325642,205257.84585914455,33968527.97319341,40000000.0,0.6984263986596704,0.03693883769232474,0.512,0.6995040081872533,0.27990996478855884,5.758924443140322,18.89,0.7206483050886865,0.6206060606060606,0.4000471150581429,0.721104205872915,1.2448262813709432,0.9657643706252695,0.7813420215979353,5.024853621359029,4.327290564695011,0.04012011818248723,0.048667458259739636,1.2248516508923033,6892625.955003728,9.743663964933214
Bldg_018_10St,Northridge_1994_Sylmar_scaled_1.18g,10.0,2641541.8673443226,33.10622970315683,2.979394789620447,0.9999769202777022,0.6053898786112969,0.33563088844801664,0.8685081886935473,1514.6619235213475,264154.18673443224,53343084.94813778,41033142.2677983,1.3333333333333333,0.03095844509284535,1.1802,1.163336475365919,0.4602469807713281,17.910741244853703,9.37,0.4931760280806554,0.8192,0.4584312864413598,1.5527381501232842,2.3634448732679303,1.0103852279167675,0.3884352537208607,3.636956530298397,6.041240084631989,0.06488250655511267,0.0725387971442374,1.3518094697398324,11531055.731715372,13.120252679326093
Bldg_026_8St,Imperial_Valley_1979_Array6_scaled_0.61g,8.0,1015166.0411593535,27.05742871588174,1.3951200061550888,0.48102600867032974,0.2939048899595255,0.3447918505563,0.8676064061736877,938.4905756798182,126895.75514491918,72720867.3625144,62594538.81860429,1.073553100159606,0.03644826883488745,0.6145999999999999,0.6258781081954151,0.2939064994681046,5.947577506560213,11.25,0.46468075532273967,0.8192,0.3232186064589085,1.6350804039814493,1.5611533687568457,0.15627895867063224,0.5259007589634047,1.703027351263536,3.0023193131510713,0.012030098519592483,0.014517431536377981,0.21456907489372629,3368972.4791442184,11.082694192709008
Bldg_036_7St,Kobe_1995_NS_scaled_1.17g,7.0,1602726.511347166,28.557038136018107,1.3803364142962382,0.464490019337446,0.28960026023929597,0.33650493787361635,0.866819142413017,1178.6746879816149,228960.9301924523,105817892.48660325,105817892.48660325,1.0,0.04430220889174291,1.1676,1.489885267133405,0.5504295453472083,19.04897040911142,12.780000000000001,0.8720606558868952,0.7728301886792452,1.468009190600652,2.2206328755825906,2.1242842641507305,0.6946749366294515,1.2572877617340288,1.7860798329516756,1.5828445016733625,0.04633008908144553,0.04515138997430228,0.8901762541949484,19491504.10442626,21.54787975532627
Bldg_027_8St,Northridge_1994_Sylmar,8.0,1236762.7935664188,33.45874608638884,1.9546697610790964,0.6731664591962702,0.41557814763449613,0.3443888438856502,0.8430406960968102,1021.0981179078087,154595.34919580235,44481783.16310389,50477108.5258839,0.7624536928573992,0.03506955879751763,0.843,0.8309546252613713,0.3287478434080909,9.138133288190668,9.37,0.4931760280806555,0.8192,0.44090577456231783,1.3642501600924706,2.0324326854917873,0.41832574495757024,0.5230198986504363,2.386071485692256,3.963432222539867,0.021354394931010438,0.0238712017581349,0.5335242712782396,5039511.340999132,11.146085322823529
Bldg_008_7St,Loma_Prieta_1989_Corralitos,7.0,755228.8090866206,23.728064373864356,1.605643367380175,0.5589701143139352,0.3501038149948886,0.34812843603369453,0.8481740220485228,800.3533323288627,107889.82986951723,34861030.99909627,40000000.0,0.7430515499548134,0.032214554413775735,0.644,0.6861034364890142,0.3994006678649551,6.918654308054634,11.41,0.6811214742642783,1.0778947368421052,0.6013302051581373,1.3199080733800916,1.8982242660620563,0.38508825034434124,0.9337425545933808,1.4896105459093423,2.357352437191223,0.02563523143159249,0.02919866392077733,0.49768782242982135,3995975.0264039086,12.363052257023273
Bldg_017_6St,Loma_Prieta_1989_Corralitos_scaled_0.90g,6.0,646461.7617538249,22.924539139666617,1.3489350259407027,0.48507097650948133,0.3037321310675228,0.3595955084428243,0.8461101879887595,739.5795310614494,107743.62695897081,36385927.280900784,42481912.65457106,0.7130079606707943,0.04463404657559655,0.9015999999999998,0.9605448110846201,0.5591609350109363,13.560562443787077,11.41,0.6811214742642782,1.0778947368421052,0.9719050080757421,1.4301003069657,2.3837385663200155,0.4390827261943166,1.0779780479988268,1.2514533932067067,1.9804617486150642,0.032118912810696454,0.031189573478500154,0.5993075031030501,5062474.64031127,20.4449171958632
Bldg_035_8St,Imperial_Valley_1979_Array6,8.0,2170485.1346629397,29.41406488338083,1.5058458369512058,0.5067389805174635,0.3116778724217766,0.3365145143565473,0.8582462946298408,1364.8482788843671,271310.64183286746,136007095.16231158,136007095.16231158,1.0,0.05362839943511724,0.439,0.4470557915681539,0.20993321390578878,3.03447831967358,11.25,0.4646807553227397,0.8192,0.2422787719110884,0.9110105030292743,0.9818224075402092,0.13652426795868522,0.5518878631232083,1.8381907189345772,3.2406029724758763,0.008850711159213957,0.010468272027383093,0.1810976784603466,5234818.442575256,5.674595833686823
Bldg_032_3St,San_Fernando_1971_Pacoima_scaled_0.70g,3.0,889774.2410912409,11.958446292640017,0.3812673573069689,0.14020888130339432,0.10215875831193638,0.3677442577139072,0.9141135992098178,901.8618153620312,296591.4136970803,373326647.5121846,395291334.35178196,0.8888683614801923,0.03380330511289547,0.7020000000000001,0.621704472793615,0.284211752977573,7.102529712286988,9.42,0.46164900464092706,0.28054794520547943,1.5640591045437076,1.7732983931328241,1.6528211002464526,0.056250520161911746,2.2280044224269338,1.359009623213317,0.8258814672491726,0.007917408236942654,0.007810056312482531,0.06547580185067896,12306228.130317166,19.22779465616828
Bldg_033_6St,Loma_Prieta_1989_Corralitos,6.0,470835.12233445,22.287920016752828,0.9424337011627946,0.3261489219395039,0.2033903163261337,0.34607094540135236,0.865772791165726,638.4639676930507,78472.520389075,56818952.49859368,61590430.563559696,0.8450578110493322,0.04751138868384332,0.644,0.6861034364890142,0.3994006678649551,6.918654308054634,11.41,0.6811214742642783,1.0778947368421052,0.8700905256757833,1.6035096353917426,1.3830669934384971,0.19193746738068238,1.3510722448381727,0.874328140727202,1.3836499607955774,0.012831829759228043,0.01601150749389743,0.24497346604779105,3878022.719578894,12.860541179027699
Bldg_016_7St,Friuli_1976_Tolmezzo_scaled_0.49g,7.0,911569.7535034107,29.227888440420674,1.3746005834113613,0.46292984498821277,0.2906324665083849,0.33677407864861714,0.8642017826515197,887.5698316126196,130224.25050048725,60830739.205434665,60830739.20543465,1.0,0.02701321079557354,0.4927999999999999,0.2989388880736565,0.14402106824138175,2.5651342207749837,10.049999999999999,0.42783232247186936,0.3250793650793651,0.24499458415504247,1.2236118493583252,1.2526481308337538,0.11503833784998468,0.49714810096396617,4.228507654048621,3.2129423402827246,0.007451774925946667,0.0080719666433479,0.1513533654275319,2050226.5513755376,7.43089786485515
Bldg_011_5St,San_Fernando_1971_Pacoima_scaled_1.20g,5.0,1451852.277223199,20.06527884435787,0.894354941017543,0.30523291686505966,0.19519356971894125,0.34128834410841863,0.8825020573804334,1131.928717571005,290370.4554446398,172350178.34134805,172350178.34134805,1.0,0.05720067339243327,1.2,1.062742688536094,0.48583205637192123,20.75397680557232,9.42,0.461649004640927,0.28054794520547943,1.0854070814468268,2.849037401184896,2.890267593178924,0.21577439682663788,0.9045059012056891,3.187886264369172,1.9373050348352356,0.019718076656874875,0.02025873077772614,0.2812437753922156,14011968.918615708,21.76435817056811
Bldg_022_7St,Loma_Prieta_1989_Corralitos,7.0,1284556.1704486806,22.23148050221301,1.98084884368781,0.6726415516435851,0.4158103425373049,0.3395723776637629,0.8648236794908523,1053.9993329410158,183508.02434981152,41197991.83998627,41197991.83998628,1.0,0.040533046747695714,0.644,0.6861034364890142,0.3994006678649551,6.918654308054634,11.41,0.6811214742642783,1.0778947368421052,0.41843012311502925,1.141919469583911,1.5185408340143,0.4078140567389158,0.6497362160171262,1.837701563968183,2.908216696335185,0.034839980008324965,0.03871867527620095,0.4997404610109797,5066019.796781726,8.892615550635062
Bldg_014_5St,Friuli_1976_Tolmezzo_scaled_0.49g,5.0,1593765.9396833987,19.810700551829953,0.8894792288713879,0.3088246908799503,0.19628714530869923,0.34719719230745977,0.8824903205928275,1185.9523662698816,318753.18793667975,186945021.86907646,186945021.86907646,1.0,0.025534123696712055,0.4927999999999999,0.2989388880736565,0.14402106824138175,2.5651342207749837,10.049999999999999,0.42783232247186936,0.3250793650793651,0.5504484596261723,1.4929435723731375,0.9155716356952921,0.10805437765379597,1.116981452163499,2.7361909872508514,2.0790370015343393,0.00912013228868426,0.009742716960523024,0.14039822737416713,7945003.382522399,10.937685138066193
Bldg_025_6St,ChiChi_1999_TCU068,6.0,1757236.410893677,25.206007389869953,1.499772555124449,0.5085192700648059,0.31318652089399057,0.33906425899533127,0.8984443167658247,1256.4947539012646,292872.7351489462,90287042.21106903,70659424.3390975,1.3333333333333333,0.058348096296313844,0.512,0.6995040081872533,0.27990996478855884,5.758924443140322,18.89,0.7206483050886865,0.6206060606060606,0.47764393515378495,0.8933116027586873,1.279621760852546,0.266798714319054,0.9328983108472362,2.4166256991751376,2.0811435266469953,0.022199453670464192,0.021254900153269817,0.33886975149549087,7080486.274037904,6.731117189838637
Bldg_001_9St,San_Fernando_1971_Pacoima,9.0,1527742.1397965779,38.35519513262496,2.1413036512544052,0.7346964083904504,0.4502992706525202,0.3431070637553226,0.845007649463895,1136.201476207652,169749.1266440642,50592313.74146908,55675323.882297106,0.8174052780878655,0.05395655297064335,1.17,1.0361741213226916,0.47368625496262196,19.729249200797177,9.42,0.461649004640927,0.28054794520547943,0.5237498205325157,1.3293400179546981,2.0751124109630488,0.5944767992516916,0.4476494192585605,7.632576491287676,4.6383803056608395,0.02369214835073087,0.02921059507060127,0.7814363300937588,6542885.193857717,11.305643830044279
Bldg_001_9St,Kobe_1995_NS,9.0,1527742.1397965779,38.35519513262496,2.1413036512544052,0.7346964083904504,0.4502992706525202,0.3431070637553226,0.845007649463895,1136.201476207652,169749.1266440642,50592313.74146908,55675323.882297106,0.8174052780878655,0.05395655297064335,0.834,1.0642037622381462,0.3931639609622956,9.718862453628272,12.780000000000001,0.8720606558868959,0.7728301886792452,0.5018423432276784,1.319898460224279,1.5206824757219,0.572511734575036,0.6017294283305497,2.7707298221797725,2.4554526532064154,0.02270115001154528,0.030243003430660415,0.7809560514228515,7449138.654213515,11.895508562235207
Bldg_020_5St,Friuli_1976_Tolmezzo_scaled_0.49g,5.0,431577.0521504538,15.320911780484215,0.7130741434112638,0.25501056678852646,0.16467834084054334,0.3576213906292907,0.8673366722282386,611.8190943589842,86315.41043009076,75660470.46042758,83114761.34278658,0.7757831833380477,0.058341659875327925,0.4927999999999999,0.2989388880736565,0.14402106824138175,2.5651342207749837,10.049999999999999,0.42783232247186936,0.3250793650793651,0.6265169997314862,1.1100853088882918,0.8016898869893894,0.07902295947769696,1.2713413143901915,2.1935386247514463,1.6667140511763217,0.009030396492057016,0.009195259827118775,0.10279972388057884,2341837.602716245,11.053348499551069
Bldg_011_5St,San_Fernando_1971_Pacoima_scaled_0.70g,5.0,1451852.277223199,20.06527884435787,0.894354941017543,0.30523291686505966,0.19519356971894125,0.34128834410841863,0.8825020573804334,1131.928717571005,290370.4554446398,172350178.34134805,172350178.34134805,1.0,0.05720067339243327,0.7020000000000001,0.621704472793615,0.284211752977573,7.102529712286988,9.42,0.46164900464092706,0.28054794520547943,0.6349631426464162,1.6666868796931642,1.6908065420096694,0.12622802214358758,0.9045059012057209,3.187886264369172,1.9373050348352354,0.01153507484427221,0.011851357504969861,0.1645276086044434,8197001.817390237,12.732149529784012
Bldg_035_8St,Friuli_1976_Tolmezzo,8.0,2170485.1346629397,29.41406488338083,1.5058458369512058,0.5067389805174635,0.3116778724217766,0.3365145143565473,0.8582462946298408,1364.8482788843671,271310.64183286746,136007095.16231158,136007095.16231158,1.0,0.05362839943511724,0.352,0.21352777719546898,0.102872191600987,1.308741949374992,10.049999999999999,0.4278323224718693,0.3250793650793651,0.18431111653166565,0.5662571106236614,0.7994291559495874,0.10384408741139348,0.5236111265104139,4.632240611715135,3.519710311392421,0.00673308867709073,0.006880872789916038,0.13149672035122262,3440884.9605211494,3.6765395203474354
Bldg_034_4St,ChiChi_1999_TCU068_scaled_0.72g,4.0,666777.4275900043,12.29923854005396,0.7869876091101675,0.2751374623816294,0.18176931440458607,0.3496083790858185,0.901114411902358,775.1404708390176,166694.35689750107,83823096.24972795,83823096.24972795,1.0,0.025909563676249067,0.7168,0.9793056114621539,0.3918739507039827,11.287491908555028,18.89,0.7206483050886867,0.6206060606060606,1.8620615545594053,1.6116504377424785,1.8445884945938926,0.2871058687111834,2.597742124106313,1.2680952685857192,1.0920550337148391,0.042569015065134545,0.04407689996695925,0.35845083014273305,11360383.017758919,21.668646581260752
Bldg_029_10St,Kobe_1995_NS_scaled_1.17g,10.0,3306559.1027033487,40.85103354718929,2.8470338124293835,1.0055703560634366,0.6133007191000883,0.35319930226096613,0.8447518426005479,1671.293479517068,330655.91027033486,66673572.54055375,62546842.54886757,0.748278909461416,0.032311089590841974,1.1676,1.489885267133405,0.5504295453472083,19.04897040911142,12.780000000000001,0.8720606558868952,0.7728301886792452,0.9414352548173788,2.060945357891281,2.272914913420485,1.8970583757542465,0.8062994645575358,3.683906056122005,3.264719940304977,0.08462217045536578,0.09091980554720373,2.6619024022271534,27707089.58086177,21.449660840926665
Bldg_021_8St,El_Centro_1940_NS_scaled_0.49g,8.0,2522754.82118266,32.32951534566002,2.6102427070001735,0.9254001036349783,0.5728010687995481,0.35452645884355183,0.8357723193147679,1452.0498090500698,315344.3526478325,48088571.83372548,57616640.05790957,0.6692598452597174,0.02453858408069792,0.4871999999999999,0.7653878044182246,0.26101657054381694,6.089775332399659,13.060000000000002,0.5341737574272261,0.7447272727272727,0.31650190201511924,0.6148224204736533,1.3425553255003306,0.5357163704396803,0.6496344458438409,3.5049645723879284,4.886504944705719,0.02382872427355675,0.03265969210023844,0.6911195891437534,7604512.401532317,7.182371345859594
Bldg_017_6St,Loma_Prieta_1989_Corralitos,6.0,646461.7617538249,22.924539139666617,1.3489350259407027,0.48507097650948133,0.3037321310675228,0.3595955084428243,0.8461101879887595,739.5795310614494,107743.62695897081,36385927.280900784,42481912.65457106,0.7130079606707943,0.04463404657559655,0.644,0.6861034364890142,0.3994006678649551,6.918654308054634,11.41,0.6811214742642783,1.0778947368421052,0.6942178629112813,1.0215002192612022,1.7026704045143044,0.3136305187102426,1.0779780479988839,1.2514533932067067,1.9804617486150637,0.022942080579070115,0.022278266770356565,0.42807678793078474,3616053.314507938,14.603512282753803
Bldg_010_4St,Northridge_1994_Sylmar,4.0,577210.2580398876,15.589050114707588,0.9035156567368826,0.3317185659069841,0.22164574174728088,0.367142022867663,0.8750783301686131,710.7068233538631,144302.5645099719,51967001.47358608,60903626.192958586,0.7065322616075785,0.058122873880958124,0.843,0.8309546252613713,0.3287478434080909,9.138133288190668,9.37,0.4931760280806555,0.8192,1.2347770829254874,1.679452903669104,1.3314512752342698,0.25026506629617573,1.4647414981322509,1.1029243856651398,1.8320348218326599,0.025768396422166773,0.025818418403962002,0.33712853467471326,5275986.641151636,21.256121797261418
Bldg_008_7St,Loma_Prieta_1989_Corralitos_scaled_0.90g,7.0,755228.8090866206,23.728064373864356,1.605643367380175,0.5589701143139352,0.3501038149948886,0.34812843603369453,0.8481740220485228,800.3533323288627,107889.82986951723,34861030.99909627,40000000.0,0.7430515499548134,0.032214554413775735,0.9015999999999998,0.9605448110846201,0.5591609350109363,13.560562443787077,11.41,0.6811214742642782,1.0778947368421052,0.8418622872212678,1.847871302732137,2.6575139724868926,0.5391235504819977,0.9337425545932431,1.4896105459093423,2.3573524371912233,0.03588932400422418,0.04087812948909152,0.6967629514017711,5594365.03696583,17.308273159832957
Bldg_013_5St,El_Centro_1940_NS_scaled_0.21g,5.0,1315261.8799432397,20.03360101241618,1.3089278898694292,0.4557281832227655,0.2894843887416233,0.3481690525123016,0.8754262397221849,1073.0399628199511,263052.3759886479,71241185.83983777,75531053.48463854,0.8864078429497019,0.054416184732467,0.2088,0.3280233447506678,0.11186424451877919,1.1185301630938156,13.060000000000002,0.5341737574272261,0.7447272727272727,0.22345606773001853,0.5151610780809904,0.541815846737747,0.09509083026309843,1.0701918952587093,1.757593602119595,2.4503784988871398,0.008337388955823217,0.008422760711604013,0.1227292921107129,2548995.2175331153,4.002221473888203
Bldg_029_10St,Kobe_1995_NS,10.0,3306559.1027033487,40.85103354718929,2.8470338124293835,1.0055703560634366,0.6133007191000883,0.35319930226096613,0.8447518426005479,1671.293479517068,330655.91027033486,66673572.54055375,62546842.54886757,0.748278909461416,0.032311089590841974,0.834,1.0642037622381462,0.3931639609622956,9.718862453628272,12.780000000000001,0.8720606558868959,0.7728301886792452,0.6724537534410607,1.4721038270652431,1.6235106524432132,1.3550416969674763,0.8062994645576268,3.683906056122005,3.2647199403049743,0.06044440746812524,0.06494271824800432,1.901358858733654,19790778.27204463,15.321186314941617
Bldg_014_5St,ChiChi_1999_TCU068,5.0,1593765.9396833987,19.810700551829953,0.8894792288713879,0.3088246908799503,0.19628714530869923,0.34719719230745977,0.8824903205928275,1185.9523662698816,318753.18793667975,186945021.86907646,186945021.86907646,1.0,0.025534123696712055,0.512,0.6995040081872533,0.27990996478855884,5.758924443140322,18.89,0.7206483050886865,0.6206060606060606,1.3387307695633446,1.7653873740362718,1.4573658407716887,0.26322722537451937,2.6147085343034075,1.4332428980837792,1.234276446070215,0.022180826385891955,0.023649265542520045,0.331870317213787,19453788.11365119,21.31701520982889
Bldg_033_6St,Imperial_Valley_1979_Array6_scaled_0.26g,6.0,470835.12233445,22.287920016752828,0.9424337011627946,0.3261489219395039,0.2033903163261337,0.34607094540135236,0.865772791165726,638.4639676930507,78472.520389075,56818952.49859368,61590430.563559696,0.8450578110493322,0.04751138868384332,0.26339999999999997,0.26823347494089234,0.1259599283434734,1.0924121950824885,11.25,0.4646807553227397,0.8192,0.21622434161753926,0.5801398458730768,0.543295442078046,0.047704109066408894,0.8208972726558059,1.1504317641147395,2.028131551323308,0.0031888106576985027,0.0035956491342305466,0.06451056578419266,773461.9777326698,4.402046477207648
Bldg_001_9St,Loma_Prieta_1989_Corralitos,9.0,1527742.1397965779,38.35519513262496,2.1413036512544052,0.7346964083904504,0.4502992706525202,0.3431070637553226,0.845007649463895,1136.201476207652,169749.1266440642,50592313.74146908,55675323.882297106,0.8174052780878655,0.05395655297064335,0.644,0.6861034364890142,0.3994006678649551,6.918654308054634,11.41,0.6811214742642783,1.0778947368421052,0.3987410240564193,1.0346377794840995,1.1735961453182537,0.455866009976936,0.6191630808329492,1.9865610045817237,3.143791132950786,0.018037297818759894,0.022741464491731558,0.583604411597861,5592561.544724286,9.871558296996756
Bldg_011_5St,Loma_Prieta_1989_Corralitos,5.0,1451852.277223199,20.06527884435787,0.894354941017543,0.30523291686505966,0.19519356971894125,0.34128834410841863,0.8825020573804334,1131.928717571005,290370.4554446398,172350178.34134805,172350178.34134805,1.0,0.05720067339243327,0.644,0.6861034364890142,0.3994006678649551,6.918654308054634,11.41,0.6811214742642783,1.0778947368421052,0.8423836016918397,1.5596188289010664,1.282573021428451,0.16747657131538074,1.3080490709500616,0.8297238222330722,1.3130623167968554,0.015303184138538135,0.01613871449697115,0.21179912815481325,11162356.042887015,11.310202290699026
Bldg_001_9St,Friuli_1976_Tolmezzo_scaled_0.21g,9.0,1527742.1397965779,38.35519513262496,2.1413036512544052,0.7346964083904504,0.4502992706525202,0.3431070637553226,0.845007649463895,1136.201476207652,169749.1266440642,50592313.74146908,55675323.882297106,0.8174052780878655,0.05395655297064335,0.2112,0.12811666631728136,0.0617233149605922,0.471147101774997,10.049999999999999,0.42783232247186925,0.3250793650793651,0.054830057442380335,0.2597824448867482,0.3879230062044416,0.06259449165665183,0.2596120144052099,6.58701806782361,5.005006725257884,0.0024802716947629434,0.003105700746160533,0.08093568940980637,773000.3104450441,1.8339808381782279
Bldg_015_10St,Imperial_Valley_1979_Array6_scaled_0.61g,10.0,2816481.9947992526,40.98256473151777,1.8319490809782595,0.6193726605439063,0.3773880973810691,0.3380949104836264,0.8478015197669436,1545.2565209657066,281648.1994799253,143070004.16746855,143070004.16746855,1.0,0.037694089189244176,0.6145999999999999,0.6258781081954151,0.2939064994681046,5.947577506560213,11.25,0.46468075532273967,0.8192,0.33675944047663164,0.9894820941053355,1.6069088466651786,0.28071886309893695,0.5479327049733675,2.2362659679910393,3.942382076283526,0.013449121018746362,0.017294914193265495,0.3283356633209583,10140657.973426282,7.607017282973949
Bldg_010_4St,Kobe_1995_NS_scaled_1.17g,4.0,577210.2580398876,15.589050114707588,0.9035156567368826,0.3317185659069841,0.22164574174728088,0.367142022867663,0.8750783301686131,710.7068233538631,144302.5645099719,51967001.47358608,60903626.192958586,0.7065322616075785,0.058122873880958124,1.1676,1.489885267133405,0.5504295453472083,19.04897040911142,12.780000000000001,0.8720606558868952,0.7728301886792452,1.9392309510028012,2.150742524048862,2.0373454628930117,0.39256974466083844,1.6608692625923271,1.1690998488050484,1.0360697396880008,0.04046954919278425,0.03950461131178951,0.5182917593430404,9376712.627853509,32.9136002488094
Bldg_027_8St,ChiChi_1999_TCU068_scaled_0.72g,8.0,1236762.7935664188,33.45874608638884,1.9546697610790964,0.6731664591962702,0.41557814763449613,0.3443888438856502,0.8430406960968102,1021.0981179078087,154595.34919580235,44481783.16310389,50477108.5258839,0.7624536928573992,0.03506955879751763,0.7168,0.9793056114621539,0.3918739507039827,11.287491908555028,18.89,0.7206483050886867,0.6206060606060606,0.9059853021467197,1.7799702469498304,1.9780011319827926,0.8598497926556503,1.2639303880395085,3.1496143611137786,2.712376824141069,0.043879597546521557,0.04679236513035306,1.1236720330914693,9878457.613313343,16.6839292876712
Bldg_035_8St,Loma_Prieta_1989_Corralitos,8.0,2170485.1346629397,29.41406488338083,1.5058458369512058,0.5067389805174635,0.3116778724217766,0.3365145143565473,0.8582462946298408,1364.8482788843671,271310.64183286746,136007095.16231158,136007095.16231158,1.0,0.05362839943511724,0.644,0.6861034364890142,0.3994006678649551,6.918654308054634,11.41,0.6811214742642783,1.0778947368421052,0.5724584744462027,0.9240103455561401,1.5131697205480399,0.32246778959314465,0.8889106746059048,1.3970249463902789,2.2108330068109563,0.02091254040955338,0.02377663078202612,0.4012457098085287,11889865.394639306,9.801780355459544
Bldg_040_5St,Northridge_1994_Sylmar_scaled_0.51g,5.0,886610.9492362948,19.765736699798776,1.0612910403555909,0.38285605262008715,0.2551718244840761,0.36074558067672874,0.8574015036543967,871.8839148829684,177322.18984725897,67561726.4654356,78967512.31225075,0.6389089160579486,0.024267970004537443,0.5057999999999999,0.498572775156823,0.1972487060448539,3.289727983748639,9.37,0.49317602808065547,0.8192,0.5773237605746261,1.740906128297593,1.421417939915403,0.16147308200091423,1.1414071976564377,1.2955212894965709,2.1519517979937666,0.013786879517011387,0.016244171658599614,0.22023898487490917,5070946.498090575,13.656419975631488
Bldg_036_7St,ChiChi_1999_TCU068_scaled_0.72g,7.0,1602726.511347166,28.557038136018107,1.3803364142962382,0.464490019337446,0.28960026023929597,0.33650493787361635,0.866819142413017,1178.6746879816149,228960.9301924523,105817892.48660325,105817892.48660325,1.0,0.04430220889174291,0.7168,0.9793056114621539,0.3918739507039827,11.287491908555028,18.89,0.7206483050886867,0.6206060606060606,0.743685943074066,1.4380536405723623,1.5731332153890465,0.3521078218045994,1.0375082911189537,2.2241748863171806,1.9154092288142783,0.023470586023472136,0.02358450234378586,0.44266481608600966,10181246.346931685,10.709135529034448
Bldg_015_10St,Kobe_1995_NS_scaled_0.50g,10.0,2816481.9947992526,40.98256473151777,1.8319490809782595,0.6193726605439063,0.3773880973810691,0.3380949104836264,0.8478015197669436,1545.2565209657066,281648.1994799253,143070004.16746855,143070004.16746855,1.0,0.037694089189244176,0.5004,0.638522257342888,0.23589837657737536,3.4987904833061783,12.780000000000001,0.8720606558868951,0.7728301886792452,0.5091910411313693,0.9470553494009082,1.1059023747470877,0.42439363120867113,1.0175680278404662,2.370441926070502,2.1007129132722397,0.020335500985940284,0.020780067173474172,0.5669468733899818,12184134.105335934,9.30791582633223
Bldg_018_10St,Friuli_1976_Tolmezzo_scaled_0.49g,10.0,2641541.8673443226,33.10622970315683,2.979394789620447,0.9999769202777022,0.6053898786112969,0.33563088844801664,0.8685081886935473,1514.6619235213475,264154.18673443224,53343084.94813778,41033142.2677983,1.3333333333333333,0.03095844509284535,0.4927999999999999,0.2989388880736565,0.14402106824138175,2.5651342207749837,10.049999999999999,0.42783232247186936,0.3250793650793651,0.1382629795854208,0.3141165622633541,0.8290984633399661,0.3048352298159881,0.28056611117171437,9.16513045635196,6.9639310382313315,0.01956857863894501,0.019510105603258145,0.39093194719944707,3101403.9920662534,2.938754290912331
Bldg_022_7St,Friuli_1976_Tolmezzo_scaled_0.21g,7.0,1284556.1704486806,22.23148050221301,1.98084884368781,0.6726415516435851,0.4158103425373049,0.3395723776637629,0.8648236794908523,1053.9993329410158,183508.02434981152,41197991.83998627,41197991.83998628,1.0,0.040533046747695714,0.2112,0.12811666631728136,0.0617233149605922,0.471147101774997,10.049999999999999,0.42783232247186925,0.3250793650793651,0.05474328909690154,0.3845568908954121,0.45684683502720136,0.05336761920014951,0.25920117943608684,6.093431501578713,4.629965385137665,0.004558120919993341,0.0057190364193198985,0.07386570905094966,748288.817014327,2.2055159165202807
Bldg_034_4St,Northridge_1994_Sylmar,4.0,666777.4275900043,12.29923854005396,0.7869876091101675,0.2751374623816294,0.18176931440458607,0.3496083790858185,0.901114411902358,775.1404708390176,166694.35689750107,83823096.24972795,83823096.24972795,1.0,0.025909563676249067,0.843,0.8309546252613713,0.3287478434080909,9.138133288190668,9.37,0.4931760280806555,0.8192,1.707648747506623,2.7689700386339307,2.4539723433260368,0.2627359566986441,2.025680602024464,0.96067823377706,1.595753978904792,0.0390389485678243,0.03710080322594937,0.34756597470524586,9562363.397363205,28.493768472987824
Bldg_033_6St,Friuli_1976_Tolmezzo_scaled_0.21g,6.0,470835.12233445,22.287920016752828,0.9424337011627946,0.3261489219395039,0.2033903163261337,0.34607094540135236,0.865772791165726,638.4639676930507,78472.520389075,56818952.49859368,61590430.563559696,0.8450578110493322,0.04751138868384332,0.2112,0.12811666631728136,0.0617233149605922,0.471147101774997,10.049999999999999,0.42783232247186925,0.3250793650793651,0.1525188359814236,0.47005525119989944,0.3938390734928886,0.03363611196670318,0.7221535794574981,2.8990880455691435,2.202810894973372,0.0022493012860578063,0.002997689201888338,0.048493529599272764,653345.6333135618,4.151936538027027
Bldg_009_9St,Loma_Prieta_1989_Corralitos_scaled_0.90g,9.0,1936007.7066165784,33.37060515365388,2.0240667166863795,0.7218964229585041,0.4472852984026352,0.35665643677019115,0.8231148142306102,1262.3615265765725,215111.96740184203,67549516.69497378,85350928.3329129,0.5828654242985061,0.05915571433100036,0.9015999999999998,0.9605448110846201,0.5591609350109363,13.560562443787077,11.41,0.6811214742642782,1.0778947368421052,0.5169247639390362,1.41945526497192,1.5714361057418522,0.5259506276203789,0.5733415749102,1.8777962703633404,2.971667746744735,0.025526172010702584,0.029044859904316985,0.6727304795268964,9075901.335267154,13.249004076580624
Bldg_026_8St,Kobe_1995_NS_scaled_0.50g,8.0,1015166.0411593535,27.05742871588174,1.3951200061550888,0.48102600867032974,0.2939048899595255,0.3447918505563,0.8676064061736877,938.4905756798182,126895.75514491918,72720867.3625144,62594538.81860429,1.073553100159606,0.03644826883488745,0.5004,0.638522257342888,0.23589837657737536,3.4987904833061783,12.780000000000001,0.8720606558868951,0.7728301886792452,0.645484770873524,1.0331495596345526,1.0305191874071398,0.3120721809348074,1.289937591673709,1.8052089923393484,1.5997969828557816,0.0240247474351149,0.024834086873157524,0.4132294120736029,5763096.248168596,11.011846423631708
Bldg_019_10St,ChiChi_1999_TCU068_scaled_0.31g,10.0,2052578.4585914456,37.07858698432766,3.118454611073725,1.0899438674104054,0.6686626239905169,0.349514103408779,0.8291539226026338,1304.5702282325642,205257.84585914455,33968527.97319341,40000000.0,0.6984263986596704,0.03693883769232474,0.3072,0.4197024049123519,0.1679459788731353,2.073212799530516,18.89,0.7206483050886867,0.6206060606060606,0.24002826903485566,0.43266252352375695,0.7468957688225502,0.579458622375089,0.7813420215978375,5.024853621359029,4.3272905646950095,0.02407207090948932,0.02920047495584057,0.7349109905354142,4135575.573002494,5.8461983789616525
Bldg_010_4St,Friuli_1976_Tolmezzo,4.0,577210.2580398876,15.589050114707588,0.9035156567368826,0.3317185659069841,0.22164574174728088,0.367142022867663,0.8750783301686131,710.7068233538631,144302.5645099719,51967001.47358608,60903626.192958586,0.7065322616075785,0.058122873880958124,0.352,0.21352777719546898,0.102872191600987,1.308741949374992,10.049999999999999,0.4278323224718693,0.3250793650793651,0.2869572336627386,0.6867041766887884,0.7616420840453191,0.05806786145669915,0.8152194138145984,2.7793694518761525,2.1118452470273334,0.005988471810402076,0.00620561200428916,0.08241212894735774,1396441.4306145324,6.595003772013959
Bldg_004_9St,Friuli_1976_Tolmezzo,9.0,1948649.445047211,34.52008614666971,1.8669862587577561,0.6258111713455994,0.3829180140447785,0.3351985952815731,0.8546009371985288,1290.4718679648695,216516.60500524566,87950131.45529062,87950131.45529062,1.0,0.04849082359697768,0.352,0.21352777719546898,0.102872191600987,1.308741949374992,10.049999999999999,0.4278323224718693,0.3250793650793651,0.12082461712121714,0.565675805231979,0.7036112456430242,0.10455448774541112,0.343251753185276,5.743170620202082,4.3638270431998825,0.00584934627290137,0.006571472661153906,0.12738730632505346,2216810.448788297,3.3666545584335608
Bldg_027_8St,Imperial_Valley_1979_Array6_scaled_0.26g,8.0,1236762.7935664188,33.45874608638884,1.9546697610790964,0.6731664591962702,0.41557814763449613,0.3443888438856502,0.8430406960968102,1021.0981179078087,154595.34919580235,44481783.16310389,50477108.5258839,0.7624536928573992,0.03506955879751763,0.26339999999999997,0.26823347494089234,0.1259599283434734,1.0924121950824885,11.25,0.4646807553227397,0.8192,0.1323077710514458,0.3223780444109505,0.6291330192648026,0.12555538832316598,0.5023074071808877,2.386071485692256,4.206478832379229,0.0064080639412785615,0.007805614132225465,0.1459604361832775,1536629.7382130509,3.09717036431876
Bldg_023_4St,Kobe_1995_NS_scaled_1.17g,4.0,766198.5056578394,14.085368853543702,0.6464204299712705,0.2384130320594705,0.16037881502662232,0.3688203853180608,0.8743349213046628,818.4828099282827,191549.62641445984,132243280.43540907,155581753.84682024,0.6999844411782463,0.030147286954925547,1.1676,1.489885267133405,0.5504295453472083,19.04897040911142,12.780000000000001,0.8720606558868952,0.7728301886792452,2.6499594374569124,2.151376177043326,1.6786749090811073,0.2747510064353582,2.269578141021679,0.83643268526556,0.7412562711178087,0.03177694419060694,0.03221673775268476,0.3640270992365289,17650152.326235212,34.82641171528233
Bldg_003_7St,Imperial_Valley_1979_Array6_scaled_0.61g,7.0,1916270.4866929152,21.004371166760656,1.7280142136463181,0.5969958868135233,0.3709851306358629,0.34548088904534535,0.8517525842969699,1277.5712658214816,273752.92667041643,76957987.31765112,83542359.52837032,0.8423704513999704,0.03410275425336676,0.6145999999999999,0.6258781081954151,0.2939064994681046,5.947577506560213,11.25,0.46468075532273967,0.8192,0.3794390233485325,1.1446331047373672,1.716341800958393,0.2814432814162807,0.6173755667890214,2.109392350642478,3.7187126728459887,0.02422783230805188,0.0301196763518133,0.36901045717725295,7550377.7820802275,9.980842238995985
Bldg_025_6St,Imperial_Valley_1979_Array6_scaled_0.61g,6.0,1757236.410893677,25.206007389869953,1.499772555124449,0.5085192700648059,0.31318652089399057,0.33906425899533127,0.8984443167658247,1256.4947539012646,292872.7351489462,90287042.21106903,70659424.3390975,1.3333333333333333,0.058348096296313844,0.6145999999999999,0.6258781081954151,0.2939064994681046,5.947577506560213,11.25,0.46468075532273967,0.8192,0.32654279072940146,1.2282024135014418,1.3321113030295415,0.18252430597590494,0.5313094544897519,1.8307770448296494,3.2275331783060306,0.015176726889429632,0.016591900799621483,0.24002863243752698,5527136.0968423905,6.61457321221841
Bldg_034_4St,Loma_Prieta_1989_Corralitos_scaled_0.39g,4.0,666777.4275900043,12.29923854005396,0.7869876091101675,0.2751374623816294,0.18176931440458607,0.3496083790858185,0.901114411902358,775.1404708390176,166694.35689750107,83823096.24972795,83823096.24972795,1.0,0.025909563676249067,0.3864,0.4116620618934086,0.2396404007189732,2.4907155508996683,11.41,0.6811214742642783,1.0778947368421052,0.6718854054047574,1.4664001322199869,0.9933586274345264,0.10332621496664944,1.7388338649191444,0.7301154576705656,1.1554291544841422,0.015360125917795849,0.01594425545894322,0.12914460299083128,4109473.4221864194,10.263933158942649
Bldg_012_9St,Imperial_Valley_1979_Array6_scaled_0.61g,9.0,2233538.9192729555,32.21400348906792,2.044992330417825,0.6938026305909998,0.4232174107613456,0.33926906241709215,0.8677249013184531,1392.155644429548,248170.99103032838,85201688.07554445,70380243.16449313,1.161922715813221,0.03024827774377832,0.6145999999999999,0.6258781081954151,0.2939064994681046,5.947577506560213,11.25,0.46468075532273967,0.8192,0.3121701594636834,0.7812494763497675,1.6014833737238363,0.32477424014371487,0.5079241123717596,2.496328528342071,4.400854365052184,0.02014809890064339,0.020792040570787502,0.4118421137271698,6122808.646655743,6.487802266036967
Bldg_008_7St,San_Fernando_1971_Pacoima_scaled_0.70g,7.0,755228.8090866206,23.728064373864356,1.605643367380175,0.5589701143139352,0.3501038149948886,0.34812843603369453,0.8481740220485228,800.3533323288627,107889.82986951723,34861030.99909627,40000000.0,0.7430515499548134,0.032214554413775735,0.7020000000000001,0.621704472793615,0.284211752977573,7.102529712286988,9.42,0.46164900464092706,0.28054794520547943,0.30923650863956886,1.7380971622961947,2.2051386155606534,0.19807202992547043,0.44050784706491286,5.723240518493789,3.478060932090718,0.0131830222364903,0.018006348079644314,0.2536949270470537,2653295.426844861,14.207798943072213
Bldg_040_5St,El_Centro_1940_NS_scaled_0.21g,5.0,886610.9492362948,19.765736699798776,1.0612910403555909,0.38285605262008715,0.2551718244840761,0.36074558067672874,0.8574015036543967,871.8839148829684,177322.18984725897,67561726.4654356,78967512.31225075,0.6389089160579486,0.024267970004537443,0.2088,0.3280233447506678,0.11186424451877919,1.1185301630938156,13.060000000000002,0.5341737574272261,0.7447272727272727,0.1913143672903616,0.5129344388273965,1.0213244097666845,0.05352289808614066,0.9162565483254865,1.4250734184462281,1.986789926684441,0.004568715704824234,0.005575546395904209,0.06988987998946748,1740519.496190142,5.39853409125447
Bldg_033_6St,ChiChi_1999_TCU068_scaled_0.31g,6.0,470835.12233445,22.287920016752828,0.9424337011627946,0.3261489219395039,0.2033903163261337,0.34607094540135236,0.865772791165726,638.4639676930507,78472.520389075,56818952.49859368,61590430.563559696,0.8450578110493322,0.04751138868384332,0.3072,0.4197024049123519,0.1679459788731353,2.073212799530516,18.89,0.7206483050886867,0.6206060606060606,0.6260305956455011,0.953433733304337,0.6773523448865881,0.13810561585317388,2.037860011866866,1.518569928631456,1.307758159573849,0.00923250833141991,0.011408416857206834,0.17415314171722499,2614447.438370325,9.124963096762505
Bldg_019_10St,El_Centro_1940_NS_scaled_0.49g,10.0,2052578.4585914456,37.07858698432766,3.118454611073725,1.0899438674104054,0.6686626239905169,0.349514103408779,0.8291539226026338,1304.5702282325642,205257.84585914455,33968527.97319341,40000000.0,0.6984263986596704,0.03693883769232474,0.4871999999999999,0.7653878044182246,0.26101657054381694,6.089775332399659,13.060000000000002,0.5341737574272261,0.7447272727272727,0.31267371235127395,0.4462093265154445,1.0931462538755883,0.755375274411184,0.6417769136930911,4.187378017799191,5.837903056288893,0.031357572195632274,0.03847045316880716,1.0126242368672345,5029024.816414459,7.788992007170788
Bldg_028_4St,San_Fernando_1971_Pacoima_scaled_0.70g,4.0,1124368.770359385,16.14633182447185,0.7820760057987548,0.27845282962298024,0.18452810965809507,0.3560431819393168,0.8976479800932551,1004.6329457035733,281092.19258984627,139609134.84546733,139609134.84546733,1.0,0.03511402197103145,0.7020000000000001,0.621704472793615,0.284211752977573,7.102529712286988,9.42,0.46164900464092706,0.28054794520547943,1.033788312316303,3.0606340042995033,1.6446404884090147,0.15717189879925206,1.4726329235274969,2.78767326285689,1.694092260432918,0.016578626306556404,0.02012770008053378,0.18690176770278505,12422606.70841836,20.659927503772852
Bldg_007_7St,Loma_Prieta_1989_Corralitos,7.0,674145.3737687075,28.414145282790457,1.5363136806480093,0.5456887561369359,0.34003453867547073,0.3551935799378986,0.8432877429861823,753.9884154879235,96306.48196695822,33097495.190190606,40000000.0,0.6548747595095301,0.027548284333655176,0.644,0.6861034364890142,0.3994006678649551,6.918654308054634,11.41,0.6811214742642783,1.0778947368421052,0.682533097984668,1.3636622929396738,1.9952229839747504,0.4000294500523759,1.0598340030817825,1.4252910123199305,2.2555648862891564,0.02343566009836079,0.0250685962458203,0.5336664745564169,3498594.369283976,15.09383595676963
Bldg_004_9St,Kobe_1995_NS,9.0,1948649.445047211,34.52008614666971,1.8669862587577561,0.6258111713455994,0.3829180140447785,0.3351985952815731,0.8546009371985288,1290.4718679648695,216516.60500524566,87950131.45529062,87950131.45529062,1.0,0.04849082359697768,0.834,1.0642037622381462,0.3931639609622956,9.718862453628272,12.780000000000001,0.8720606558868959,0.7728301886792452,0.7591422409855973,1.4546075434827228,1.6652271565846912,0.6571265980453324,0.9102424951865676,2.4157781180215108,2.140890368295551,0.03675149935262104,0.03832460628331178,0.872446165717597,12928363.55490902,13.992451058692422
Bldg_040_5St,San_Fernando_1971_Pacoima_scaled_1.20g,5.0,886610.9492362948,19.765736699798776,1.0612910403555909,0.38285605262008715,0.2551718244840761,0.36074558067672874,0.8574015036543967,871.8839148829684,177322.18984725897,67561726.4654356,78967512.31225075,0.6389089160579486,0.024267970004537443,1.2,1.062742688536094,0.48583205637192123,20.75397680557232,9.42,0.461649004640927,0.28054794520547943,1.2830429089239475,2.895508039222729,5.275827802185301,0.3590087691307416,1.0692024241032896,3.782922165329987,2.2989133079168416,0.030639927209792608,0.03349926265519184,0.4975776163652288,9085414.540518193,29.135194620633055
Bldg_019_10St,ChiChi_1999_TCU068_scaled_0.72g,10.0,2052578.4585914456,37.07858698432766,3.118454611073725,1.0899438674104054,0.6686626239905169,0.349514103408779,0.8291539226026338,1304.5702282325642,205257.84585914455,33968527.97319341,40000000.0,0.6984263986596704,0.03693883769232474,0.7168,0.9793056114621539,0.3918739507039827,11.287491908555028,18.89,0.7206483050886867,0.6206060606060606,0.5600659610813876,1.0095458882221013,1.7427567939192772,1.3520701188753426,0.781342021597918,5.024853621359029,4.3272905646950095,0.056168165455480874,0.06813444156363334,1.7147923112493533,9649676.337007223,13.641129550925944
Bldg_008_7St,Imperial_Valley_1979_Array6_scaled_0.61g,7.0,755228.8090866206,23.728064373864356,1.605643367380175,0.5589701143139352,0.3501038149948886,0.34812843603369453,0.8481740220485228,800.3533323288627,107889.82986951723,34861030.99909627,40000000.0,0.7430515499548134,0.032214554413775735,0.6145999999999999,0.6258781081954151,0.2939064994681046,5.947577506560213,11.25,0.46468075532273967,0.8192,0.44843057333069425,1.3453720446364827,1.4456181599613114,0.2871875115719989,0.7296299598612013,1.9600138761965027,3.4553687644434308,0.01911698669005151,0.022324298196404763,0.370391313230129,2769766.1266577546,10.938396670402271
Bldg_012_9St,Northridge_1994_Sylmar_scaled_0.51g,9.0,2233538.9192729555,32.21400348906792,2.044992330417825,0.6938026305909998,0.4232174107613456,0.33926906241709215,0.8677249013184531,1392.155644429548,248170.99103032838,85201688.07554445,70380243.16449313,1.161922715813221,0.03024827774377832,0.5057999999999999,0.498572775156823,0.1972487060448539,3.289727983748639,9.37,0.49317602808065547,0.8192,0.2388154318102561,0.9007036120246277,1.2037946666240045,0.2475241117636753,0.47215387862842256,2.496328528342071,4.146576909620961,0.01541363513853946,0.018948819727813846,0.31927999205192215,5580019.761811443,6.602779734405238
Bldg_010_4St,Imperial_Valley_1979_Array6_scaled_0.61g,4.0,577210.2580398876,15.589050114707588,0.9035156567368826,0.3317185659069841,0.22164574174728088,0.367142022867663,0.8750783301686131,710.7068233538631,144302.5645099719,51967001.47358608,60903626.192958586,0.7065322616075785,0.058122873880958124,0.6145999999999999,0.6258781081954151,0.2939064994681046,5.947577506560213,11.25,0.46468075532273967,0.8192,0.4821576217756414,1.2513550918128882,1.2634732604151206,0.09768923837200262,0.7845063810212195,1.1029243856651398,1.9443793322349971,0.010062082385305843,0.01041781796444067,0.12831268693740183,2472746.396385819,9.145504857338597
Bldg_021_8St,Northridge_1994_Sylmar_scaled_0.51g,8.0,2522754.82118266,32.32951534566002,2.6102427070001735,0.9254001036349783,0.5728010687995481,0.35452645884355183,0.8357723193147679,1452.0498090500698,315344.3526478325,48088571.83372548,57616640.05790957,0.6692598452597174,0.02453858408069792,0.5057999999999999,0.498572775156823,0.1972487060448539,3.289727983748639,9.37,0.49317602808065547,0.8192,0.23120626410254022,0.8565528582096954,1.3286177392210836,0.39132945317312523,0.45711005160644574,3.186331429443571,5.292720161518651,0.01740700540041428,0.02463322899794771,0.501201244403329,6401318.708298822,5.793956239541645
Bldg_005_5St,Friuli_1976_Tolmezzo,5.0,1054965.4097151533,19.818838538279376,0.8108817871991694,0.2855759554952941,0.18628453092568645,0.3521795161803908,0.8722298013627929,959.2561022795037,210993.08194303064,142976339.73852292,158130879.27603912,0.7604114451444064,0.038812025377841536,0.352,0.21352777719546898,0.102872191600987,1.308741949374992,10.049999999999999,0.4278323224718693,0.3250793650793651,0.45467865469231916,0.7536671854339817,0.6027078590213326,0.0741967318049027,1.291700723557725,2.49441174773182,1.8953261467347087,0.00654590204600957,0.0066087859332606596,0.09696600737941051,4142347.851752421,7.632558325746265
Bldg_033_6St,San_Fernando_1971_Pacoima,6.0,470835.12233445,22.287920016752828,0.9424337011627946,0.3261489219395039,0.2033903163261337,0.34607094540135236,0.865772791165726,638.4639676930507,78472.520389075,56818952.49859368,61590430.563559696,0.8450578110493322,0.04751138868384332,1.17,1.0361741213226916,0.47368625496262196,19.729249200797177,9.42,0.461649004640927,0.28054794520547943,1.1144208086530696,2.959248346802953,3.2831901598812836,0.24590335577424394,0.9524964176521963,3.3592607512150394,2.041450737873516,0.016435138269860882,0.019383529104056836,0.32079024518062077,4761038.672654998,25.341157375596303
Bldg_022_7St,Northridge_1994_Sylmar_scaled_1.18g,7.0,1284556.1704486806,22.23148050221301,1.98084884368781,0.6726415516435851,0.4158103425373049,0.3395723776637629,0.8648236794908523,1053.9993329410158,183508.02434981152,41197991.83998627,41197991.83998628,1.0,0.040533046747695714,1.1802,1.163336475365919,0.4602469807713281,17.910741244853703,9.37,0.4931760280806554,0.8192,0.5859812402911798,1.8140265001342781,2.658923841144734,0.5710054427472974,0.4965101171760548,2.418028373642346,4.0165148565652835,0.04879088184429255,0.053777537727464006,0.7247902058226843,7036347.933033938,13.424658184256597
Bldg_023_4St,El_Centro_1940_NS,4.0,766198.5056578394,14.085368853543702,0.6464204299712705,0.2384130320594705,0.16037881502662232,0.3688203853180608,0.8743349213046628,818.4828099282827,191549.62641445984,132243280.43540907,155581753.84682024,0.6999844411782463,0.030147286954925547,0.348,0.546705574584446,0.18644040753129837,3.1070282308161543,13.060000000000002,0.534173757427226,0.7447272727272727,0.9957353113999692,1.423724863412681,1.2022496090298485,0.10305696566786225,2.8613083660918655,0.8679961828227509,1.2101313869941217,0.011940343301759661,0.011804876682612937,0.13358242984085134,6186353.323651649,13.666788410792694
Bldg_038_3St,Friuli_1976_Tolmezzo_scaled_0.21g,3.0,670960.952016786,9.738279216538054,0.5814586032302643,0.21822895584713087,0.15751830854494958,0.37531297092307303,0.9074263975091055,780.28692130387,223653.65067226198,118926299.32987614,129961841.76984638,0.8301725754315881,0.058719762660169365,0.2112,0.12811666631728136,0.0617233149605922,0.471147101774997,10.049999999999999,0.42783232247186925,0.3250793650793651,0.2568504235039986,0.4447173399492295,0.35233922035256,0.021574186570323606,1.2161478385605995,1.7886666017337232,1.359080585288168,0.0036352375165980733,0.00393358239425813,0.027194760719189196,1659453.4588118414,4.0491447022382605
Bldg_006_10St,Northridge_1994_Sylmar,10.0,3366909.3113988144,34.18399184750075,3.281079343997509,1.133043582854695,0.6893601308528857,0.345326480728823,0.8345073949971021,1676.2191738095921,336690.93113988143,51738376.4859165,57211205.11280589,0.7608497926193671,0.02384706204365683,0.843,0.8309546252613713,0.3287478434080909,9.138133288190668,9.37,0.4931760280806555,0.8192,0.2966523965994517,0.8088609149663372,1.578500931101874,0.7931903141283294,0.35190082633386915,4.005223808590709,6.652957883550883,0.04179518701985492,0.0499995998424497,1.0551425073967824,9778458.586702254,7.941693674346372
Bldg_005_5St,Imperial_Valley_1979_Array6_scaled_0.61g,5.0,1054965.4097151533,19.818838538279376,0.8108817871991694,0.2855759554952941,0.18628453092568645,0.3521795161803908,0.8722298013627929,959.2561022795037,210993.08194303064,142976339.73852292,158130879.27603912,0.7604114451444064,0.038812025377841536,0.6145999999999999,0.6258781081954151,0.2939064994681046,5.947577506560213,11.25,0.46468075532273967,0.8192,0.8200745180534411,1.4352461998105008,1.6679761307740277,0.13405152433932252,1.3343223528367087,0.989845931639611,1.7450298466438081,0.011806420667006995,0.013620634276874587,0.1768285648025384,8537332.833305964,13.99320643966782
Bldg_020_5St,San_Fernando_1971_Pacoima_scaled_1.20g,5.0,431577.0521504538,15.320911780484215,0.7130741434112638,0.25501056678852646,0.16467834084054334,0.3576213906292907,0.8673366722282386,611.8190943589842,86315.41043009076,75660470.46042758,83114761.34278658,0.7757831833380477,0.058341659875327925,1.2,1.062742688536094,0.48583205637192123,20.75397680557232,9.42,0.461649004640927,0.28054794520547943,1.3042743748756922,3.878914740598456,2.515692916979903,0.1647914017405938,1.0868953123964102,2.5417193588389777,1.544624024405504,0.018799353799825374,0.020710556974301773,0.23494569365896356,5274539.49181273,30.650797574102455
Bldg_031_7St,ChiChi_1999_TCU068_scaled_0.72g,7.0,856890.734760222,22.75669864505952,1.4911929430096265,0.5226822901820123,0.3255666176728036,0.3505128512257438,0.8443472679464323,850.595879853297,122412.96210860314,46041581.58392334,53788220.09784441,0.7119578041500756,0.04318599737886953,0.7168,0.9793056114621539,0.3918739507039827,11.287491908555028,18.89,0.7206483050886867,0.6206060606060606,0.7393021259199639,1.3591703584840944,2.3280320294990458,0.408309981683861,1.0313924747767353,2.4028011288729334,2.0692381186216937,0.029997895533213553,0.02896147673146173,0.540693496298122,4935271.638371499,11.797117806829686
Bldg_003_7St,Loma_Prieta_1989_Corralitos,7.0,1916270.4866929152,21.004371166760656,1.7280142136463181,0.5969958868135233,0.3709851306358629,0.34548088904534535,0.8517525842969699,1277.5712658214816,273752.92667041643,76957987.31765112,83542359.52837032,0.8423704513999704,0.03410275425336676,0.644,0.6861034364890142,0.3994006678649551,6.918654308054634,11.41,0.6811214742642783,1.0778947368421052,0.6175396900440611,1.3250771158511696,1.86116862462383,0.4580584475461324,0.958912562180219,1.6031381864882834,2.537013262594391,0.03943096817485446,0.04858800369174863,0.5564428668845506,12180004.169524383,10.832705241811906
Bldg_032_3St,Imperial_Valley_1979_Array6_scaled_0.61g,3.0,889774.2410912409,11.958446292640017,0.3812673573069689,0.14020888130339432,0.10215875831193638,0.3677442577139072,0.9141135992098178,901.8618153620312,296591.4136970803,373326647.5121846,395291334.35178196,0.8888683614801923,0.03380330511289547,0.6145999999999999,0.6258781081954151,0.2939064994681046,5.947577506560213,11.25,0.46468075532273967,0.8192,1.630257296781711,1.3136643847691074,1.285000878500704,0.058604266759906605,2.652550108658821,0.46541425452510854,0.8204931083108085,0.008252509455926822,0.007923770786393978,0.07140602028521086,12485406.896984529,20.44751714044926
Bldg_037_6St,Loma_Prieta_1989_Corralitos_scaled_0.39g,6.0,1519801.1629553218,18.1313458662842,0.9220273617851668,0.32867711576859315,0.20663916498060184,0.3564721931160815,0.8535992240019256,1138.9912613079553,253300.19382588696,185099389.56536832,214716992.93877366,0.7241242719727287,0.047878458494656856,0.3864,0.4116620618934086,0.2396404007189732,2.4907155508996683,11.41,0.6811214742642783,1.0778947368421052,0.5431515375795946,0.9640029629446795,0.8511441806344134,0.11463564179546715,1.405671681106611,0.8553964782186606,1.353690048872862,0.010649697318698107,0.011239077155335267,0.14962973115146702,7292490.314452142,7.7106965008050645
Bldg_016_7St,Loma_Prieta_1989_Corralitos,7.0,911569.7535034107,29.227888440420674,1.3746005834113613,0.46292984498821277,0.2906324665083849,0.33677407864861714,0.8642017826515197,887.5698316126196,130224.25050048725,60830739.205434665,60830739.20543465,1.0,0.02701321079557354,0.644,0.6861034364890142,0.3994006678649551,6.918654308054634,11.41,0.6811214742642783,1.0778947368421052,0.7785924208368528,1.4854088565931272,2.284130985447344,0.36546526211019736,1.2089944422932497,1.2752642131257745,2.0181430704356416,0.023681729533467977,0.024068485707149687,0.46588682544776494,6113237.408985924,16.06977250521315
Bldg_012_9St,Kobe_1995_NS_scaled_0.50g,9.0,2233538.9192729555,32.21400348906792,2.044992330417825,0.6938026305909998,0.4232174107613456,0.33926906241709215,0.8677249013184531,1392.155644429548,248170.99103032838,85201688.07554445,70380243.16449313,1.161922715813221,0.03024827774377832,0.5004,0.638522257342888,0.23589837657737536,3.4987904833061783,12.780000000000001,0.8720606558868951,0.7728301886792452,0.3794919814188869,0.9448411474732197,1.2440047756357762,0.3929507983812583,0.7583772610289508,2.6461082400425955,2.345011573005831,0.024493186622209367,0.02658784021185396,0.49231470163013313,7829546.955278709,7.352619358165537
Bldg_002_6St,Friuli_1976_Tolmezzo_scaled_0.21g,6.0,650483.7733847327,22.938348273347064,1.3796942775133207,0.4892396143506448,0.30631666469100405,0.35460001706495536,0.857522015391217,746.8628765256442,108413.96223078878,35753014.44204229,40000000.0,0.787650722102115,0.04779139732158818,0.2112,0.12811666631728136,0.0617233149605922,0.471147101774997,10.049999999999999,0.42783232247186925,0.3250793650793651,0.09120236899831381,0.39649381558950264,0.49626222428234823,0.04315998571573677,0.4318293986662586,4.244176732584922,3.224848159068295,0.00287040533783447,0.003435247878154093,0.05334362927680183,597067.4449494673,2.297522209190096
Bldg_015_10St,ChiChi_1999_TCU068_scaled_0.31g,10.0,2816481.9947992526,40.98256473151777,1.8319490809782595,0.6193726605439063,0.3773880973810691,0.3380949104836264,0.8478015197669436,1545.2565209657066,281648.1994799253,143070004.16746855,143070004.16746855,1.0,0.037694089189244176,0.3072,0.4197024049123519,0.1679459788731353,2.073212799530516,18.89,0.7206483050886867,0.6206060606060606,0.36678930580407487,0.8121375146481504,1.0402917772853781,0.30587668143812974,1.193975604830973,2.951871077748172,2.5420847701193305,0.014648420116030215,0.014532420646641597,0.4169251957164166,8520904.21824324,8.52103020147376
Bldg_009_9St,Kobe_1995_NS,9.0,1936007.7066165784,33.37060515365388,2.0240667166863795,0.7218964229585041,0.4472852984026352,0.35665643677019115,0.8231148142306102,1262.3615265765725,215111.96740184203,67549516.69497378,85350928.3329129,0.5828654242985061,0.05915571433100036,0.834,1.0642037622381462,0.3931639609622956,9.718862453628272,12.780000000000001,0.8720606558868959,0.7728301886792452,0.5490425611685497,1.249746726326828,1.4752342855504572,0.5572811332098956,0.6583244138711627,2.6190316402436062,2.3210159786739606,0.027112175378848663,0.032483023386589566,0.7438636026885208,10279837.910319868,10.486727362012843
Bldg_040_5St,Friuli_1976_Tolmezzo_scaled_0.49g,5.0,886610.9492362948,19.765736699798776,1.0612910403555909,0.38285605262008715,0.2551718244840761,0.36074558067672874,0.8574015036543967,871.8839148829684,177322.18984725897,67561726.4654356,78967512.31225075,0.6389089160579486,0.024267970004537443,0.4927999999999999,0.2989388880736565,0.14402106824138175,2.5651342207749837,10.049999999999999,0.42783232247186936,0.3250793650793651,0.3618962141331863,1.2563605427024525,1.6476863507856896,0.10135295830467236,0.7343673176403944,3.2647136495313585,2.48062379724798,0.008642324883615889,0.008485289073852289,0.1336161387755803,2648854.4826204395,8.124242938702077
Bldg_034_4St,Northridge_1994_Sylmar_scaled_0.51g,4.0,666777.4275900043,12.29923854005396,0.7869876091101675,0.2751374623816294,0.18176931440458607,0.3496083790858185,0.901114411902358,775.1404708390176,166694.35689750107,83823096.24972795,83823096.24972795,1.0,0.025909563676249067,0.5057999999999999,0.498572775156823,0.1972487060448539,3.289727983748639,9.37,0.49317602808065547,0.8192,1.024589248503956,1.6613820231803411,1.4723834059956247,0.15764157401918363,2.025680602024429,0.96067823377706,1.5957539789047923,0.02342336914069417,0.02226048193557054,0.20853958482315182,5737418.038418158,17.096261083792147
Bldg_030_6St,Northridge_1994_Sylmar_scaled_1.18g,6.0,803618.8831084707,23.230058635081644,0.9665504811036845,0.3495748231242845,0.22269020865239064,0.3616725975089393,0.8416871129757246,822.4327678639422,133936.48051807846,84360837.00216389,106695714.94751158,0.5813350525588545,0.04189785227596446,1.1802,1.163336475365919,0.4602469807713281,17.910741244853703,9.37,0.4931760280806554,0.8192,1.6248281968086642,3.1076546270495085,1.9745234955950552,0.3767392191729858,1.3767397024306596,1.179871192753521,1.9598488695107703,0.0260905299155698,0.029355468241722516,0.5327010294891871,10600394.137696357,33.71805576915811
Bldg_011_5St,Friuli_1976_Tolmezzo_scaled_0.49g,5.0,1451852.277223199,20.06527884435787,0.894354941017543,0.30523291686505966,0.19519356971894125,0.34128834410841863,0.8825020573804334,1131.928717571005,290370.4554446398,172350178.34134805,172350178.34134805,1.0,0.05720067339243327,0.4927999999999999,0.2989388880736565,0.14402106824138175,2.5651342207749837,10.049999999999999,0.42783232247186936,0.3250793650793651,0.42336827142706535,1.0538162511376206,0.8158663979165096,0.08394583107469107,0.8591076936425841,2.7511895158254496,2.0904333170768044,0.007691130980055657,0.007061543914990267,0.11095840489134676,4860030.348086471,7.624065402286425
Bldg_019_10St,Loma_Prieta_1989_Corralitos_scaled_0.90g,10.0,2052578.4585914456,37.07858698432766,3.118454611073725,1.0899438674104054,0.6686626239905169,0.349514103408779,0.8291539226026338,1304.5702282325642,205257.84585914455,33968527.97319341,40000000.0,0.6984263986596704,0.03693883769232474,0.9015999999999998,0.9605448110846201,0.5591609350109363,13.560562443787077,11.41,0.6811214742642782,1.0778947368421052,0.5999329996658275,1.2880409711315801,1.6552921313457127,1.448649566590386,0.6654092720339703,2.89309753957035,4.578411823591618,0.06016637026533443,0.07693655671140824,1.8624405329448377,12060570.629649952,13.838184828809343
Bldg_038_3St,San_Fernando_1971_Pacoima,3.0,670960.952016786,9.738279216538054,0.5814586032302643,0.21822895584713087,0.15751830854494958,0.37531297092307303,0.9074263975091055,780.28692130387,223653.65067226198,118926299.32987614,129961841.76984638,0.8301725754315881,0.058719762660169365,1.17,1.0361741213226916,0.47368625496262196,19.729249200797177,9.42,0.461649004640927,0.28054794520547943,2.2346047534451685,3.536962415730716,2.420706414856396,0.18768433415716818,1.9099185926881783,2.0725819353422508,1.259525304690142,0.031626652289190406,0.029663433348993767,0.24834460573006592,12147088.807811068,37.3881609141528
Bldg_013_5St,San_Fernando_1971_Pacoima_scaled_0.70g,5.0,1315261.8799432397,20.03360101241618,1.3089278898694292,0.4557281832227655,0.2894843887416233,0.3481690525123016,0.8754262397221849,1073.0399628199511,263052.3759886479,71241185.83983777,75531053.48463854,0.8864078429497019,0.054416184732467,0.7020000000000001,0.621704472793615,0.284211752977573,7.102529712286988,9.42,0.46164900464092706,0.28054794520547943,0.5212735236423202,1.2623307946492763,2.167430943633455,0.2217958570159322,0.742554876983362,4.665612107444743,2.835331337684828,0.019449282192817777,0.023623478564035964,0.29803933899946305,7149215.790763726,10.769982032279245
Bldg_015_10St,Kobe_1995_NS_scaled_1.17g,10.0,2816481.9947992526,40.98256473151777,1.8319490809782595,0.6193726605439063,0.3773880973810691,0.3380949104836264,0.8478015197669436,1545.2565209657066,281648.1994799253,143070004.16746855,143070004.16746855,1.0,0.037694089189244176,1.1676,1.489885267133405,0.5504295453472083,19.04897040911142,12.780000000000001,0.8720606558868952,0.7728301886792452,1.1881124293066305,2.2097958152687727,2.580438874409863,0.9902518061536506,1.0175680278405537,2.370441926070502,2.1007129132722393,0.04744950230053142,0.048486823404773734,1.3228760379100344,28429646.245784234,21.718470261447315
Bldg_039_3St,San_Fernando_1971_Pacoima,3.0,532860.2944545313,11.890482304305188,0.4107129396322553,0.15876053972412202,0.11447839721976313,0.3865486679486486,0.8958001841302572,690.8953248416667,177620.09815151044,183096848.05044726,214400511.75447863,0.7079889087216464,0.03476921926039584,1.17,1.0361741213226916,0.47368625496262196,19.729249200797177,9.42,0.461649004640927,0.28054794520547943,2.2868806373933794,3.048756947147494,2.7709040660735575,0.09572734709674327,1.954598835378957,1.4639670211501288,0.889664952167957,0.011182156301402464,0.010729856946159386,0.10781232520198994,9809040.795334226,27.48806187120079
Bldg_007_7St,Kobe_1995_NS_scaled_1.17g,7.0,674145.3737687075,28.414145282790457,1.5363136806480093,0.5456887561369359,0.34003453867547073,0.3551935799378986,0.8432877429861823,753.9884154879235,96306.48196695822,33097495.190190606,40000000.0,0.6548747595095301,0.027548284333655176,1.1676,1.489885267133405,0.5504295453472083,19.04897040911142,12.780000000000001,0.8720606558868952,0.7728301886792452,1.475411474951382,3.191309003615167,2.7705551909335706,0.8645097500629164,1.2636275050971069,1.9879058856041136,1.7617050720922176,0.050660168619337004,0.05598783406699214,1.1185485774701098,9090551.149990167,28.45854886513291
Bldg_006_10St,Kobe_1995_NS_scaled_0.50g,10.0,3366909.3113988144,34.18399184750075,3.281079343997509,1.133043582854695,0.6893601308528857,0.345326480728823,0.8345073949971021,1676.2191738095921,336690.93113988143,51738376.4859165,57211205.11280589,0.7608497926193671,0.02384706204365683,0.5004,0.638522257342888,0.23589837657737536,3.4987904833061783,12.780000000000001,0.8720606558868951,0.7728301886792452,0.45190277414685454,0.7921952686706238,1.0141547818680936,1.2084082778199678,0.9030830818282466,4.245537237106151,3.7624439559890654,0.06366832419615095,0.06238928766617288,1.5978837271481856,12105509.434215268,9.479935453950587
Bldg_032_3St,Loma_Prieta_1989_Corralitos,3.0,889774.2410912409,11.958446292640017,0.3812673573069689,0.14020888130339432,0.10215875831193638,0.3677442577139072,0.9141135992098178,901.8618153620312,296591.4136970803,373326647.5121846,395291334.35178196,0.8888683614801923,0.03380330511289547,0.644,0.6861034364890142,0.3994006678649551,6.918654308054634,11.41,0.6811214742642783,1.0778947368421052,1.8394442977310064,1.0876294226625844,1.3807425421551047,0.06640157647497962,2.8562799654208173,0.3537148334390825,0.559764112148717,0.009311432919602743,0.008688085854888158,0.08062123201711474,13689730.556123244,23.556081711252492
Bldg_003_7St,El_Centro_1940_NS_scaled_0.49g,7.0,1916270.4866929152,21.004371166760656,1.7280142136463181,0.5969958868135233,0.3709851306358629,0.34548088904534535,0.8517525842969699,1277.5712658214816,273752.92667041643,76957987.31765112,83542359.52837032,0.8423704513999704,0.03410275425336676,0.4871999999999999,0.7653878044182246,0.26101657054381694,6.089775332399659,13.060000000000002,0.5341737574272261,0.7447272727272727,0.339838866692626,1.2315970564651366,1.1247975753636466,0.25207395754273815,0.6975346196482471,2.320331585706726,3.2349290649714044,0.021699294398679788,0.02383965294442609,0.35323904520883614,5976106.244357495,9.402711637761714
Bldg_015_10St,San_Fernando_1971_Pacoima_scaled_1.20g,10.0,2816481.9947992526,40.98256473151777,1.8319490809782595,0.6193726605439063,0.3773880973810691,0.3380949104836264,0.8478015197669436,1545.2565209657066,281648.1994799253,143070004.16746855,143070004.16746855,1.0,0.037694089189244176,1.2,1.062742688536094,0.48583205637192123,20.75397680557232,9.42,0.461649004640927,0.28054794520547943,0.7458303322454696,2.0045992980102105,2.634866473979688,0.6219216454778522,0.6215252768712247,6.529896626533835,3.9682725676039503,0.02978613571641559,0.03725246731248505,0.7555845651756555,21842521.186329566,20.005769489672623
Bldg_038_3St,El_Centro_1940_NS_scaled_0.21g,3.0,670960.952016786,9.738279216538054,0.5814586032302643,0.21822895584713087,0.15751830854494958,0.37531297092307303,0.9074263975091055,780.28692130387,223653.65067226198,118926299.32987614,129961841.76984638,0.8301725754315881,0.058719762660169365,0.2088,0.3280233447506678,0.11186424451877919,1.1185301630938156,13.060000000000002,0.5341737574272261,0.7447272727272727,0.4292014201596237,0.5748866614750822,0.4797510863847625,0.036045973352132665,2.05556235708632,0.7807671674234506,1.0885195971265589,0.006074543633046207,0.006459045407669075,0.04382480869204995,2724866.0808592727,6.189598191349332
Bldg_006_10St,Friuli_1976_Tolmezzo_scaled_0.21g,10.0,3366909.3113988144,34.18399184750075,3.281079343997509,1.133043582854695,0.6893601308528857,0.345326480728823,0.8345073949971021,1676.2191738095921,336690.93113988143,51738376.4859165,57211205.11280589,0.7608497926193671,0.02384706204365683,0.2112,0.12811666631728136,0.0617233149605922,0.471147101774997,10.049999999999999,0.42783232247186925,0.3250793650793651,0.05349794988488491,0.16573729390725875,0.44026396687597996,0.14296036093921555,0.2533046869549475,10.093163997648587,7.669077747657193,0.007537295657303055,0.008720683300946053,0.2011111470450288,1705510.459578688,1.6183187576554565
Bldg_020_5St,ChiChi_1999_TCU068_scaled_0.72g,5.0,431577.0521504538,15.320911780484215,0.7130741434112638,0.25501056678852646,0.16467834084054334,0.3576213906292907,0.8673366722282386,611.8190943589842,86315.41043009076,75660470.46042758,83114761.34278658,0.7757831833380477,0.058341659875327925,0.7168,0.9793056114621539,0.3918739507039827,11.287491908555028,18.89,0.7206483050886867,0.6206060606060606,1.4075505674897508,1.2033870033692542,1.222209480723835,0.17772262514062068,1.963658715806014,1.148996422488853,0.989489794641936,0.02028794065045306,0.020797751327446667,0.22553459950273944,5296746.043751264,17.329084768111215
Bldg_017_6St,San_Fernando_1971_Pacoima,6.0,646461.7617538249,22.924539139666617,1.3489350259407027,0.48507097650948133,0.3037321310675228,0.3595955084428243,0.8461101879887595,739.5795310614494,107743.62695897081,36385927.280900784,42481912.65457106,0.7130079606707943,0.04463404657559655,1.17,1.0361741213226916,0.47368625496262196,19.729249200797177,9.42,0.461649004640927,0.28054794520547943,0.8534227145879967,2.6937775953449083,3.113178382737801,0.38541447970525705,0.7294211235794844,4.8082156686362945,2.9219927095692784,0.02820338359485392,0.037000835964186664,0.4898586710836516,6005718.349054506,18.64770131329046
Bldg_025_6St,Friuli_1976_Tolmezzo_scaled_0.49g,6.0,1757236.410893677,25.206007389869953,1.499772555124449,0.5085192700648059,0.31318652089399057,0.33906425899533127,0.8984443167658247,1256.4947539012646,292872.7351489462,90287042.21106903,70659424.3390975,1.3333333333333333,0.058348096296313844,0.4927999999999999,0.2989388880736565,0.14402106824138175,2.5651342207749837,10.049999999999999,0.42783232247186936,0.3250793650793651,0.24675548633629743,0.759095150226591,1.0616820595114913,0.1379050557781822,0.5007213602603439,4.613558152970717,3.5055148392231663,0.011468452928417942,0.01169938685710858,0.17256963558434468,3897329.4374037883,4.211885703723983
Bldg_014_5St,Northridge_1994_Sylmar_scaled_1.18g,5.0,1593765.9396833987,19.810700551829953,0.8894792288713879,0.3088246908799503,0.19628714530869923,0.34719719230745977,0.8824903205928275,1185.9523662698816,318753.18793667975,186945021.86907646,186945021.86907646,1.0,0.025534123696712055,1.1802,1.163336475365919,0.4602469807713281,17.910741244853703,9.37,0.4931760280806554,0.8192,2.104708421981843,2.9614674176095623,3.1000973013102153,0.413537684075034,1.783348942536725,1.0857900743058932,1.8035735279613385,0.034871964671530566,0.038211654135027175,0.521187296134619,28628335.15687729,28.272243136462244
Bldg_001_9St,Imperial_Valley_1979_Array6_scaled_0.26g,9.0,1527742.1397965779,38.35519513262496,2.1413036512544052,0.7346964083904504,0.4502992706525202,0.3431070637553226,0.845007649463895,1136.201476207652,169749.1266440642,50592313.74146908,55675323.882297106,0.8174052780878655,0.05395655297064335,0.26339999999999997,0.26823347494089234,0.1259599283434734,1.0924121950824885,11.25,0.4646807553227397,0.8192,0.11470624869144297,0.29236422904145515,0.5491963152443294,0.13083216226259803,0.4354831005749544,2.6138960586601625,4.608117781351162,0.005188808385634144,0.006576885420011366,0.16711636325195733,1455384.873217266,2.829169515128876
Bldg_033_6St,Northridge_1994_Sylmar,6.0,470835.12233445,22.287920016752828,0.9424337011627946,0.3261489219395039,0.2033903163261337,0.34607094540135236,0.865772791165726,638.4639676930507,78472.520389075,56818952.49859368,61590430.563559696,0.8450578110493322,0.04751138868384332,0.843,0.8309546252613713,0.3287478434080909,9.138133288190668,9.37,0.4931760280806555,0.8192,1.2036016198725847,1.8146916641716915,1.627167121721305,0.2655028651430113,1.4277599286744778,1.1504317641147395,1.9109479121087087,0.017750349680156232,0.02069308884259893,0.3475895238253837,4583146.8151340615,21.381181618997477
Bldg_032_3St,ChiChi_1999_TCU068_scaled_0.31g,3.0,889774.2410912409,11.958446292640017,0.3812673573069689,0.14020888130339432,0.10215875831193638,0.3677442577139072,0.9141135992098178,901.8618153620312,296591.4136970803,373326647.5121846,395291334.35178196,0.8888683614801923,0.03380330511289547,0.3072,0.4197024049123519,0.1679459788731353,2.073212799530516,18.89,0.7206483050886867,0.6206060606060606,1.0634829230743112,0.5847791323683502,0.5583850506007599,0.03811401286532282,3.4618584735491904,0.6143468159731433,0.5290616166231713,0.005383446463458827,0.005792826697680612,0.0536891982247691,9127699.469607236,15.674345619972696
Bldg_033_6St,Kobe_1995_NS_scaled_1.17g,6.0,470835.12233445,22.287920016752828,0.9424337011627946,0.3261489219395039,0.2033903163261337,0.34607094540135236,0.865772791165726,638.4639676930507,78472.520389075,56818952.49859368,61590430.563559696,0.8450578110493322,0.04751138868384332,1.1676,1.489885267133405,0.5504295453472083,19.04897040911142,12.780000000000001,0.8720606558868952,0.7728301886792452,1.7296031356376569,2.3576712652176077,2.4112683296340913,0.3814755850811276,1.481331907877404,1.219457669961624,1.0806974203008037,0.02550765964299148,0.028386088054713415,0.5146622099718504,6308361.698834078,34.63704514302219
Bldg_017_6St,Friuli_1976_Tolmezzo_scaled_0.49g,6.0,646461.7617538249,22.924539139666617,1.3489350259407027,0.48507097650948133,0.3037321310675228,0.3595955084428243,0.8461101879887595,739.5795310614494,107743.62695897081,36385927.280900784,42481912.65457106,0.7130079606707943,0.04463404657559655,0.4927999999999999,0.2989388880736565,0.14402106824138175,2.5651342207749837,10.049999999999999,0.42783232247186936,0.3250793650793651,0.2144093288973047,0.9533178939762185,1.1710540492015593,0.09689500275682675,0.4350838654571931,4.149555988001185,3.1529525823271505,0.007085666277496726,0.008556092094215172,0.13046084614677997,1388765.3602249576,5.784163613915623
Bldg_023_4St,Loma_Prieta_1989_Corralitos,4.0,766198.5056578394,14.085368853543702,0.6464204299712705,0.2384130320594705,0.16037881502662232,0.3688203853180608,0.8743349213046628,818.4828099282827,191549.62641445984,132243280.43540907,155581753.84682024,0.6999844411782463,0.030147286954925547,0.644,0.6861034364890142,0.3994006678649551,6.918654308054634,11.41,0.6811214742642783,1.0778947368421052,1.4213768354508483,1.893842143842709,1.652838174986035,0.14726246016959307,2.2071068873460375,0.5997064535866279,0.9490530755464867,0.01704441650521585,0.01865372386272213,0.18796340955805224,10219565.68526673,19.843623522106274
Bldg_025_6St,Imperial_Valley_1979_Array6,6.0,1757236.410893677,25.206007389869953,1.499772555124449,0.5085192700648059,0.31318652089399057,0.33906425899533127,0.8984443167658247,1256.4947539012646,292872.7351489462,90287042.21106903,70659424.3390975,1.3333333333333333,0.058348096296313844,0.439,0.4470557915681539,0.20993321390578878,3.03447831967358,11.25,0.4646807553227397,0.8192,0.23324485052099403,0.8772874382153157,0.951508073592534,0.13037450426849964,0.5313094544897359,1.8307770448296494,3.22753317830603,0.010840519206735125,0.011851357714014332,0.17144902316965163,3947954.354887084,4.724695151582357
Bldg_002_6St,ChiChi_1999_TCU068_scaled_0.72g,6.0,650483.7733847327,22.938348273347064,1.3796942775133207,0.4892396143506448,0.30631666469100405,0.35460001706495536,0.857522015391217,746.8628765256442,108413.96223078878,35753014.44204229,40000000.0,0.787650722102115,0.04779139732158818,0.7168,0.9793056114621539,0.3918739507039827,11.287491908555028,18.89,0.7206483050886867,0.6206060606060606,0.7333183886964248,1.440068646852087,1.8532181457394896,0.34686176058997925,1.0230446270876463,2.223140193258769,1.9145181744977926,0.0230796747975407,0.025724915268388677,0.44937923155379866,3898860.235377532,11.853034780251885
Bldg_008_7St,Northridge_1994_Sylmar_scaled_0.51g,7.0,755228.8090866206,23.728064373864356,1.605643367380175,0.5589701143139352,0.3501038149948886,0.34812843603369453,0.8481740220485228,800.3533323288627,107889.82986951723,34861030.99909627,40000000.0,0.7430515499548134,0.032214554413775735,0.5057999999999999,0.498572775156823,0.1972487060448539,3.289727983748639,9.37,0.49317602808065547,0.8192,0.4694440316212739,1.2050354277686763,1.516132910409906,0.30064227868006577,0.9281218497850415,1.9600138761965027,3.255720627032552,0.02001280875559279,0.02472201618214587,0.4013049995145178,3530952.806091418,12.315345316819739
Bldg_011_5St,Kobe_1995_NS_scaled_1.17g,5.0,1451852.277223199,20.06527884435787,0.894354941017543,0.30523291686505966,0.19519356971894125,0.34128834410841863,0.8825020573804334,1131.928717571005,290370.4554446398,172350178.34134805,172350178.34134805,1.0,0.05720067339243327,1.1676,1.489885267133405,0.5504295453472083,19.04897040911142,12.780000000000001,0.8720606558868952,0.7728301886792452,2.025411972067853,2.1750247315183464,2.2429533779685737,0.4017437274890873,1.7346796609008677,1.1572463836408637,1.0255650624531092,0.036794700541063804,0.03395643562126559,0.5210518827325183,23485998.492821302,33.36997410116159
Bldg_034_4St,El_Centro_1940_NS_scaled_0.21g,4.0,666777.4275900043,12.29923854005396,0.7869876091101675,0.2751374623816294,0.18176931440458607,0.3496083790858185,0.901114411902358,775.1404708390176,166694.35689750107,83823096.24972795,83823096.24972795,1.0,0.025909563676249067,0.2088,0.3280233447506678,0.11186424451877919,1.1185301630938156,13.060000000000002,0.5341737574272261,0.7447272727272727,0.5038025198351499,0.8302421327034418,0.8207181667947554,0.0770403993830673,2.4128473172181506,1.056746057154766,1.4732801792820829,0.011517544629070982,0.012322306419942562,0.09864439392523935,3175952.045122797,7.518618012914379
Bldg_035_8St,Loma_Prieta_1989_Corralitos_scaled_0.90g,8.0,2170485.1346629397,29.41406488338083,1.5058458369512058,0.5067389805174635,0.3116778724217766,0.3365145143565473,0.8582462946298408,1364.8482788843671,271310.64183286746,136007095.16231158,136007095.16231158,1.0,0.05362839943511724,0.9015999999999998,0.9605448110846201,0.5591609350109363,13.560562443787077,11.41,0.6811214742642782,1.0778947368421052,0.8014418642246849,1.2936144837785823,2.1184376087672523,0.4514549054304024,0.8889106746059062,1.3970249463902789,2.2108330068109567,0.029277556573374778,0.033287283094832316,0.5617439937319022,16645811.5524929,13.722492497642678
Bldg_031_7St,El_Centro_1940_NS_scaled_0.21g,7.0,856890.734760222,22.75669864505952,1.4911929430096265,0.5226822901820123,0.3255666176728036,0.3505128512257438,0.8443472679464323,850.595879853297,122412.96210860314,46041581.58392334,53788220.09784441,0.7119578041500756,0.04318599737886953,0.2088,0.3280233447506678,0.11186424451877919,1.1185301630938156,13.060000000000002,0.5341737574272261,0.7447272727272727,0.20072991335016904,0.5073729707270661,0.5825628355424699,0.11085872238557735,0.9613501597230317,2.002334274060778,2.7915877975581407,0.008144809489863767,0.008191162924934289,0.147122303425638,1424310.8204794435,3.988889411376659
Bldg_035_8St,Northridge_1994_Sylmar,8.0,2170485.1346629397,29.41406488338083,1.5058458369512058,0.5067389805174635,0.3116778724217766,0.3365145143565473,0.8582462946298408,1364.8482788843671,271310.64183286746,136007095.16231158,136007095.16231158,1.0,0.05362839943511724,0.843,0.8309546252613713,0.3287478434080909,9.138133288190668,9.37,0.4931760280806555,0.8192,0.6402759289147779,1.4229968632771381,1.5356445903626013,0.36087246083201857,0.7595206748692502,1.8381907189345772,3.0533638117239046,0.02338998693249835,0.027005261996751892,0.4539372181348021,13504391.477158932,12.027841324038455
Bldg_007_7St,Loma_Prieta_1989_Corralitos_scaled_0.39g,7.0,674145.3737687075,28.414145282790457,1.5363136806480093,0.5456887561369359,0.34003453867547073,0.3551935799378986,0.8432877429861823,753.9884154879235,96306.48196695822,33097495.190190606,40000000.0,0.6548747595095301,0.027548284333655176,0.3864,0.4116620618934086,0.2396404007189732,2.4907155508996683,11.41,0.6811214742642783,1.0778947368421052,0.40951985879080605,0.8181973757638012,1.19713379038486,0.2400176700314284,1.059834003081796,1.4252910123199305,2.2555648862891564,0.014061396059016655,0.015041157747492713,0.3201998847338397,2099156.6215703115,9.056301574062822
Bldg_012_9St,Friuli_1976_Tolmezzo_scaled_0.49g,9.0,2233538.9192729555,32.21400348906792,2.044992330417825,0.6938026305909998,0.4232174107613456,0.33926906241709215,0.8677249013184531,1392.155644429548,248170.99103032838,85201688.07554445,70380243.16449313,1.161922715813221,0.03024827774377832,0.4927999999999999,0.2989388880736565,0.14402106824138175,2.5651342207749837,10.049999999999999,0.42783232247186936,0.3250793650793651,0.14231757015927324,0.9288151737907988,1.1718143937733583,0.14799494132657387,0.2887937706154084,6.290747891422019,4.779892081557924,0.009185466297594265,0.010536242716955621,0.18632083135297264,3102696.812802347,6.46641936360468
Bldg_034_4St,Northridge_1994_Sylmar_scaled_1.18g,4.0,666777.4275900043,12.29923854005396,0.7869876091101675,0.2751374623816294,0.18176931440458607,0.3496083790858185,0.901114411902358,775.1404708390176,166694.35689750107,83823096.24972795,83823096.24972795,1.0,0.025909563676249067,1.1802,1.163336475365919,0.4602469807713281,17.910741244853703,9.37,0.4931760280806554,0.8192,2.3907082465093517,3.8765580540874804,3.4355612806564535,0.36783033937811394,2.0256806020245315,0.96067823377706,1.5957539789047925,0.05465452799495583,0.051941124516328756,0.48659236458734556,13387308.756308392,39.891275862183804
Bldg_024_10St,San_Fernando_1971_Pacoima_scaled_1.20g,10.0,1472843.4642766041,36.34044145556651,2.0004344400541227,0.717530599945387,0.4378108981506229,0.35868738588902416,0.8221546599291161,1100.4113401365657,147284.3464276604,58118273.295337185,70609529.29579926,0.5577347659360052,0.03745343326426224,1.2,1.062742688536094,0.48583205637192123,20.75397680557232,9.42,0.461649004640927,0.28054794520547943,0.7209442053707197,1.527503663921294,2.275631119287992,0.7166255427198603,0.600786837808933,7.130454791208543,4.33323676633955,0.033364062848447035,0.037131213901980195,0.946803923524816,8903606.041674117,13.4598899001789
Bldg_030_6St,ChiChi_1999_TCU068_scaled_0.72g,6.0,803618.8831084707,23.230058635081644,0.9665504811036845,0.3495748231242845,0.22269020865239064,0.3616725975089393,0.8416871129757246,822.4327678639422,133936.48051807846,84360837.00216389,106695714.94751158,0.5813350525588545,0.04189785227596446,0.7168,0.9793056114621539,0.3918739507039827,11.287491908555028,18.89,0.7206483050886867,0.6206060606060606,1.406764720417564,2.60085377927794,1.2783947531062727,0.326024434341995,1.9625623889753963,1.5574299744346478,1.3412235542339002,0.02258899562077499,0.025240656239889695,0.44353157981972385,10426695.138647862,27.12366087703615
Bldg_001_9St,San_Fernando_1971_Pacoima_scaled_1.20g,9.0,1527742.1397965779,38.35519513262496,2.1413036512544052,0.7346964083904504,0.4502992706525202,0.3431070637553226,0.845007649463895,1136.201476207652,169749.1266440642,50592313.74146908,55675323.882297106,0.8174052780878655,0.05395655297064335,1.2,1.062742688536094,0.48583205637192123,20.75397680557232,9.42,0.461649004640927,0.28054794520547943,0.5371793031103317,1.3634256594407443,2.128320421500544,0.6097197941043644,0.44764941925860974,7.632576491287676,4.6383803056608395,0.02429963933408562,0.029959584687795873,0.8014731590705317,6710651.480879806,11.595532133383704
Bldg_006_10St,Northridge_1994_Sylmar_scaled_0.51g,10.0,3366909.3113988144,34.18399184750075,3.281079343997509,1.133043582854695,0.6893601308528857,0.345326480728823,0.8345073949971021,1676.2191738095921,336690.93113988143,51738376.4859165,57211205.11280589,0.7608497926193671,0.02384706204365683,0.5057999999999999,0.498572775156823,0.1972487060448539,3.289727983748639,9.37,0.49317602808065547,0.8192,0.17799143795966665,0.4853165489798351,0.9471005586611292,0.47591418847698524,0.3519008263338606,4.005223808590709,6.652957883550884,0.025077112211912334,0.029999759905466505,0.6330855044381293,5867075.152020704,4.765016204608651
Bldg_014_5St,Loma_Prieta_1989_Corralitos_scaled_0.39g,5.0,1593765.9396833987,19.810700551829953,0.8894792288713879,0.3088246908799503,0.19628714530869923,0.34719719230745977,0.8824903205928275,1185.9523662698816,318753.18793667975,186945021.86907646,186945021.86907646,1.0,0.025534123696712055,0.3864,0.4116620618934086,0.2396404007189732,2.4907155508996683,11.41,0.6811214742642783,1.0778947368421052,0.7026512802530478,1.1716253606710538,0.9557478124971789,0.13808557586503745,1.818455694236666,0.825200456472479,1.3059039576342382,0.011641912183882254,0.012729560099567733,0.17572679818929907,10430948.998845832,10.07242282029332
Bldg_011_5St,San_Fernando_1971_Pacoima,5.0,1451852.277223199,20.06527884435787,0.894354941017543,0.30523291686505966,0.19519356971894125,0.34128834410841863,0.8825020573804334,1131.928717571005,290370.4554446398,172350178.34134805,172350178.34134805,1.0,0.05720067339243327,1.17,1.0361741213226916,0.47368625496262196,19.729249200797177,9.42,0.461649004640927,0.28054794520547943,1.0582719044106865,2.7778114661552786,2.8180109033494527,0.21038003690597798,0.9045059012057151,3.187886264369172,1.9373050348352356,0.019225124740453556,0.01975226250828292,0.27421268100740465,13661669.695650268,21.22024921630658
Bldg_027_8St,Kobe_1995_NS_scaled_1.17g,8.0,1236762.7935664188,33.45874608638884,1.9546697610790964,0.6731664591962702,0.41557814763449613,0.3443888438856502,0.8430406960968102,1021.0981179078087,154595.34919580235,44481783.16310389,50477108.5258839,0.7624536928573992,0.03506955879751763,1.1676,1.489885267133405,0.5504295453472083,19.04897040911142,12.780000000000001,0.8720606558868952,0.7728301886792452,0.995994287719109,2.2582274939157974,2.7577628806524164,0.9449629590635725,0.8530269678992027,2.5292357748337917,2.2414378494018585,0.048239003878090825,0.05202038939483832,1.2753955504045136,10982159.380775204,21.250294382878504
Bldg_039_3St,ChiChi_1999_TCU068_scaled_0.31g,3.0,532860.2944545313,11.890482304305188,0.4107129396322553,0.15876053972412202,0.11447839721976313,0.3865486679486486,0.8958001841302572,690.8953248416667,177620.09815151044,183096848.05044726,214400511.75447863,0.7079889087216464,0.03476921926039584,0.3072,0.4197024049123519,0.1679459788731353,2.073212799530516,18.89,0.7206483050886867,0.6206060606060606,0.8611080684796274,0.5870872946524259,0.6731116417034029,0.03603684809166979,2.803086160415454,0.6617933109308801,0.5699214675620597,0.004210558634626992,0.004281233450539941,0.042106608645704216,3736783.2060774677,10.602858997505269
Bldg_008_7St,Friuli_1976_Tolmezzo_scaled_0.21g,7.0,755228.8090866206,23.728064373864356,1.605643367380175,0.5589701143139352,0.3501038149948886,0.34812843603369453,0.8481740220485228,800.3533323288627,107889.82986951723,34861030.99909627,40000000.0,0.7430515499548134,0.032214554413775735,0.2112,0.12811666631728136,0.0617233149605922,0.471147101774997,10.049999999999999,0.42783232247186925,0.3250793650793651,0.13397059441121653,0.28718188486901103,0.501914949719502,0.08579170170591902,0.6343304659621994,4.939234968015187,3.752973496960948,0.005711283356964216,0.0065433914801032835,0.10924903228803297,878588.209703338,2.9163480158244193
Bldg_005_5St,Imperial_Valley_1979_Array6_scaled_0.26g,5.0,1054965.4097151533,19.818838538279376,0.8108817871991694,0.2855759554952941,0.18628453092568645,0.3521795161803908,0.8722298013627929,959.2561022795037,210993.08194303064,142976339.73852292,158130879.27603912,0.7604114451444064,0.038812025377841536,0.26339999999999997,0.26823347494089234,0.1259599283434734,1.0924121950824885,11.25,0.4646807553227397,0.8192,0.3514605077371991,0.6151055142045014,0.7148469131888707,0.05745065328828265,1.334322352836747,0.989845931639611,1.745029846643808,0.005059894571574571,0.0058374146900892505,0.0757836706296615,3658856.928559788,5.997088474144626
Bldg_025_6St,ChiChi_1999_TCU068_scaled_0.72g,6.0,1757236.410893677,25.206007389869953,1.499772555124449,0.5085192700648059,0.31318652089399057,0.33906425899533127,0.8984443167658247,1256.4947539012646,292872.7351489462,90287042.21106903,70659424.3390975,1.3333333333333333,0.058348096296313844,0.7168,0.9793056114621539,0.3918739507039827,11.287491908555028,18.89,0.7206483050886867,0.6206060606060606,0.6687015092153412,1.2506362438621654,1.791470465193572,0.37351820004669833,0.9328983108472952,2.4166256991751376,2.081143526646995,0.031079235138651837,0.02975686021457591,0.47441765209367603,9912680.783652455,9.423564065764019
Bldg_008_7St,ChiChi_1999_TCU068,7.0,755228.8090866206,23.728064373864356,1.605643367380175,0.5589701143139352,0.3501038149948886,0.34812843603369453,0.8481740220485228,800.3533323288627,107889.82986951723,34861030.99909627,40000000.0,0.7430515499548134,0.032214554413775735,0.512,0.6995040081872533,0.27990996478855884,5.758924443140322,18.89,0.7206483050886865,0.6206060606060606,0.4989295968656768,1.1678482517165993,2.1217636668041555,0.3195460474636893,0.974471868878275,2.5872183165793836,2.2280540397338156,0.02126980413425136,0.026152419983060744,0.39800587812651245,3842706.764484176,10.171251490575786
Bldg_013_5St,ChiChi_1999_TCU068_scaled_0.31g,5.0,1315261.8799432397,20.03360101241618,1.3089278898694292,0.4557281832227655,0.2894843887416233,0.3481690525123016,0.8754262397221849,1073.0399628199511,263052.3759886479,71241185.83983777,75531053.48463854,0.8864078429497019,0.054416184732467,0.3072,0.4197024049123519,0.1679459788731353,2.073212799530516,18.89,0.7206483050886867,0.6206060606060606,0.29883431918092285,0.5926974283634523,0.6382192397905698,0.12718974662254426,0.9727679660837333,2.1091123225435138,1.8163199450088845,0.011149833511660219,0.011367104472322868,0.1605328371112923,3440047.263509685,4.855921379619546
Bldg_036_7St,Imperial_Valley_1979_Array6,7.0,1602726.511347166,28.557038136018107,1.3803364142962382,0.464490019337446,0.28960026023929597,0.33650493787361635,0.866819142413017,1178.6746879816149,228960.9301924523,105817892.48660325,105817892.48660325,1.0,0.04430220889174291,0.439,0.4470557915681539,0.20993321390578878,3.03447831967358,11.25,0.4646807553227397,0.8192,0.22478949720605937,1.048073146127443,0.990195463726381,0.10641576661577427,0.512048968578723,1.6849809744827127,2.9705048003064776,0.0070943135075802,0.007678636399843609,0.13455856430339175,3314807.6501992876,6.599315007667543
Bldg_029_10St,Loma_Prieta_1989_Corralitos_scaled_0.39g,10.0,3306559.1027033487,40.85103354718929,2.8470338124293835,1.0055703560634366,0.6133007191000883,0.35319930226096613,0.8447518426005479,1671.293479517068,330655.91027033486,66673572.54055375,62546842.54886757,0.748278909461416,0.032311089590841974,0.3864,0.4116620618934086,0.2396404007189732,2.4907155508996683,11.41,0.6811214742642783,1.0778947368421052,0.3249516162228459,0.650614263585327,0.8150683110043914,0.6528812846555949,0.8409720916740318,2.6412911345780414,4.179920792402915,0.02920871182276938,0.03218346454342854,0.874641165150576,9807655.546120863,6.70586548701006
Bldg_029_10St,Friuli_1976_Tolmezzo,10.0,3306559.1027033487,40.85103354718929,2.8470338124293835,1.0055703560634366,0.6133007191000883,0.35319930226096613,0.8447518426005479,1671.293479517068,330655.91027033486,66673572.54055375,62546842.54886757,0.748278909461416,0.032311089590841974,0.352,0.21352777719546898,0.102872191600987,1.308741949374992,10.049999999999999,0.4278323224718693,0.3250793650793651,0.10229210544628983,0.21563502177670837,0.6203551458367591,0.2058923346899232,0.2906025722905961,8.757965340969294,6.65455521448261,0.009194663083860535,0.009143744061229643,0.27664013607294957,2691149.1649570833,2.443265060327283
Bldg_028_4St,Northridge_1994_Sylmar_scaled_0.51g,4.0,1124368.770359385,16.14633182447185,0.7820760057987548,0.27845282962298024,0.18452810965809507,0.3560431819393168,0.8976479800932551,1004.6329457035733,281092.19258984627,139609134.84546733,139609134.84546733,1.0,0.03511402197103145,0.5057999999999999,0.498572775156823,0.1972487060448539,3.289727983748639,9.37,0.49317602808065547,0.8192,0.9063166369651114,1.4833410930667075,1.2958524833816805,0.1377317362625807,1.791847838997848,0.9546826242660581,1.5857948506589858,0.014534392254825817,0.014774784391979755,0.1839550462563324,9046499.212345082,15.162767827900584
Bldg_027_8St,Loma_Prieta_1989_Corralitos,8.0,1236762.7935664188,33.45874608638884,1.9546697610790964,0.6731664591962702,0.41557814763449613,0.3443888438856502,0.8430406960968102,1021.0981179078087,154595.34919580235,44481783.16310389,50477108.5258839,0.7624536928573992,0.03506955879751763,0.644,0.6861034364890142,0.3994006678649551,6.918654308054634,11.41,0.6811214742642783,1.0778947368421052,0.43940105050933886,1.1672489731607547,1.6383704249833966,0.41695080087041364,0.6822997678716441,1.8134143291261149,2.8697814339071557,0.021281516612005877,0.024703100839954965,0.5105621862380825,5215135.714663953,9.81538346962699
Bldg_022_7St,ChiChi_1999_TCU068_scaled_0.31g,7.0,1284556.1704486806,22.23148050221301,1.98084884368781,0.6726415516435851,0.4158103425373049,0.3395723776637629,0.8648236794908523,1053.9993329410158,183508.02434981152,41197991.83998627,41197991.83998628,1.0,0.040533046747695714,0.3072,0.4197024049123519,0.1679459788731353,2.073212799530516,18.89,0.7206483050886867,0.6206060606060606,0.3718341431367978,0.7266762141607036,0.7971641493141307,0.3623986214045505,1.2103976013567639,3.1917974532078968,2.7487039512901323,0.030960233017777613,0.030834189368263973,0.4696491015620621,4034399.7474871455,6.3996347931543855
Bldg_040_5St,Northridge_1994_Sylmar_scaled_1.18g,5.0,886610.9492362948,19.765736699798776,1.0612910403555909,0.38285605262008715,0.2551718244840761,0.36074558067672874,0.8574015036543967,871.8839148829684,177322.18984725897,67561726.4654356,78967512.31225075,0.6389089160579486,0.024267970004537443,1.1802,1.163336475365919,0.4602469807713281,17.910741244853703,9.37,0.4931760280806554,0.8192,1.3470887746740863,4.062114299361038,3.3166418598025937,0.37677052466878835,1.1414071976564026,1.2955212894965709,2.151951797993767,0.03216938553969225,0.03790306720339888,0.5138909647081182,11832208.495544607,31.86497994314076
Bldg_002_6St,Friuli_1976_Tolmezzo,6.0,650483.7733847327,22.938348273347064,1.3796942775133207,0.4892396143506448,0.30631666469100405,0.35460001706495536,0.857522015391217,746.8628765256442,108413.96223078878,35753014.44204229,40000000.0,0.787650722102115,0.04779139732158818,0.352,0.21352777719546898,0.102872191600987,1.308741949374992,10.049999999999999,0.4278323224718693,0.3250793650793651,0.1520039483305203,0.6608230259825184,0.8271037071372527,0.0719333095262266,0.4318293986662509,4.244176732584922,3.2248481590682947,0.004784008896390697,0.005725413130256812,0.08890604879467168,995112.4082491104,3.8292036819831208
Bldg_037_6St,San_Fernando_1971_Pacoima,6.0,1519801.1629553218,18.1313458662842,0.9220273617851668,0.32867711576859315,0.20663916498060184,0.3564721931160815,0.8535992240019256,1138.9912613079553,253300.19382588696,185099389.56536832,214716992.93877366,0.7241242719727287,0.047878458494656856,1.17,1.0361741213226916,0.47368625496262196,19.729249200797177,9.42,0.461649004640927,0.28054794520547943,1.0974793941654633,2.9972570216873438,3.3871798511132636,0.2318767611965635,0.9380165762097977,3.2865233110506433,1.9972475896537987,0.021518531298749383,0.022881359361083632,0.31449434642911056,14707356.172118723,26.698210932515398
Bldg_007_7St,ChiChi_1999_TCU068_scaled_0.31g,7.0,674145.3737687075,28.414145282790457,1.5363136806480093,0.5456887561369359,0.34003453867547073,0.3551935799378986,0.8432877429861823,753.9884154879235,96306.48196695822,33097495.190190606,40000000.0,0.6548747595095301,0.027548284333655176,0.3072,0.4197024049123519,0.1679459788731353,2.073212799530516,18.89,0.7206483050886867,0.6206060606060606,0.32740742280930685,0.738118988729126,1.406036913646147,0.19188034299545778,1.0657793711240457,2.4755054424504057,2.131849433072548,0.011241958957441761,0.01176244257401095,0.25900552910619973,1909827.155305296,7.149040667644084
Bldg_030_6St,San_Fernando_1971_Pacoima,6.0,803618.8831084707,23.230058635081644,0.9665504811036845,0.3495748231242845,0.22269020865239064,0.3616725975089393,0.8416871129757246,822.4327678639422,133936.48051807846,84360837.00216389,106695714.94751158,0.5813350525588545,0.04189785227596446,1.17,1.0361741213226916,0.47368625496262196,19.729249200797177,9.42,0.461649004640927,0.28054794520547943,1.1485203712198049,3.2169755969958573,3.9984503494503185,0.26664214790089463,0.9816413429229102,3.4452238828402817,2.093691248951078,0.01844226064196024,0.02199762968576975,0.3831910430552924,7565889.317961128,28.15509567860611
Bldg_008_7St,Kobe_1995_NS,7.0,755228.8090866206,23.728064373864356,1.605643367380175,0.5589701143139352,0.3501038149948886,0.34812843603369453,0.8481740220485228,800.3533323288627,107889.82986951723,34861030.99909627,40000000.0,0.7430515499548134,0.032214554413775735,0.834,1.0642037622381462,0.3931639609622956,9.718862453628272,12.780000000000001,0.8720606558868959,0.7728301886792452,0.9421274443640842,2.1986981304982733,1.9096377534696483,0.603402355861145,1.1296492138658085,2.077614708768293,1.8412060635245802,0.04016371515543061,0.04353250749498396,0.8008284063892896,5869343.999731238,19.785163416808444
Bldg_001_9St,San_Fernando_1971_Pacoima_scaled_0.70g,9.0,1527742.1397965779,38.35519513262496,2.1413036512544052,0.7346964083904504,0.4502992706525202,0.3431070637553226,0.845007649463895,1136.201476207652,169749.1266440642,50592313.74146908,55675323.882297106,0.8174052780878655,0.05395655297064335,0.7020000000000001,0.621704472793615,0.284211752977573,7.102529712286988,9.42,0.46164900464092706,0.28054794520547943,0.31424989231952427,0.7976040107728362,1.2450674465778206,0.3566860795510307,0.44764941925858154,7.632576491287676,4.638380305660839,0.014215289010439194,0.01752635704236116,0.4688617980562687,3925731.1163145825,6.783386298028489
Bldg_022_7St,Northridge_1994_Sylmar_scaled_0.51g,7.0,1284556.1704486806,22.23148050221301,1.98084884368781,0.6726415516435851,0.4158103425373049,0.3395723776637629,0.8648236794908523,1053.9993329410158,183508.02434981152,41197991.83998627,41197991.83998628,1.0,0.040533046747695714,0.5057999999999999,0.498572775156823,0.1972487060448539,3.289727983748639,9.37,0.49317602808065547,0.8192,0.25113481726767495,0.7774399286289658,1.139538789062029,0.2447166183202959,0.49651011717610716,2.418028373642346,4.0165148565652835,0.020910377933270434,0.023047516168911843,0.31062437392398357,3015577.6855858034,5.753424936109562
Bldg_003_7St,El_Centro_1940_NS,7.0,1916270.4866929152,21.004371166760656,1.7280142136463181,0.5969958868135233,0.3709851306358629,0.34548088904534535,0.8517525842969699,1277.5712658214816,273752.92667041643,76957987.31765112,83542359.52837032,0.8423704513999704,0.03410275425336676,0.348,0.546705574584446,0.18644040753129837,3.1070282308161543,13.060000000000002,0.534173757427226,0.7447272727272727,0.2427420476376153,0.8797121831893772,0.8034268395454639,0.18005282681626034,0.6975346196483199,2.320331585706726,3.234929064971405,0.015499495999058607,0.017028323531731792,0.2523136037205919,4268647.317397928,6.716222598398456
Bldg_039_3St,Imperial_Valley_1979_Array6_scaled_0.26g,3.0,532860.2944545313,11.890482304305188,0.4107129396322553,0.15876053972412202,0.11447839721976313,0.3865486679486486,0.8958001841302572,690.8953248416667,177620.09815151044,183096848.05044726,214400511.75447863,0.7079889087216464,0.03476921926039584,0.26339999999999997,0.26823347494089234,0.1259599283434734,1.0924121950824885,11.25,0.4646807553227397,0.8192,0.6268645503729919,0.6819217672320426,0.5362514331225829,0.02633974100961086,2.37989578729306,0.5013585688870303,0.8838604459678956,0.003065178508865654,0.003107163448998527,0.030168897922844617,2599522.3318097675,7.867717674080337
Bldg_039_3St,Friuli_1976_Tolmezzo,3.0,532860.2944545313,11.890482304305188,0.4107129396322553,0.15876053972412202,0.11447839721976313,0.3865486679486486,0.8958001841302572,690.8953248416667,177620.09815151044,183096848.05044726,214400511.75447863,0.7079889087216464,0.03476921926039584,0.352,0.21352777719546898,0.102872191600987,1.308741949374992,10.049999999999999,0.4278323224718693,0.3250793650793651,0.792679353312647,0.6872946642082421,0.8387860693315689,0.03329634338535529,2.2519299810018385,1.2634235935953166,0.9599857655898834,0.0038759628643057703,0.0045745567664657845,0.04476999690562314,3792684.077436564,11.091584039847701
Bldg_022_7St,Loma_Prieta_1989_Corralitos_scaled_0.90g,7.0,1284556.1704486806,22.23148050221301,1.98084884368781,0.6726415516435851,0.4158103425373049,0.3395723776637629,0.8648236794908523,1053.9993329410158,183508.02434981152,41197991.83998627,41197991.83998628,1.0,0.040533046747695714,0.9015999999999998,0.9605448110846201,0.5591609350109363,13.560562443787077,11.41,0.6811214742642782,1.0778947368421052,0.5858021723610118,1.5986872574174837,2.125957167620046,0.570939679434453,0.649736216017094,1.837701563968183,2.9082166963351854,0.04877597201165254,0.05420614538668027,0.6996366454152639,7092427.715494277,12.449661770897194
Bldg_028_4St,Northridge_1994_Sylmar_scaled_1.18g,4.0,1124368.770359385,16.14633182447185,0.7820760057987548,0.27845282962298024,0.18452810965809507,0.3560431819393168,0.8976479800932551,1004.6329457035733,281092.19258984627,139609134.84546733,139609134.84546733,1.0,0.03511402197103145,1.1802,1.163336475365919,0.4602469807713281,17.910741244853703,9.37,0.4931760280806554,0.8192,2.1147388195852836,3.461129217155682,3.0236557945572677,0.3213740512793588,1.791847838997868,0.9546826242660581,1.5857948506589858,0.03391358192792729,0.03447449691461821,0.42922844126476556,21108498.162138376,35.37979159843062
Bldg_021_8St,El_Centro_1940_NS,8.0,2522754.82118266,32.32951534566002,2.6102427070001735,0.9254001036349783,0.5728010687995481,0.35452645884355183,0.8357723193147679,1452.0498090500698,315344.3526478325,48088571.83372548,57616640.05790957,0.6692598452597174,0.02453858408069792,0.348,0.546705574584446,0.18644040753129837,3.1070282308161543,13.060000000000002,0.534173757427226,0.7447272727272727,0.2260727871536141,0.4391588717668707,0.9589680896431122,0.38265455031398693,0.6496344458437187,3.5049645723879284,4.88650494470572,0.01702051733825162,0.023328351500164962,0.4936568493883948,5431794.57252338,5.130265247044692
Bldg_012_9St,Imperial_Valley_1979_Array6_scaled_0.26g,9.0,2233538.9192729555,32.21400348906792,2.044992330417825,0.6938026305909998,0.4232174107613456,0.33926906241709215,0.8677249013184531,1392.155644429548,248170.99103032838,85201688.07554445,70380243.16449313,1.161922715813221,0.03024827774377832,0.26339999999999997,0.26823347494089234,0.1259599283434734,1.0924121950824885,11.25,0.4646807553227397,0.8192,0.1337872111987073,0.3348212041499074,0.686350017310208,0.13918896006157613,0.5079241123717058,2.496328528342071,4.400854365052184,0.008634899528846251,0.008910874530337603,0.17650376302592544,2624060.848566777,2.780486685441154
Bldg_027_8St,El_Centro_1940_NS_scaled_0.49g,8.0,1236762.7935664188,33.45874608638884,1.9546697610790964,0.6731664591962702,0.41557814763449613,0.3443888438856502,0.8430406960968102,1021.0981179078087,154595.34919580235,44481783.16310389,50477108.5258839,0.7624536928573992,0.03506955879751763,0.4871999999999999,0.7653878044182246,0.26101657054381694,6.089775332399659,13.060000000000002,0.5341737574272261,0.7447272727272727,0.4544070669936465,1.0591920081263,1.3790397232620029,0.4315045249534002,0.9326910242069922,2.6246786342614823,3.659239589929488,0.02200830319733754,0.023117305622618513,0.5682779691205254,4792310.796473127,10.70577527308701
Bldg_010_4St,Loma_Prieta_1989_Corralitos,4.0,577210.2580398876,15.589050114707588,0.9035156567368826,0.3317185659069841,0.22164574174728088,0.367142022867663,0.8750783301686131,710.7068233538631,144302.5645099719,51967001.47358608,60903626.192958586,0.7065322616075785,0.058122873880958124,0.644,0.6861034364890142,0.3994006678649551,6.918654308054634,11.41,0.6811214742642783,1.0778947368421052,0.8422045206019826,1.5143907374098264,1.4846533499218442,0.17088595985832528,1.3077709947235754,0.8382225331055063,1.326511776350652,0.017575852561172316,0.01881732911269254,0.2199635738182551,4466432.693663854,11.609008363681513
Bldg_002_6St,El_Centro_1940_NS_scaled_0.49g,6.0,650483.7733847327,22.938348273347064,1.3796942775133207,0.4892396143506448,0.30631666469100405,0.35460001706495536,0.857522015391217,746.8628765256442,108413.96223078878,35753014.44204229,40000000.0,0.787650722102115,0.04779139732158818,0.4871999999999999,0.7653878044182246,0.26101657054381694,6.089775332399659,13.060000000000002,0.5341737574272261,0.7447272727272727,0.4783396502244638,1.1879635916364937,1.389154755751193,0.2260282188258486,0.9818137319878159,1.8526168277156407,2.5828567171821155,0.015054748033217857,0.018413936649426955,0.30384044446440445,2559953.133098726,9.304631092721085
Bldg_032_3St,Kobe_1995_NS_scaled_1.17g,3.0,889774.2410912409,11.958446292640017,0.3812673573069689,0.14020888130339432,0.10215875831193638,0.3677442577139072,0.9141135992098178,901.8618153620312,296591.4136970803,373326647.5121846,395291334.35178196,0.8888683614801923,0.03380330511289547,1.1676,1.489885267133405,0.5504295453472083,19.04897040911142,12.780000000000001,0.8720606558868952,0.7728301886792452,2.7213950019936353,1.7404327096036156,1.6241455903339868,0.09861203456034737,2.3307596796793724,0.4933391097966151,0.4372027963114743,0.01377594692052564,0.014775963612257243,0.13097433133409103,23282339.0488338,35.893662941743145
Bldg_019_10St,Kobe_1995_NS_scaled_1.17g,10.0,2052578.4585914456,37.07858698432766,3.118454611073725,1.0899438674104054,0.6686626239905169,0.349514103408779,0.8291539226026338,1304.5702282325642,205257.84585914455,33968527.97319341,40000000.0,0.6984263986596704,0.03693883769232474,1.1676,1.489885267133405,0.5504295453472083,19.04897040911142,12.780000000000001,0.8720606558868952,0.7728301886792452,0.9783123533366009,1.8439092461693174,2.256927383380618,2.363587311576175,0.837883139205722,4.035109726242857,3.575960674320552,0.0981134615345171,0.11092287769761261,3.2511326127474622,15605717.472028866,22.265165123567577
Bldg_039_3St,El_Centro_1940_NS,3.0,532860.2944545313,11.890482304305188,0.4107129396322553,0.15876053972412202,0.11447839721976313,0.3865486679486486,0.8958001841302572,690.8953248416667,177620.09815151044,183096848.05044726,214400511.75447863,0.7079889087216464,0.03476921926039584,0.348,0.546705574584446,0.18644040753129837,3.1070282308161543,13.060000000000002,0.534173757427226,0.7447272727272727,0.9056478208063039,1.0757412356017566,0.9805595940936602,0.0386948097792916,2.6024362666847813,0.5514944257757335,0.7688751720234206,0.0044283445846232,0.004676607123416199,0.044287877202657436,4477071.283323639,11.491642551570619
Bldg_016_7St,Kobe_1995_NS_scaled_0.50g,7.0,911569.7535034107,29.227888440420674,1.3746005834113613,0.46292984498821277,0.2906324665083849,0.33677407864861714,0.8642017826515197,887.5698316126196,130224.25050048725,60830739.205434665,60830739.20543465,1.0,0.02701321079557354,0.5004,0.638522257342888,0.23589837657737536,3.4987904833061783,12.780000000000001,0.8720606558868951,0.7728301886792452,0.6902707288035774,1.068896618425574,1.1709171462178392,0.32394304347136316,1.3794379072813299,1.7786579814648962,1.5762671714771694,0.020995329863121637,0.02091584223663736,0.4154771359385917,5312486.658164652,10.435575070770437
Bldg_010_4St,ChiChi_1999_TCU068_scaled_0.31g,4.0,577210.2580398876,15.589050114707588,0.9035156567368826,0.3317185659069841,0.22164574174728088,0.367142022867663,0.8750783301686131,710.7068233538631,144302.5645099719,51967001.47358608,60903626.192958586,0.7065322616075785,0.058122873880958124,0.3072,0.4197024049123519,0.1679459788731353,2.073212799530516,18.89,0.7206483050886867,0.6206060606060606,0.5893140473781184,0.8893394996435999,0.5025473207896238,0.11956343852960816,1.9183399979756461,1.4558601890779848,1.2537539467683771,0.01229831538014324,0.012313322884242382,0.15987913690370595,2922658.554168749,9.870404208606814
Bldg_002_6St,ChiChi_1999_TCU068_scaled_0.31g,6.0,650483.7733847327,22.938348273347064,1.3796942775133207,0.4892396143506448,0.30631666469100405,0.35460001706495536,0.857522015391217,746.8628765256442,108413.96223078878,35753014.44204229,40000000.0,0.787650722102115,0.04779139732158818,0.3072,0.4197024049123519,0.1679459788731353,2.073212799530516,18.89,0.7206483050886867,0.6206060606060606,0.31427930944133764,0.6171722772223132,0.794236348174065,0.14865504025285445,1.0230446270876876,2.223140193258769,1.9145181744977926,0.009891289198946414,0.011024963686452009,0.1925910992373466,1670940.1008760808,5.07987204867809
Bldg_039_3St,ChiChi_1999_TCU068_scaled_0.72g,3.0,532860.2944545313,11.890482304305188,0.4107129396322553,0.15876053972412202,0.11447839721976313,0.3865486679486486,0.8958001841302572,690.8953248416667,177620.09815151044,183096848.05044726,214400511.75447863,0.7079889087216464,0.03476921926039584,0.7168,0.9793056114621539,0.3918739507039827,11.287491908555028,18.89,0.7206483050886867,0.6206060606060606,2.0092521597857895,1.3698703541889956,1.570593830641273,0.0840859788805625,2.803086160415443,0.6617933109308801,0.5699214675620597,0.009824636814129609,0.00998954471792659,0.09824875350664278,8719160.814180708,24.740004327511365
Bldg_016_7St,ChiChi_1999_TCU068_scaled_0.72g,7.0,911569.7535034107,29.227888440420674,1.3746005834113613,0.46292984498821277,0.2906324665083849,0.33677407864861714,0.8642017826515197,887.5698316126196,130224.25050048725,60830739.205434665,60830739.20543465,1.0,0.02701321079557354,0.7168,0.9793056114621539,0.3918739507039827,11.287491908555028,18.89,0.7206483050886867,0.6206060606060606,0.7905753344653799,1.672848268916344,1.884835315669507,0.37124750805454043,1.1029231786626392,2.214932580692135,1.9074499637409066,0.02404620279570276,0.025523425342369566,0.4623735065645495,6482782.527613821,12.156136045425981
Bldg_020_5St,ChiChi_1999_TCU068_scaled_0.31g,5.0,431577.0521504538,15.320911780484215,0.7130741434112638,0.25501056678852646,0.16467834084054334,0.3576213906292907,0.8673366722282386,611.8190943589842,86315.41043009076,75660470.46042758,83114761.34278658,0.7757831833380477,0.058341659875327925,0.3072,0.4197024049123519,0.1679459788731353,2.073212799530516,18.89,0.7206483050886867,0.6206060606060606,0.6032359574956034,0.5157372871582557,0.5238040631673592,0.07616683934597983,1.963658715806001,1.148996422488853,0.989489794641936,0.008694831707336967,0.008913321997476999,0.09665768550117451,2270034.018750505,7.426750614906481
Bldg_039_3St,San_Fernando_1971_Pacoima_scaled_0.70g,3.0,532860.2944545313,11.890482304305188,0.4107129396322553,0.15876053972412202,0.11447839721976313,0.3865486679486486,0.8958001841302572,690.8953248416667,177620.09815151044,183096848.05044726,214400511.75447863,0.7079889087216464,0.03476921926039584,0.7020000000000001,0.621704472793615,0.284211752977573,7.102529712286988,9.42,0.46164900464092706,0.28054794520547943,1.3721283824360186,1.8292541682885024,1.662542439644136,0.05743640825804558,1.9545988353789439,1.4639670211501288,0.8896649521679569,0.006709293780841436,0.006437914167695676,0.06468739512119426,5885424.477200549,16.492837122721326
Bldg_036_7St,Friuli_1976_Tolmezzo_scaled_0.49g,7.0,1602726.511347166,28.557038136018107,1.3803364142962382,0.464490019337446,0.28960026023929597,0.33650493787361635,0.866819142413017,1178.6746879816149,228960.9301924523,105817892.48660325,105817892.48660325,1.0,0.04430220889174291,0.4927999999999999,0.2989388880736565,0.14402106824138175,2.5651342207749837,10.049999999999999,0.42783232247186936,0.3250793650793651,0.21745604628800747,0.9640005053230671,1.0450350640578259,0.10300266000966474,0.44126632769482044,4.246152055696436,3.2263490666650076,0.006862871200213761,0.007529074855126781,0.12940095813434457,3250243.0938396375,5.581036575839177
Bldg_029_10St,Friuli_1976_Tolmezzo_scaled_0.49g,10.0,3306559.1027033487,40.85103354718929,2.8470338124293835,1.0055703560634366,0.6133007191000883,0.35319930226096613,0.8447518426005479,1671.293479517068,330655.91027033486,66673572.54055375,62546842.54886757,0.748278909461416,0.032311089590841974,0.4927999999999999,0.2989388880736565,0.14402106824138175,2.5651342207749837,10.049999999999999,0.42783232247186936,0.3250793650793651,0.1432089476248064,0.30188903048742316,0.8684972041714859,0.2882492685658934,0.2906025722905975,8.757965340969294,6.654555214482609,0.012872528317404808,0.012801241685721115,0.3872961905021519,3767608.8309398443,3.420571084458481
Bldg_009_9St,El_Centro_1940_NS_scaled_0.49g,9.0,1936007.7066165784,33.37060515365388,2.0240667166863795,0.7218964229585041,0.4472852984026352,0.35665643677019115,0.8231148142306102,1262.3615265765725,215111.96740184203,67549516.69497378,85350928.3329129,0.5828654242985061,0.05915571433100036,0.4871999999999999,0.7653878044182246,0.26101657054381694,6.089775332399659,13.060000000000002,0.5341737574272261,0.7447272727272727,0.42277121166255144,1.0421083842204766,1.2130278593462742,0.43082490175303845,0.867757002591444,2.7178630228943086,3.789154162935702,0.020876791794297102,0.02170736667791989,0.6074628706506616,6762684.268015217,11.603198445774153
Bldg_038_3St,San_Fernando_1971_Pacoima_scaled_0.70g,3.0,670960.952016786,9.738279216538054,0.5814586032302643,0.21822895584713087,0.15751830854494958,0.37531297092307303,0.9074263975091055,780.28692130387,223653.65067226198,118926299.32987614,129961841.76984638,0.8301725754315881,0.058719762660169365,0.7020000000000001,0.621704472793615,0.284211752977573,7.102529712286988,9.42,0.46164900464092706,0.28054794520547943,1.3407628520671102,2.1221774494384245,1.452423848913841,0.11261060049430167,1.909918592688191,2.0725819353422508,1.2595253046901418,0.018975991373514377,0.017798060009396547,0.14900676343804092,7288253.284686674,22.432896548491392
Bldg_035_8St,ChiChi_1999_TCU068,8.0,2170485.1346629397,29.41406488338083,1.5058458369512058,0.5067389805174635,0.3116778724217766,0.3365145143565473,0.8582462946298408,1364.8482788843671,271310.64183286746,136007095.16231158,136007095.16231158,1.0,0.05362839943511724,0.512,0.6995040081872533,0.27990996478855884,5.758924443140322,18.89,0.7206483050886865,0.6206060606060606,0.48665777679407574,0.9343259120951505,1.3142559130714293,0.27404309989312914,0.9505034703009292,2.426411748993642,2.0895710519514634,0.0177781461488102,0.016858813791190096,0.35090961321967623,8430505.925257832,7.330548776367826
Bldg_021_8St,Friuli_1976_Tolmezzo_scaled_0.49g,8.0,2522754.82118266,32.32951534566002,2.6102427070001735,0.9254001036349783,0.5728010687995481,0.35452645884355183,0.8357723193147679,1452.0498090500698,315344.3526478325,48088571.83372548,57616640.05790957,0.6692598452597174,0.02453858408069792,0.4927999999999999,0.2989388880736565,0.14402106824138175,2.5651342207749837,10.049999999999999,0.42783232247186936,0.3250793650793651,0.1800424315590218,0.48877168718745545,0.7582743307133749,0.3045337689842581,0.3653458432610021,8.0295552021978,6.10108813639671,0.013554994241253254,0.01758391646750199,0.42318703149234943,4008458.3150539617,4.929310486357066
Bldg_039_3St,Imperial_Valley_1979_Array6,3.0,532860.2944545313,11.890482304305188,0.4107129396322553,0.15876053972412202,0.11447839721976313,0.3865486679486486,0.8958001841302572,690.8953248416667,177620.09815151044,183096848.05044726,214400511.75447863,0.7079889087216464,0.03476921926039584,0.439,0.4470557915681539,0.20993321390578878,3.03447831967358,11.25,0.4646807553227397,0.8192,1.0447742506216429,1.136536278720071,0.8937523885376396,0.043899568349351006,2.379895787293036,0.5013585688870303,0.8838604459678956,0.005108630848109372,0.005178605748330934,0.05028149653807476,4332537.219682999,13.11286279013362
Bldg_034_4St,Kobe_1995_NS,4.0,666777.4275900043,12.29923854005396,0.7869876091101675,0.2751374623816294,0.18176931440458607,0.3496083790858185,0.901114411902358,775.1404708390176,166694.35689750107,83823096.24972795,83823096.24972795,1.0,0.025909563676249067,0.834,1.0642037622381462,0.3931639609622956,9.718862453628272,12.780000000000001,0.8720606558868959,0.7728301886792452,2.2905174264087087,1.8728741151668806,1.3041302528494614,0.35280163646648105,2.746423772672313,1.0183189278036837,0.9024459523515506,0.05236404274230174,0.05382118810196132,0.4579334992738534,13871876.465165813,31.346376013362413
Bldg_025_6St,Kobe_1995_NS,6.0,1757236.410893677,25.206007389869953,1.499772555124449,0.5085192700648059,0.31318652089399057,0.33906425899533127,0.8984443167658247,1256.4947539012646,292872.7351489462,90287042.21106903,70659424.3390975,1.3333333333333333,0.058348096296313844,0.834,1.0642037622381462,0.3931639609622956,9.718862453628272,12.780000000000001,0.8720606558868959,0.7728301886792452,0.8533642954514907,1.4671704117501188,1.5899493533779647,0.4766709703054139,1.0232185796780464,1.9406236675194286,1.7198030263149102,0.03966180609998596,0.04034034627492797,0.6197936988433488,13438278.516007185,13.998125567212709
Bldg_039_3St,San_Fernando_1971_Pacoima_scaled_1.20g,3.0,532860.2944545313,11.890482304305188,0.4107129396322553,0.15876053972412202,0.11447839721976313,0.3865486679486486,0.8958001841302572,690.8953248416667,177620.09815151044,183096848.05044726,214400511.75447863,0.7079889087216464,0.03476921926039584,1.2,1.062742688536094,0.48583205637192123,20.75397680557232,9.42,0.461649004640927,0.28054794520547943,2.345518602454715,3.126930202202559,2.8419528882805767,0.09818189445819685,1.9545988353789294,1.4639670211501288,0.889664952167957,0.01146887825784852,0.01100498148324063,0.11057674379691423,10060554.661881397,28.1928839704647
Bldg_007_7St,Imperial_Valley_1979_Array6,7.0,674145.3737687075,28.414145282790457,1.5363136806480093,0.5456887561369359,0.34003453867547073,0.3551935799378986,0.8432877429861823,753.9884154879235,96306.48196695822,33097495.190190606,40000000.0,0.6548747595095301,0.027548284333655176,0.439,0.4470557915681539,0.20993321390578878,3.03447831967358,11.25,0.4646807553227397,0.8192,0.31674864973872624,1.0172844487761687,0.9864379650901111,0.1858321875537615,0.7215231201337727,1.8753829109472768,3.306170232035921,0.01087597614505469,0.012389865527554686,0.23785668972736373,2011699.6521952916,7.987832344287848
Bldg_029_10St,El_Centro_1940_NS,10.0,3306559.1027033487,40.85103354718929,2.8470338124293835,1.0055703560634366,0.6133007191000883,0.35319930226096613,0.8447518426005479,1671.293479517068,330655.91027033486,66673572.54055375,62546842.54886757,0.748278909461416,0.032311089590841974,0.348,0.546705574584446,0.18644040753129837,3.1070282308161543,13.060000000000002,0.534173757427226,0.7447272727272727,0.2183755145748654,0.3259771108166891,0.961093142932597,0.440002711956893,0.6275158464794983,3.8229213789945335,5.329789741341335,0.019628975994973912,0.02215183722691707,0.5771720605646377,6750596.690489031,6.4331621884716075
Bldg_007_7St,Northridge_1994_Sylmar_scaled_1.18g,7.0,674145.3737687075,28.414145282790457,1.5363136806480093,0.5456887561369359,0.34003453867547073,0.3551935799378986,0.8432877429861823,753.9884154879235,96306.48196695822,33097495.190190606,40000000.0,0.6548747595095301,0.027548284333655176,1.1802,1.163336475365919,0.4602469807713281,17.910741244853703,9.37,0.4931760280806554,0.8192,1.1196410635638936,2.9523921023269803,3.6289529331377084,0.656643565995836,0.9486875644500031,1.8753829109472768,3.1151426532774544,0.03844432962346978,0.04811501355999181,0.8648657008264555,7812268.4890116565,26.698951045320047
Bldg_028_4St,Loma_Prieta_1989_Corralitos,4.0,1124368.770359385,16.14633182447185,0.7820760057987548,0.27845282962298024,0.18452810965809507,0.3560431819393168,0.8976479800932551,1004.6329457035733,281092.19258984627,139609134.84546733,139609134.84546733,1.0,0.03511402197103145,0.644,0.6861034364890142,0.3994006678649551,6.918654308054634,11.41,0.6811214742642783,1.0778947368421052,1.0603923913850322,2.2721757338404336,1.4534073530852913,0.16098282124370925,1.6465720363121616,0.7255587944422042,1.14821810110087,0.01700526982714555,0.01752313940249749,0.2016266280510396,10815099.00401112,15.611682492666581
Bldg_028_4St,Friuli_1976_Tolmezzo_scaled_0.21g,4.0,1124368.770359385,16.14633182447185,0.7820760057987548,0.27845282962298024,0.18452810965809507,0.3560431819393168,0.8976479800932551,1004.6329457035733,281092.19258984627,139609134.84546733,139609134.84546733,1.0,0.03511402197103145,0.2112,0.12811666631728136,0.0617233149605922,0.471147101774997,10.049999999999999,0.42783232247186925,0.3250793650793651,0.2932411219553397,0.45617396673793686,0.38486468284649716,0.044567530345592535,1.3884522819855099,2.4058002131504663,1.8279965414491977,0.004702640686389817,0.004636530233813509,0.05728861201410021,2861618.135996628,4.415641553302691
Bldg_031_7St,El_Centro_1940_NS_scaled_0.49g,7.0,856890.734760222,22.75669864505952,1.4911929430096265,0.5226822901820123,0.3255666176728036,0.3505128512257438,0.8443472679464323,850.595879853297,122412.96210860314,46041581.58392334,53788220.09784441,0.7119578041500756,0.04318599737886953,0.4871999999999999,0.7653878044182246,0.26101657054381694,6.089775332399659,13.060000000000002,0.5341737574272261,0.7447272727272727,0.4683697978170603,1.1838702650298292,1.3593132829324288,0.25867035223301343,0.9613501597230303,2.002334274060778,2.7915877975581407,0.019004555476348755,0.019112713491514454,0.34328537465984194,3323391.914452189,9.307408626546119
Bldg_005_5St,San_Fernando_1971_Pacoima,5.0,1054965.4097151533,19.818838538279376,0.8108817871991694,0.2855759554952941,0.18628453092568645,0.3521795161803908,0.8722298013627929,959.2561022795037,210993.08194303064,142976339.73852292,158130879.27603912,0.7604114451444064,0.038812025377841536,1.17,1.0361741213226916,0.47368625496262196,19.729249200797177,9.42,0.461649004640927,0.28054794520547943,1.6177091297366326,4.537038081000198,2.746295529160402,0.26405184039822394,1.3826573758432759,2.8903501203876645,1.7564898419522803,0.02328977926038161,0.02677732926725302,0.3320971502398981,16783871.27167036,30.35029300325323
Bldg_010_4St,Loma_Prieta_1989_Corralitos_scaled_0.39g,4.0,577210.2580398876,15.589050114707588,0.9035156567368826,0.3317185659069841,0.22164574174728088,0.367142022867663,0.8750783301686131,710.7068233538631,144302.5645099719,51967001.47358608,60903626.192958586,0.7065322616075785,0.058122873880958124,0.3864,0.4116620618934086,0.2396404007189732,2.4907155508996683,11.41,0.6811214742642783,1.0778947368421052,0.5053227123611849,0.9086344424458911,0.890792009953104,0.10253157591499423,1.3077709947235632,0.8382225331055063,1.326511776350652,0.010545511536703293,0.011290397467615534,0.13197814429095295,2679859.6161983153,6.9654050182079965
Bldg_028_4St,Loma_Prieta_1989_Corralitos_scaled_0.39g,4.0,1124368.770359385,16.14633182447185,0.7820760057987548,0.27845282962298024,0.18452810965809507,0.3560431819393168,0.8976479800932551,1004.6329457035733,281092.19258984627,139609134.84546733,139609134.84546733,1.0,0.03511402197103145,0.3864,0.4116620618934086,0.2396404007189732,2.4907155508996683,11.41,0.6811214742642783,1.0778947368421052,0.6362354348310107,1.3633054403042502,0.872044411851172,0.09658969274622418,1.6465720363121394,0.7255587944422042,1.14821810110087,0.010203161896287193,0.01051388364149817,0.12097597683062249,6489059.402406473,9.367009495599971
Bldg_005_5St,Northridge_1994_Sylmar_scaled_0.51g,5.0,1054965.4097151533,19.818838538279376,0.8108817871991694,0.2855759554952941,0.18628453092568645,0.3521795161803908,0.8722298013627929,959.2561022795037,210993.08194303064,142976339.73852292,158130879.27603912,0.7604114451444064,0.038812025377841536,0.5057999999999999,0.498572775156823,0.1972487060448539,3.289727983748639,9.37,0.49317602808065547,0.8192,0.8625324841961256,1.365055882761094,1.2481853540038181,0.14093068621523652,1.7052836777305769,0.989845931639611,1.6442035724140172,0.012417678056318299,0.012544108959146039,0.1830765710011287,7862573.144872574,15.188469704894247
Bldg_018_10St,ChiChi_1999_TCU068_scaled_0.31g,10.0,2641541.8673443226,33.10622970315683,2.979394789620447,0.9999769202777022,0.6053898786112969,0.33563088844801664,0.8685081886935473,1514.6619235213475,264154.18673443224,53343084.94813778,41033142.2677983,1.3333333333333333,0.03095844509284535,0.3072,0.4197024049123519,0.1679459788731353,2.073212799530516,18.89,0.7206483050886867,0.6206060606060606,0.27562988861036053,0.5522531515611612,0.9010621401360239,0.607515211825454,0.8972327103201841,4.800782619993885,4.1343256739551855,0.03901033499124904,0.04297254554822625,0.7458001635683882,6831086.772296154,5.416189557279816
Bldg_018_10St,Loma_Prieta_1989_Corralitos_scaled_0.90g,10.0,2641541.8673443226,33.10622970315683,2.979394789620447,0.9999769202777022,0.6053898786112969,0.33563088844801664,0.8685081886935473,1514.6619235213475,264154.18673443224,53343084.94813778,41033142.2677983,1.3333333333333333,0.03095844509284535,0.9015999999999998,0.9605448110846201,0.5591609350109363,13.560562443787077,11.41,0.6811214742642782,1.0778947368421052,0.6930674161157533,1.5224722816095284,1.9464085125698873,1.5280417013908243,0.7687083142366387,2.7640869630267817,4.3742487973069375,0.09809092987159689,0.11412558090588984,1.8047270532837287,18141856.2982713,14.34162952112832
Bldg_030_6St,Friuli_1976_Tolmezzo,6.0,803618.8831084707,23.230058635081644,0.9665504811036845,0.3495748231242845,0.22269020865239064,0.3616725975089393,0.8416871129757246,822.4327678639422,133936.48051807846,84360837.00216389,106695714.94751158,0.5813350525588545,0.04189785227596446,0.352,0.21352777719546898,0.102872191600987,1.308741949374992,10.049999999999999,0.4278323224718693,0.3250793650793651,0.24544494228709446,0.755412946843946,0.8803082987508514,0.056889408462785986,0.6972867678610638,2.9732754057388733,2.2591805956111153,0.003941209674933304,0.004413608789183322,0.0839346551223455,1767406.0929898368,6.9011008681757
Bldg_025_6St,Loma_Prieta_1989_Corralitos_scaled_0.39g,6.0,1757236.410893677,25.206007389869953,1.499772555124449,0.5085192700648059,0.31318652089399057,0.33906425899533127,0.8984443167658247,1256.4947539012646,292872.7351489462,90287042.21106903,70659424.3390975,1.3333333333333333,0.058348096296313844,0.3864,0.4116620618934086,0.2396404007189732,2.4907155508996683,11.41,0.6811214742642783,1.0778947368421052,0.3314902675440141,0.5374141798409588,0.8911352445754552,0.18523150554162973,0.8578940671428936,1.3913905540705338,2.2019164154888036,0.015406670733050984,0.016664727225908487,0.23341042005570284,5551396.220766474,5.411165505265832
Bldg_039_3St,ChiChi_1999_TCU068,3.0,532860.2944545313,11.890482304305188,0.4107129396322553,0.15876053972412202,0.11447839721976313,0.3865486679486486,0.8958001841302572,690.8953248416667,177620.09815151044,183096848.05044726,214400511.75447863,0.7079889087216464,0.03476921926039584,0.512,0.6995040081872533,0.27990996478855884,5.758924443140322,18.89,0.7206483050886865,0.6206060606060606,1.435180114132716,0.9784788244207124,1.1218527361723387,0.06006141348611643,2.803086160415461,0.6617933109308801,0.56992146756206,0.007017597724378338,0.007135389084233281,0.07017768107617423,6227972.010129179,17.671431662508144
Bldg_005_5St,Friuli_1976_Tolmezzo_scaled_0.49g,5.0,1054965.4097151533,19.818838538279376,0.8108817871991694,0.2855759554952941,0.18628453092568645,0.3521795161803908,0.8722298013627929,959.2561022795037,210993.08194303064,142976339.73852292,158130879.27603912,0.7604114451444064,0.038812025377841536,0.4927999999999999,0.2989388880736565,0.14402106824138175,2.5651342207749837,10.049999999999999,0.42783232247186936,0.3250793650793651,0.6365501165692415,1.0551340596075596,0.8437910026298641,0.10387542452686288,1.2917007235577145,2.49441174773182,1.8953261467347085,0.009164262864413323,0.0092523003065652,0.13575241033117638,5799286.992453563,10.685581656046589
Bldg_003_7St,Kobe_1995_NS_scaled_1.17g,7.0,1916270.4866929152,21.004371166760656,1.7280142136463181,0.5969958868135233,0.3709851306358629,0.34548088904534535,0.8517525842969699,1277.5712658214816,273752.92667041643,76957987.31765112,83542359.52837032,0.8423704513999704,0.03410275425336676,1.1676,1.489885267133405,0.5504295453472083,19.04897040911142,12.780000000000001,0.8720606558868952,0.7728301886792452,1.3258994414304142,2.5168301781950473,2.6577611798296785,0.9834809083152598,1.1355767740925096,2.235955891681027,1.9815298419682847,0.0846609530059027,0.08000035532925705,1.3103611311305436,19532348.967765972,23.28088148379318
Bldg_007_7St,Northridge_1994_Sylmar_scaled_0.51g,7.0,674145.3737687075,28.414145282790457,1.5363136806480093,0.5456887561369359,0.34003453867547073,0.3551935799378986,0.8432877429861823,753.9884154879235,96306.48196695822,33097495.190190606,40000000.0,0.6548747595095301,0.027548284333655176,0.5057999999999999,0.498572775156823,0.1972487060448539,3.289727983748639,9.37,0.49317602808065547,0.8192,0.4798461700988346,1.2653109009972374,1.5552655427732949,0.2814186711410865,0.9486875644500489,1.8753829109472768,3.115142653277454,0.016476141267202128,0.020620720097141096,0.3706567289256226,3348115.066719565,11.442407590852103
Bldg_017_6St,Imperial_Valley_1979_Array6_scaled_0.26g,6.0,646461.7617538249,22.924539139666617,1.3489350259407027,0.48507097650948133,0.3037321310675228,0.3595955084428243,0.8461101879887595,739.5795310614494,107743.62695897081,36385927.280900784,42481912.65457106,0.7130079606707943,0.04463404657559655,0.26339999999999997,0.26823347494089234,0.1259599283434734,1.0924121950824885,11.25,0.4646807553227397,0.8192,0.1347731728121053,0.6519785851749652,0.6384451007240711,0.06092003893325025,0.511667322749071,1.6466492015877718,2.902928538548605,0.004453900073365593,0.005531406718555695,0.08497504395072122,767093.8072021834,4.594902725961021
Bldg_038_3St,Imperial_Valley_1979_Array6,3.0,670960.952016786,9.738279216538054,0.5814586032302643,0.21822895584713087,0.15751830854494958,0.37531297092307303,0.9074263975091055,780.28692130387,223653.65067226198,118926299.32987614,129961841.76984638,0.8301725754315881,0.058719762660169365,0.439,0.4470557915681539,0.20993321390578878,3.03447831967358,11.25,0.4646807553227397,0.8192,0.7425359375865193,0.8988038059112028,0.933928870833296,0.06235464366702927,1.6914258259374015,0.7097883340213187,1.2513076915062205,0.010509207891941893,0.010796578579136847,0.07991312507272257,4554733.540763036,10.859179809220816
Bldg_009_9St,San_Fernando_1971_Pacoima,9.0,1936007.7066165784,33.37060515365388,2.0240667166863795,0.7218964229585041,0.4472852984026352,0.35665643677019115,0.8231148142306102,1262.3615265765725,215111.96740184203,67549516.69497378,85350928.3329129,0.5828654242985061,0.05915571433100036,1.17,1.0361741213226916,0.47368625496262196,19.729249200797177,9.42,0.461649004640927,0.28054794520547943,0.5906082870703522,1.2622390241223294,1.9867826570078477,0.600236366314414,0.5047934077524378,7.214690933501256,4.3844277716156,0.029164725272249118,0.03213944080582918,0.793018168128893,9419352.916464705,11.695587729518577
Bldg_034_4St,San_Fernando_1971_Pacoima_scaled_0.70g,4.0,666777.4275900043,12.29923854005396,0.7869876091101675,0.2751374623816294,0.18176931440458607,0.3496083790858185,0.901114411902358,775.1404708390176,166694.35689750107,83823096.24972795,83823096.24972795,1.0,0.025909563676249067,0.7020000000000001,0.621704472793615,0.284211752977573,7.102529712286988,9.42,0.46164900464092706,0.28054794520547943,1.139224448631582,3.4319050988706477,1.7331812585178232,0.17535799467339042,1.6228268499025382,2.8051804426290152,1.704731519398142,0.026044070668674695,0.03194713301195549,0.20836095374678026,8234056.106649147,21.83778625653469
Bldg_037_6St,Kobe_1995_NS_scaled_0.50g,6.0,1519801.1629553218,18.1313458662842,0.9220273617851668,0.32867711576859315,0.20663916498060184,0.3564721931160815,0.8535992240019256,1138.9912613079553,253300.19382588696,185099389.56536832,214716992.93877366,0.7241242719727287,0.047878458494656856,0.5004,0.638522257342888,0.23589837657737536,3.4987904833061783,12.780000000000001,0.8720606558868951,0.7728301886792452,0.7993070905338746,1.0039890078255038,1.0064702757848882,0.16859395061512755,1.5973363120181348,1.1930529827786582,1.0572972826614395,0.01567219825393124,0.015111883365230401,0.2289191220687968,9781766.682446197,15.671446995588807
Bldg_001_9St,Northridge_1994_Sylmar_scaled_1.18g,9.0,1527742.1397965779,38.35519513262496,2.1413036512544052,0.7346964083904504,0.4502992706525202,0.3431070637553226,0.845007649463895,1136.201476207652,169749.1266440642,50592313.74146908,55675323.882297106,0.8174052780878655,0.05395655297064335,1.1802,1.163336475365919,0.4602469807713281,17.910741244853703,9.37,0.4931760280806554,0.8192,0.4968044935010111,1.7600629794702805,1.9463359037851486,0.5656276004861195,0.4209494098466456,2.6138960586601625,4.341864829861946,0.02247325975094044,0.030556914961215646,0.8146404302457412,6720875.80618819,14.337906869041907
Bldg_035_8St,Northridge_1994_Sylmar_scaled_0.51g,8.0,2170485.1346629397,29.41406488338083,1.5058458369512058,0.5067389805174635,0.3116778724217766,0.3365145143565473,0.8582462946298408,1364.8482788843671,271310.64183286746,136007095.16231158,136007095.16231158,1.0,0.05362839943511724,0.5057999999999999,0.498572775156823,0.1972487060448539,3.289727983748639,9.37,0.49317602808065547,0.8192,0.3841655573488524,0.8537981179662718,0.9213867542175613,0.21652347649920298,0.7595206748692219,1.8381907189345772,3.053363811723905,0.014033992159498486,0.016203157198050884,0.2723623308808913,8102634.886295233,7.216704794423759
Bldg_002_6St,ChiChi_1999_TCU068,6.0,650483.7733847327,22.938348273347064,1.3796942775133207,0.4892396143506448,0.30631666469100405,0.35460001706495536,0.857522015391217,746.8628765256442,108413.96223078878,35753014.44204229,40000000.0,0.787650722102115,0.04779139732158818,0.512,0.6995040081872533,0.27990996478855884,5.758924443140322,18.89,0.7206483050886865,0.6206060606060606,0.5237988490688819,1.028620462037199,1.3237272469567907,0.24775840042141703,1.0230446270876599,2.223140193258769,1.914518174497793,0.016485481998243574,0.018374939477419933,0.32098516539556404,2784900.1681268034,8.466453414465617
Bldg_019_10St,Imperial_Valley_1979_Array6_scaled_0.61g,10.0,2052578.4585914456,37.07858698432766,3.118454611073725,1.0899438674104054,0.6686626239905169,0.349514103408779,0.8291539226026338,1304.5702282325642,205257.84585914455,33968527.97319341,40000000.0,0.6984263986596704,0.03693883769232474,0.6145999999999999,0.6258781081954151,0.2939064994681046,5.947577506560213,11.25,0.46468075532273967,0.8192,0.25154919464890435,0.5734416343289356,0.7705439154095516,0.6080680749175147,0.409289285143027,3.8067072889083553,6.710961397374486,0.02522748705875989,0.03148532957974913,0.7833263702152785,4917059.567957177,6.0955003154383816
Bldg_028_4St,Kobe_1995_NS,4.0,1124368.770359385,16.14633182447185,0.7820760057987548,0.27845282962298024,0.18452810965809507,0.3560431819393168,0.8976479800932551,1004.6329457035733,281092.19258984627,139609134.84546733,139609134.84546733,1.0,0.03511402197103145,0.834,1.0642037622381462,0.3931639609622956,9.718862453628272,12.780000000000001,0.8720606558868959,0.7728301886792452,1.9756954378485683,1.6249686526326252,1.422001299243764,0.30078395614837944,2.368939373919147,1.0119635817220216,0.8968137715184208,0.03168377507216204,0.032887091849509054,0.3796669923415142,20297570.323258094,24.848888461508544
Bldg_011_5St,ChiChi_1999_TCU068_scaled_0.31g,5.0,1451852.277223199,20.06527884435787,0.894354941017543,0.30523291686505966,0.19519356971894125,0.34128834410841863,0.8825020573804334,1131.928717571005,290370.4554446398,172350178.34134805,172350178.34134805,1.0,0.05720067339243327,0.3072,0.4197024049123519,0.1679459788731353,2.073212799530516,18.89,0.7206483050886867,0.6206060606060606,0.5912896191327355,0.7242213846344427,0.6229581836118413,0.11754603558582936,1.9247708956143734,1.441099270194283,1.241042176471197,0.01074167861603803,0.01098448153289053,0.14797594607883785,7597426.290653625,7.528142305109782
Bldg_013_5St,San_Fernando_1971_Pacoima,5.0,1315261.8799432397,20.03360101241618,1.3089278898694292,0.4557281832227655,0.2894843887416233,0.3481690525123016,0.8754262397221849,1073.0399628199511,263052.3759886479,71241185.83983777,75531053.48463854,0.8864078429497019,0.054416184732467,1.17,1.0361741213226916,0.47368625496262196,19.729249200797177,9.42,0.461649004640927,0.28054794520547943,0.8687892060705609,2.1038846577488055,3.6123849060557554,0.3696597616932319,0.7425548769833854,4.665612107444743,2.8353313376848286,0.03241547032136398,0.03937246427339324,0.4967322316657684,11915359.651272867,17.949970053800058
Bldg_030_6St,San_Fernando_1971_Pacoima_scaled_1.20g,6.0,803618.8831084707,23.230058635081644,0.9665504811036845,0.3495748231242845,0.22269020865239064,0.3616725975089393,0.8416871129757246,822.4327678639422,133936.48051807846,84360837.00216389,106695714.94751158,0.5813350525588545,0.04189785227596446,1.2,1.062742688536094,0.48583205637192123,20.75397680557232,9.42,0.461649004640927,0.28054794520547943,1.177969611507517,3.2994621507649877,4.100974717384942,0.2734791260522055,0.9816413429229308,3.4452238828402817,2.093691248951078,0.01891513911995962,0.022561671472584394,0.3930164544156888,7759886.479960292,28.877021208825088
Bldg_024_10St,Imperial_Valley_1979_Array6_scaled_0.26g,10.0,1472843.4642766041,36.34044145556651,2.0004344400541227,0.717530599945387,0.4378108981506229,0.35868738588902416,0.8221546599291161,1100.4113401365657,147284.3464276604,58118273.295337185,70609529.29579926,0.5577347659360052,0.03745343326426224,0.26339999999999997,0.26823347494089234,0.1259599283434734,1.0924121950824885,11.25,0.4646807553227397,0.8192,0.12582917657643206,0.3223165490587705,0.6291551249178958,0.1250829658692606,0.4777113765240398,2.441936572331693,4.304965112369974,0.005823158746807125,0.007303755164838008,0.1582907760990446,1708904.8429102704,3.2933888044285435
Bldg_026_8St,Friuli_1976_Tolmezzo_scaled_0.49g,8.0,1015166.0411593535,27.05742871588174,1.3951200061550888,0.48102600867032974,0.2939048899595255,0.3447918505563,0.8676064061736877,938.4905756798182,126895.75514491918,72720867.3625144,62594538.81860429,1.073553100159606,0.03644826883488745,0.4927999999999999,0.2989388880736565,0.14402106824138175,2.5651342207749837,10.049999999999999,0.42783232247186936,0.3250793650793651,0.23499706429312633,1.0409601751567084,1.1671627144393837,0.11363264698191242,0.4768609259194935,4.291628925184111,3.260903706607675,0.008746519472481935,0.009556690411901936,0.1444970159095074,2217763.308111445,5.633648806458455
Bldg_029_10St,Northridge_1994_Sylmar_scaled_0.51g,10.0,3306559.1027033487,40.85103354718929,2.8470338124293835,1.0055703560634366,0.6133007191000883,0.35319930226096613,0.8447518426005479,1671.293479517068,330655.91027033486,66673572.54055375,62546842.54886757,0.748278909461416,0.032311089590841974,0.5057999999999999,0.498572775156823,0.1972487060448539,3.289727983748639,9.37,0.49317602808065547,0.8192,0.21004308897803609,0.6474707408649373,0.9466406284637767,0.42269071835182637,0.41526905689607774,3.475383071813212,5.772855228810455,0.01888000474543395,0.019332923489627233,0.6104983694642395,5639491.901120733,6.646378217621479
Bldg_029_10St,San_Fernando_1971_Pacoima_scaled_1.20g,10.0,3306559.1027033487,40.85103354718929,2.8470338124293835,1.0055703560634366,0.6133007191000883,0.35319930226096613,0.8447518426005479,1671.293479517068,330655.91027033486,66673572.54055375,62546842.54886757,0.748278909461416,0.032311089590841974,1.2,1.062742688536094,0.48583205637192123,20.75397680557232,9.42,0.461649004640927,0.28054794520547943,0.661496115364794,1.2379043570634665,2.2107412558059516,1.3328112471980136,0.5512467628039951,10.14811856969458,6.167096178716601,0.059459465474150396,0.06071618742370392,1.7794643432014676,18502776.527426217,16.531034624745327
Bldg_011_5St,Friuli_1976_Tolmezzo_scaled_0.21g,5.0,1451852.277223199,20.06527884435787,0.894354941017543,0.30523291686505966,0.19519356971894125,0.34128834410841863,0.8825020573804334,1131.928717571005,290370.4554446398,172350178.34134805,172350178.34134805,1.0,0.05720067339243327,0.2112,0.12811666631728136,0.0617233149605922,0.471147101774997,10.049999999999999,0.42783232247186925,0.3250793650793651,0.18144354489730802,0.45163553620183344,0.3496570276785042,0.03597678474629504,0.8591076936425569,2.7511895158254496,2.0904333170768052,0.003296198991452321,0.003026375963567202,0.04755360209629117,2082870.149179873,3.2674566009797377
Bldg_026_8St,Loma_Prieta_1989_Corralitos_scaled_0.39g,8.0,1015166.0411593535,27.05742871588174,1.3951200061550888,0.48102600867032974,0.2939048899595255,0.3447918505563,0.8676064061736877,938.4905756798182,126895.75514491918,72720867.3625144,62594538.81860429,1.073553100159606,0.03644826883488745,0.3864,0.4116620618934086,0.2396404007189732,2.4907155508996683,11.41,0.6811214742642783,1.0778947368421052,0.43003459167490987,0.6798369986318312,1.2045210794640147,0.20791932593190882,1.1129259618915885,1.2943007869602874,2.0482690076128414,0.0160057570984534,0.01582435364273413,0.2693729612616626,3672261.9830530877,7.890836424252464
Bldg_013_5St,Loma_Prieta_1989_Corralitos,5.0,1315261.8799432397,20.03360101241618,1.3089278898694292,0.4557281832227655,0.2894843887416233,0.3481690525123016,0.8754262397221849,1073.0399628199511,263052.3759886479,71241185.83983777,75531053.48463854,0.8864078429497019,0.054416184732467,0.644,0.6861034364890142,0.3994006678649551,6.918654308054634,11.41,0.6811214742642783,1.0778947368421052,0.7220725129636621,1.1626540706879076,1.8094533592818824,0.30723101051888946,1.121230610192022,1.2143373978280838,1.9217245958707787,0.02694131090752214,0.025541805271608015,0.40982427615692046,7729762.451258371,14.401238939066918
Bldg_018_10St,Northridge_1994_Sylmar,10.0,2641541.8673443226,33.10622970315683,2.979394789620447,0.9999769202777022,0.6053898786112969,0.33563088844801664,0.8685081886935473,1514.6619235213475,264154.18673443224,53343084.94813778,41033142.2677983,1.3333333333333333,0.03095844509284535,0.843,0.8309546252613713,0.3287478434080909,9.138133288190668,9.37,0.4931760280806555,0.8192,0.32745091888670225,1.1090986786594277,1.6881749094769958,0.7217037342263007,0.3884352537208805,3.636956530298397,6.041240084631988,0.04634464753936855,0.051813426531593786,0.9655781926711736,8236468.379796001,9.371609056654897
Bldg_007_7St,Northridge_1994_Sylmar,7.0,674145.3737687075,28.414145282790457,1.5363136806480093,0.5456887561369359,0.34003453867547073,0.3551935799378986,0.8432877429861823,753.9884154879235,96306.48196695822,33097495.190190606,40000000.0,0.6548747595095301,0.027548284333655176,0.843,0.8309546252613713,0.3287478434080909,9.138133288190668,9.37,0.4931760280806555,0.8192,0.7997436168313611,2.1088515016621328,2.592109237955499,0.46903111856845925,0.9486875644500132,1.8753829109472768,3.115142653277454,0.02746023544533585,0.03436786682856648,0.6177612148760351,5580191.777865617,19.070679318086547
Bldg_032_3St,Loma_Prieta_1989_Corralitos_scaled_0.90g,3.0,889774.2410912409,11.958446292640017,0.3812673573069689,0.14020888130339432,0.10215875831193638,0.3677442577139072,0.9141135992098178,901.8618153620312,296591.4136970803,373326647.5121846,395291334.35178196,0.8888683614801923,0.03380330511289547,0.9015999999999998,0.9605448110846201,0.5591609350109363,13.560562443787077,11.41,0.6811214742642782,1.0778947368421052,2.575222016823441,1.5226811917276148,1.9330395590171483,0.09296220706497259,2.8562799654208533,0.3537148334390825,0.5597641121487171,0.013036006087444003,0.012163320196843352,0.11286972482395981,19165622.778572433,32.978514395754424
Bldg_027_8St,San_Fernando_1971_Pacoima_scaled_0.70g,8.0,1236762.7935664188,33.45874608638884,1.9546697610790964,0.6731664591962702,0.41557814763449613,0.3443888438856502,0.8430406960968102,1021.0981179078087,154595.34919580235,44481783.16310389,50477108.5258839,0.7624536928573992,0.03506955879751763,0.7020000000000001,0.621704472793615,0.284211752977573,7.102529712286988,9.42,0.46164900464092706,0.28054794520547943,0.44251095002662183,0.9114179364654826,1.3546178389481045,0.4199413877415162,0.6303574786704014,6.967328738221389,4.2341037052586055,0.02143213841448452,0.023384790403508528,0.5219129350170231,4936823.777848065,7.983245458657148
