building_id,earthquake_id,num_storeys,total_mass_kg,total_height_m,fundamental_period_T1_s,period_T2_s,period_T3_s,period_ratio_T2_T1,first_mode_mass_ratio,first_mode_participation,avg_storey_mass_kg,avg_storey_stiffness_N_m,base_stiffness_N_m,stiffness_taper_ratio,damping_ratio,pga_g,pgv_m_s,pgd_m,arias_intensity_m_s,significant_duration_s,mean_period_Tm_s,predominant_period_Tp_s,Sa_T1_g,Sa_T2_g,Sa_T3_g,Sd_T1_m,Sa_over_PGA,T1_over_Tp,T1_over_Tm,static_drift_proxy,target_max_pidr,target_max_roof_disp_m,target_peak_base_shear_N,target_peak_pfa_m_s2
Bldg_001_9St,El_Centro_1940_NS,9.0,1527742.1397965779,38.35519513262496,2.1413036512544052,0.7346964083904504,0.4502992706525202,0.3431070637553226,0.845007649463895,1136.201476207652,169749.1266440642,50592313.74146908,55675323.882297106,0.8174052780878655,0.05395655297064335,0.348,0.546705574584446,0.18644040753129837,3.1070282308161543,13.060000000000002,0.534173757427226,0.7447272727272727,0.32729952531885537,0.8075586787424279,0.8892409917674279,0.37295569072522644,0.9405158773530328,2.8752856645261793,4.008627570114448,0.01480559726224613,0.019335095513853012,0.49186427060351184,4553324.950942522,8.232686686475684
Bldg_001_9St,El_Centro_1940_NS_scaled_0.21g,9.0,1527742.1397965779,38.35519513262496,2.1413036512544052,0.7346964083904504,0.4502992706525202,0.3431070637553226,0.845007649463895,1136.201476207652,169749.1266440642,50592313.74146908,55675323.882297106,0.8174052780878655,0.05395655297064335,0.2088,0.3280233447506678,0.11186424451877919,1.1185301630938156,13.060000000000002,0.5341737574272261,0.7447272727272727,0.19637971519131214,0.4845352072454637,0.5335445950604585,0.22377341443513502,0.9405158773530274,2.8752856645261793,4.008627570114447,0.008883358357347628,0.011601057308312446,0.2951185623621404,2731994.9705656595,4.939612011883241
Bldg_001_9St,El_Centro_1940_NS_scaled_0.49g,9.0,1527742.1397965779,38.35519513262496,2.1413036512544052,0.7346964083904504,0.4502992706525202,0.3431070637553226,0.845007649463895,1136.201476207652,169749.1266440642,50592313.74146908,55675323.882297106,0.8174052780878655,0.05395655297064335,0.4871999999999999,0.7653878044182246,0.26101657054381694,6.089775332399659,13.060000000000002,0.5341737574272261,0.7447272727272727,0.45821933544638493,1.1305821502394144,1.2449373884744017,0.5221379670153001,0.940515877353007,2.8752856645261793,4.008627570114447,0.02072783616714401,0.027069133719397204,0.6886099788449906,6374654.931319952,11.525761361068493
Bldg_001_9St,Northridge_1994_Sylmar,9.0,1527742.1397965779,38.35519513262496,2.1413036512544052,0.7346964083904504,0.4502992706525202,0.3431070637553226,0.845007649463895,1136.201476207652,169749.1266440642,50592313.74146908,55675323.882297106,0.8174052780878655,0.05395655297064335,0.843,0.8309546252613713,0.3287478434080909,9.138133288190668,9.37,0.4931760280806555,0.8192,0.3548603525007118,1.2571878424788003,1.390239931275114,0.4040197146329296,0.4209494098466332,2.6138960586601625,4.341864829861945,0.016052328393528416,0.02182636782943982,0.5818860216040983,4800625.575848499,10.241362049311132
Bldg_001_9St,Northridge_1994_Sylmar_scaled_0.51g,9.0,1527742.1397965779,38.35519513262496,2.1413036512544052,0.7346964083904504,0.4502992706525202,0.3431070637553226,0.845007649463895,1136.201476207652,169749.1266440642,50592313.74146908,55675323.882297106,0.8174052780878655,0.05395655297064335,0.5057999999999999,0.498572775156823,0.1972487060448539,3.289727983748639,9.37,0.49317602808065547,0.8192,0.21291621150044016,0.7543127054872654,0.8341439587650636,0.24241182877977221,0.42094940984665913,2.6138960586601625,4.3418648298619456,0.009631397036117642,0.013095820697664642,0.3491316129624601,2880375.345509218,6.144817229591255
Bldg_001_9St,Northridge_1994_Sylmar_scaled_1.18g,9.0,1527742.1397965779,38.35519513262496,2.1413036512544052,0.7346964083904504,0.4502992706525202,0.3431070637553226,0.845007649463895,1136.201476207652,169749.1266440642,50592313.74146908,55675323.882297106,0.8174052780878655,0.05395655297064335,1.1802,1.163336475365919,0.4602469807713281,17.910741244853703,9.37,0.4931760280806554,0.8192,0.4968044935010111,1.7600629794702805,1.9463359037851486,0.5656276004861195,0.4209494098466456,2.6138960586601625,4.341864829861946,0.02247325975094044,0.030556914961215646,0.8146404302457412,6720875.80618819,14.337906869041907
Bldg_001_9St,Loma_Prieta_1989_Corralitos,9.0,1527742.1397965779,38.35519513262496,2.1413036512544052,0.7346964083904504,0.4502992706525202,0.3431070637553226,0.845007649463895,1136.201476207652,169749.1266440642,50592313.74146908,55675323.882297106,0.8174052780878655,0.05395655297064335,0.644,0.6861034364890142,0.3994006678649551,6.918654308054634,11.41,0.6811214742642783,1.0778947368421052,0.3987410240564193,1.0346377794840995,1.1735961453182537,0.455866009976936,0.6191630808329492,1.9865610045817237,3.143791132950786,0.018037297818759894,0.022741464491731558,0.583604411597861,5592561.544724286,9.871558296996756
Bldg_001_9St,Loma_Prieta_1989_Corralitos_scaled_0.39g,9.0,1527742.1397965779,38.35519513262496,2.1413036512544052,0.7346964083904504,0.4502992706525202,0.3431070637553226,0.845007649463895,1136.201476207652,169749.1266440642,50592313.74146908,55675323.882297106,0.8174052780878655,0.05395655297064335,0.3864,0.4116620618934086,0.2396404007189732,2.4907155508996683,11.41,0.6811214742642783,1.0778947368421052,0.2392446144338273,0.620782667690478,0.7041576871909423,0.2735196059861332,0.6191630808328864,1.9865610045817237,3.143791132950786,0.01082237869125484,0.013644878695039234,0.3501626469587144,3355536.9268346825,5.922934978198322
Bldg_001_9St,Loma_Prieta_1989_Corralitos_scaled_0.90g,9.0,1527742.1397965779,38.35519513262496,2.1413036512544052,0.7346964083904504,0.4502992706525202,0.3431070637553226,0.845007649463895,1136.201476207652,169749.1266440642,50592313.74146908,55675323.882297106,0.8174052780878655,0.05395655297064335,0.9015999999999998,0.9605448110846201,0.5591609350109363,13.560562443787077,11.41,0.6811214742642782,1.0778947368421052,0.5582374336789668,1.44849289127779,1.643034603445533,0.6382124139676867,0.6191630808329269,1.9865610045817237,3.143791132950787,0.02525221694626294,0.031838050288424714,0.8170461762370121,7829586.162614357,13.820181615793869
Bldg_001_9St,San_Fernando_1971_Pacoima,9.0,1527742.1397965779,38.35519513262496,2.1413036512544052,0.7346964083904504,0.4502992706525202,0.3431070637553226,0.845007649463895,1136.201476207652,169749.1266440642,50592313.74146908,55675323.882297106,0.8174052780878655,0.05395655297064335,1.17,1.0361741213226916,0.47368625496262196,19.729249200797177,9.42,0.461649004640927,0.28054794520547943,0.5237498205325157,1.3293400179546981,2.0751124109630488,0.5944767992516916,0.4476494192585605,7.632576491287676,4.6383803056608395,0.02369214835073087,0.02921059507060127,0.7814363300937588,6542885.193857717,11.305643830044279
Bldg_001_9St,San_Fernando_1971_Pacoima_scaled_0.70g,9.0,1527742.1397965779,38.35519513262496,2.1413036512544052,0.7346964083904504,0.4502992706525202,0.3431070637553226,0.845007649463895,1136.201476207652,169749.1266440642,50592313.74146908,55675323.882297106,0.8174052780878655,0.05395655297064335,0.7020000000000001,0.621704472793615,0.284211752977573,7.102529712286988,9.42,0.46164900464092706,0.28054794520547943,0.31424989231952427,0.7976040107728362,1.2450674465778206,0.3566860795510307,0.44764941925858154,7.632576491287676,4.638380305660839,0.014215289010439194,0.01752635704236116,0.4688617980562687,3925731.1163145825,6.783386298028489
Bldg_001_9St,San_Fernando_1971_Pacoima_scaled_1.20g,9.0,1527742.1397965779,38.35519513262496,2.1413036512544052,0.7346964083904504,0.4502992706525202,0.3431070637553226,0.845007649463895,1136.201476207652,169749.1266440642,50592313.74146908,55675323.882297106,0.8174052780878655,0.05395655297064335,1.2,1.062742688536094,0.48583205637192123,20.75397680557232,9.42,0.461649004640927,0.28054794520547943,0.5371793031103317,1.3634256594407443,2.128320421500544,0.6097197941043644,0.44764941925860974,7.632576491287676,4.6383803056608395,0.02429963933408562,0.029959584687795873,0.8014731590705317,6710651.480879806,11.595532133383704
Bldg_001_9St,Imperial_Valley_1979_Array6,9.0,1527742.1397965779,38.35519513262496,2.1413036512544052,0.7346964083904504,0.4502992706525202,0.3431070637553226,0.845007649463895,1136.201476207652,169749.1266440642,50592313.74146908,55675323.882297106,0.8174052780878655,0.05395655297064335,0.439,0.4470557915681539,0.20993321390578878,3.03447831967358,11.25,0.4646807553227397,0.8192,0.191177081152383,0.48727371506909994,0.915327192073861,0.21805360377097222,0.4354831005749043,2.6138960586601625,4.608117781351162,0.008648013976055914,0.010961475700018165,0.2785272720865759,2425641.4553618645,4.715282525220677
Bldg_001_9St,Imperial_Valley_1979_Array6_scaled_0.26g,9.0,1527742.1397965779,38.35519513262496,2.1413036512544052,0.7346964083904504,0.4502992706525202,0.3431070637553226,0.845007649463895,1136.201476207652,169749.1266440642,50592313.74146908,55675323.882297106,0.8174052780878655,0.05395655297064335,0.26339999999999997,0.26823347494089234,0.1259599283434734,1.0924121950824885,11.25,0.4646807553227397,0.8192,0.11470624869144297,0.29236422904145515,0.5491963152443294,0.13083216226259803,0.4354831005749544,2.6138960586601625,4.608117781351162,0.005188808385634144,0.006576885420011366,0.16711636325195733,1455384.873217266,2.829169515128876
Bldg_001_9St,Imperial_Valley_1979_Array6_scaled_0.61g,9.0,1527742.1397965779,38.35519513262496,2.1413036512544052,0.7346964083904504,0.4502992706525202,0.3431070637553226,0.845007649463895,1136.201476207652,169749.1266440642,50592313.74146908,55675323.882297106,0.8174052780878655,0.05395655297064335,0.6145999999999999,0.6258781081954151,0.2939064994681046,5.947577506560213,11.25,0.46468075532273967,0.8192,0.26764791361334694,0.682183201096744,1.2814580689034107,0.3052750452793742,0.43548310057492184,2.6138960586601625,4.608117781351162,0.012107219566478764,0.015346065980026597,0.3899381809212275,3395898.0375068286,6.6013955353029266
Bldg_001_9St,Friuli_1976_Tolmezzo,9.0,1527742.1397965779,38.35519513262496,2.1413036512544052,0.7346964083904504,0.4502992706525202,0.3431070637553226,0.845007649463895,1136.201476207652,169749.1266440642,50592313.74146908,55675323.882297106,0.8174052780878655,0.05395655297064335,0.352,0.21352777719546898,0.102872191600987,1.308741949374992,10.049999999999999,0.4278323224718693,0.3250793650793651,0.09138342907062816,0.4329707414779057,0.6465383436740626,0.1043241527610799,0.25961201440519366,6.58701806782361,5.005006725257883,0.00413378615793798,0.005176167910267932,0.13489281568301634,1288333.8507418777,3.0566347302970165
Bldg_001_9St,Friuli_1976_Tolmezzo_scaled_0.21g,9.0,1527742.1397965779,38.35519513262496,2.1413036512544052,0.7346964083904504,0.4502992706525202,0.3431070637553226,0.845007649463895,1136.201476207652,169749.1266440642,50592313.74146908,55675323.882297106,0.8174052780878655,0.05395655297064335,0.2112,0.12811666631728136,0.0617233149605922,0.471147101774997,10.049999999999999,0.42783232247186925,0.3250793650793651,0.054830057442380335,0.2597824448867482,0.3879230062044416,0.06259449165665183,0.2596120144052099,6.58701806782361,5.005006725257884,0.0024802716947629434,0.003105700746160533,0.08093568940980637,773000.3104450441,1.8339808381782279
Bldg_001_9St,Friuli_1976_Tolmezzo_scaled_0.49g,9.0,1527742.1397965779,38.35519513262496,2.1413036512544052,0.7346964083904504,0.4502992706525202,0.3431070637553226,0.845007649463895,1136.201476207652,169749.1266440642,50592313.74146908,55675323.882297106,0.8174052780878655,0.05395655297064335,0.4927999999999999,0.2989388880736565,0.14402106824138175,2.5651342207749837,10.049999999999999,0.42783232247186936,0.3250793650793651,0.12793680069886937,0.6061590380690713,0.9051536811436871,0.14605381386549943,0.2596120144051733,6.58701806782361,5.005006725257882,0.005787300621112716,0.007246635074374409,0.18884994195621968,1803667.3910384693,4.279288622414949
Bldg_002_6St,El_Centro_1940_NS,6.0,650483.7733847327,22.938348273347064,1.3796942775133207,0.4892396143506448,0.30631666469100405,0.35460001706495536,0.857522015391217,746.8628765256442,108413.96223078878,35753014.44204229,40000000.0,0.787650722102115,0.04779139732158818,0.348,0.546705574584446,0.18644040753129837,3.1070282308161543,13.060000000000002,0.534173757427226,0.7447272727272727,0.34167117873176456,0.8485454225974975,0.9922533969651344,0.16144872773275112,0.9818137319878293,1.8526168277156407,2.582856717182116,0.010753391452298616,0.013152811892448546,0.2170288889031541,1828537.9522133796,6.646165066229677
Bldg_002_6St,El_Centro_1940_NS_scaled_0.21g,6.0,650483.7733847327,22.938348273347064,1.3796942775133207,0.4892396143506448,0.30631666469100405,0.35460001706495536,0.857522015391217,746.8628765256442,108413.96223078878,35753014.44204229,40000000.0,0.787650722102115,0.04779139732158818,0.2088,0.3280233447506678,0.11186424451877919,1.1185301630938156,13.060000000000002,0.5341737574272261,0.7447272727272727,0.20500270723906946,0.509127253558498,0.5953520381790786,0.09686923663965584,0.9818137319878805,1.8526168277156407,2.5828567171821155,0.006452034871379509,0.007891687135468834,0.13021733334188837,1097122.771328092,3.9876990397375836
Bldg_002_6St,El_Centro_1940_NS_scaled_0.49g,6.0,650483.7733847327,22.938348273347064,1.3796942775133207,0.4892396143506448,0.30631666469100405,0.35460001706495536,0.857522015391217,746.8628765256442,108413.96223078878,35753014.44204229,40000000.0,0.787650722102115,0.04779139732158818,0.4871999999999999,0.7653878044182246,0.26101657054381694,6.089775332399659,13.060000000000002,0.5341737574272261,0.7447272727272727,0.4783396502244638,1.1879635916364937,1.389154755751193,0.2260282188258486,0.9818137319878159,1.8526168277156407,2.5828567171821155,0.015054748033217857,0.018413936649426955,0.30384044446440445,2559953.133098726,9.304631092721085
Bldg_002_6St,Northridge_1994_Sylmar,6.0,650483.7733847327,22.938348273347064,1.3796942775133207,0.4892396143506448,0.30631666469100405,0.35460001706495536,0.857522015391217,746.8628765256442,108413.96223078878,35753014.44204229,40000000.0,0.787650722102115,0.04779139732158818,0.843,0.8309546252613713,0.3287478434080909,9.138133288190668,9.37,0.4931760280806555,0.8192,0.6444186238155772,1.5564525599512267,1.684332026234527,0.304769807962138,0.7644349036958212,1.6841971161051277,2.797569628197097,0.02028173914686772,0.02191986100986796,0.41673665027503953,3365486.0206324696,13.985410366395604
Bldg_002_6St,Northridge_1994_Sylmar_scaled_0.51g,6.0,650483.7733847327,22.938348273347064,1.3796942775133207,0.4892396143506448,0.30631666469100405,0.35460001706495536,0.857522015391217,746.8628765256442,108413.96223078878,35753014.44204229,40000000.0,0.787650722102115,0.04779139732158818,0.5057999999999999,0.498572775156823,0.1972487060448539,3.289727983748639,9.37,0.49317602808065547,0.8192,0.3866511742893862,0.9338715359707351,1.0105992157407158,0.18286188477730175,0.7644349036959002,1.6841971161051277,2.7975696281970976,0.012169043488121888,0.013151916605921564,0.250041990165023,2019291.6123793458,8.391246219837551
Bldg_002_6St,Northridge_1994_Sylmar_scaled_1.18g,6.0,650483.7733847327,22.938348273347064,1.3796942775133207,0.4892396143506448,0.30631666469100405,0.35460001706495536,0.857522015391217,746.8628765256442,108413.96223078878,35753014.44204229,40000000.0,0.787650722102115,0.04779139732158818,1.1802,1.163336475365919,0.4602469807713281,17.910741244853703,9.37,0.4931760280806554,0.8192,0.9021860733418695,2.1790335839317034,2.358064836728338,0.42667773114702223,0.7644349036958732,1.6841971161051277,2.797569628197098,0.02839443480561674,0.030687805413819574,0.5834313103850841,4711680.428885038,19.57957451295472
Bldg_002_6St,Loma_Prieta_1989_Corralitos,6.0,650483.7733847327,22.938348273347064,1.3796942775133207,0.4892396143506448,0.30631666469100405,0.35460001706495536,0.857522015391217,746.8628765256442,108413.96223078878,35753014.44204229,40000000.0,0.787650722102115,0.04779139732158818,0.644,0.6861034364890142,0.3994006678649551,6.918654308054634,11.41,0.6811214742642783,1.0778947368421052,0.6543748122142905,0.9600632813250735,1.6249766568481303,0.30946430030398875,1.0161099568544882,1.2799898082398973,2.0256214634894816,0.020595089519648942,0.022385125777867276,0.40843913454577546,3611460.1011120803,13.30017788991331
Bldg_002_6St,Loma_Prieta_1989_Corralitos_scaled_0.39g,6.0,650483.7733847327,22.938348273347064,1.3796942775133207,0.4892396143506448,0.30631666469100405,0.35460001706495536,0.857522015391217,746.8628765256442,108413.96223078878,35753014.44204229,40000000.0,0.787650722102115,0.04779139732158818,0.3864,0.4116620618934086,0.2396404007189732,2.4907155508996683,11.41,0.6811214742642783,1.0778947368421052,0.39262488732859263,0.5760379687950502,0.9749859941088802,0.185678580182402,1.0161099568545358,1.2799898082398973,2.0256214634894816,0.012357053711789943,0.013431075466720543,0.24506348072747378,2166876.0606671767,7.980106733947686
Bldg_002_6St,Loma_Prieta_1989_Corralitos_scaled_0.90g,6.0,650483.7733847327,22.938348273347064,1.3796942775133207,0.4892396143506448,0.30631666469100405,0.35460001706495536,0.857522015391217,746.8628765256442,108413.96223078878,35753014.44204229,40000000.0,0.787650722102115,0.04779139732158818,0.9015999999999998,0.9605448110846201,0.5591609350109363,13.560562443787077,11.41,0.6811214742642782,1.0778947368421052,0.9161247370999881,1.3440885938551095,2.2749673195873807,0.4332500204255754,1.0161099568544678,1.2799898082398973,2.025621463489482,0.02883312532750793,0.03133917608901282,0.5718147883640811,5056044.141556631,18.620249045878484
Bldg_002_6St,San_Fernando_1971_Pacoima,6.0,650483.7733847327,22.938348273347064,1.3796942775133207,0.4892396143506448,0.30631666469100405,0.35460001706495536,0.857522015391217,746.8628765256442,108413.96223078878,35753014.44204229,40000000.0,0.787650722102115,0.04779139732158818,1.17,1.0361741213226916,0.47368625496262196,19.729249200797177,9.42,0.461649004640927,0.28054794520547943,0.7527358201548469,2.6794745309312638,2.8925201397530933,0.35555799045379965,0.6433639488502965,4.917855579026973,2.988621796307032,0.023690798165469002,0.031569147215606795,0.4302790772109567,5486914.113861348,17.79742152162272
Bldg_002_6St,San_Fernando_1971_Pacoima_scaled_0.70g,6.0,650483.7733847327,22.938348273347064,1.3796942775133207,0.4892396143506448,0.30631666469100405,0.35460001706495536,0.857522015391217,746.8628765256442,108413.96223078878,35753014.44204229,40000000.0,0.787650722102115,0.04779139732158818,0.7020000000000001,0.621704472793615,0.284211752977573,7.102529712286988,9.42,0.46164900464092706,0.28054794520547943,0.45164149209289856,1.6076847185587277,1.7355120838518487,0.21333479427227525,0.6433639488502828,4.917855579026973,2.988621796307032,0.014214478899281102,0.018941488329364337,0.25816744632656796,3292148.468316854,10.678452912972377
Bldg_002_6St,San_Fernando_1971_Pacoima_scaled_1.20g,6.0,650483.7733847327,22.938348273347064,1.3796942775133207,0.4892396143506448,0.30631666469100405,0.35460001706495536,0.857522015391217,746.8628765256442,108413.96223078878,35753014.44204229,40000000.0,0.787650722102115,0.04779139732158818,1.2,1.062742688536094,0.48583205637192123,20.75397680557232,9.42,0.461649004640927,0.28054794520547943,0.7720367386203357,2.7481790060833005,2.9666873228236867,0.36467486200388743,0.6433639488502798,4.917855579026973,2.988621796307032,0.024298254528685528,0.03237861252882726,0.4413118740625165,5627604.2193449335,18.25376566319962
Bldg_002_6St,Imperial_Valley_1979_Array6,6.0,650483.7733847327,22.938348273347064,1.3796942775133207,0.4892396143506448,0.30631666469100405,0.35460001706495536,0.857522015391217,746.8628765256442,108413.96223078878,35753014.44204229,40000000.0,0.787650722102115,0.04779139732158818,0.439,0.4470557915681539,0.20993321390578878,3.03447831967358,11.25,0.4646807553227397,0.8192,0.22249941708340643,1.0628935583658796,1.0356048697384763,0.10523261720920189,0.5068323851558233,1.6841971161051277,2.969122912256323,0.00700270751161163,0.008589877075140185,0.14469439861956487,1303381.7717508532,6.9962744509077535
Bldg_002_6St,Imperial_Valley_1979_Array6_scaled_0.26g,6.0,650483.7733847327,22.938348273347064,1.3796942775133207,0.4892396143506448,0.30631666469100405,0.35460001706495536,0.857522015391217,746.8628765256442,108413.96223078878,35753014.44204229,40000000.0,0.787650722102115,0.04779139732158818,0.26339999999999997,0.26823347494089234,0.1259599283434734,1.0924121950824885,11.25,0.4646807553227397,0.8192,0.13349965025004312,0.6377361350195301,0.6213629218430847,0.06313957032552078,0.5068323851558205,1.6841971161051277,2.969122912256323,0.0042016245069669556,0.005153926245084074,0.08681663917173874,782029.0630505512,4.197764670544138
Bldg_002_6St,Imperial_Valley_1979_Array6_scaled_0.61g,6.0,650483.7733847327,22.938348273347064,1.3796942775133207,0.4892396143506448,0.30631666469100405,0.35460001706495536,0.857522015391217,746.8628765256442,108413.96223078878,35753014.44204229,40000000.0,0.787650722102115,0.04779139732158818,0.6145999999999999,0.6258781081954151,0.2939064994681046,5.947577506560213,11.25,0.46468075532273967,0.8192,0.31149918391676507,1.4880509817122431,1.449846817633863,0.14732566409288084,0.506832385155817,1.6841971161051277,2.969122912256323,0.009803790516256157,0.01202582790519632,0.2025721580673888,1824734.4804511792,9.794784231269754
Bldg_002_6St,Friuli_1976_Tolmezzo,6.0,650483.7733847327,22.938348273347064,1.3796942775133207,0.4892396143506448,0.30631666469100405,0.35460001706495536,0.857522015391217,746.8628765256442,108413.96223078878,35753014.44204229,40000000.0,0.787650722102115,0.04779139732158818,0.352,0.21352777719546898,0.102872191600987,1.308741949374992,10.049999999999999,0.4278323224718693,0.3250793650793651,0.1520039483305203,0.6608230259825184,0.8271037071372527,0.0719333095262266,0.4318293986662509,4.244176732584922,3.2248481590682947,0.004784008896390697,0.005725413130256812,0.08890604879467168,995112.4082491104,3.8292036819831208
Bldg_002_6St,Friuli_1976_Tolmezzo_scaled_0.21g,6.0,650483.7733847327,22.938348273347064,1.3796942775133207,0.4892396143506448,0.30631666469100405,0.35460001706495536,0.857522015391217,746.8628765256442,108413.96223078878,35753014.44204229,40000000.0,0.787650722102115,0.04779139732158818,0.2112,0.12811666631728136,0.0617233149605922,0.471147101774997,10.049999999999999,0.42783232247186925,0.3250793650793651,0.09120236899831381,0.39649381558950264,0.49626222428234823,0.04315998571573677,0.4318293986662586,4.244176732584922,3.224848159068295,0.00287040533783447,0.003435247878154093,0.05334362927680183,597067.4449494673,2.297522209190096
Bldg_002_6St,Friuli_1976_Tolmezzo_scaled_0.49g,6.0,650483.7733847327,22.938348273347064,1.3796942775133207,0.4892396143506448,0.30631666469100405,0.35460001706495536,0.857522015391217,746.8628765256442,108413.96223078878,35753014.44204229,40000000.0,0.787650722102115,0.04779139732158818,0.4927999999999999,0.2989388880736565,0.14402106824138175,2.5651342207749837,10.049999999999999,0.42783232247186936,0.3250793650793651,0.21280552766273414,0.9251522363755309,1.1579451899921573,0.10070663333671995,0.4318293986662625,4.244176732584922,3.2248481590682943,0.006697612454947157,0.00801557838235973,0.12446846831253873,1393157.3715487882,5.360885154776384
Bldg_003_7St,El_Centro_1940_NS,7.0,1916270.4866929152,21.004371166760656,1.7280142136463181,0.5969958868135233,0.3709851306358629,0.34548088904534535,0.8517525842969699,1277.5712658214816,273752.92667041643,76957987.31765112,83542359.52837032,0.8423704513999704,0.03410275425336676,0.348,0.546705574584446,0.18644040753129837,3.1070282308161543,13.060000000000002,0.534173757427226,0.7447272727272727,0.2427420476376153,0.8797121831893772,0.8034268395454639,0.18005282681626034,0.6975346196483199,2.320331585706726,3.234929064971405,0.015499495999058607,0.017028323531731792,0.2523136037205919,4268647.317397928,6.716222598398456
Bldg_003_7St,El_Centro_1940_NS_scaled_0.21g,7.0,1916270.4866929152,21.004371166760656,1.7280142136463181,0.5969958868135233,0.3709851306358629,0.34548088904534535,0.8517525842969699,1277.5712658214816,273752.92667041643,76957987.31765112,83542359.52837032,0.8423704513999704,0.03410275425336676,0.2088,0.3280233447506678,0.11186424451877919,1.1185301630938156,13.060000000000002,0.5341737574272261,0.7447272727272727,0.14564522858255888,0.5278273099136326,0.4820561037272842,0.10803169608974855,0.6975346196482705,2.320331585706726,3.2349290649714044,0.009299697599434505,0.010216994119039575,0.1513881622323661,2561188.3904388817,4.029733559040126
Bldg_003_7St,El_Centro_1940_NS_scaled_0.49g,7.0,1916270.4866929152,21.004371166760656,1.7280142136463181,0.5969958868135233,0.3709851306358629,0.34548088904534535,0.8517525842969699,1277.5712658214816,273752.92667041643,76957987.31765112,83542359.52837032,0.8423704513999704,0.03410275425336676,0.4871999999999999,0.7653878044182246,0.26101657054381694,6.089775332399659,13.060000000000002,0.5341737574272261,0.7447272727272727,0.339838866692626,1.2315970564651366,1.1247975753636466,0.25207395754273815,0.6975346196482471,2.320331585706726,3.2349290649714044,0.021699294398679788,0.02383965294442609,0.35323904520883614,5976106.244357495,9.402711637761714
Bldg_003_7St,Northridge_1994_Sylmar,7.0,1916270.4866929152,21.004371166760656,1.7280142136463181,0.5969958868135233,0.3709851306358629,0.34548088904534535,0.8517525842969699,1277.5712658214816,273752.92667041643,76957987.31765112,83542359.52837032,0.8423704513999704,0.03410275425336676,0.843,0.8309546252613713,0.3287478434080909,9.138133288190668,9.37,0.4931760280806555,0.8192,0.6813298945220709,1.691459718347478,2.6637574046389534,0.505364247659346,0.8082205154472966,2.109392350642478,3.5038487583660767,0.04350408211909407,0.04655637974325492,0.6855018077619774,11670718.208311671,17.66382732353957
Bldg_003_7St,Northridge_1994_Sylmar_scaled_0.51g,7.0,1916270.4866929152,21.004371166760656,1.7280142136463181,0.5969958868135233,0.3709851306358629,0.34548088904534535,0.8517525842969699,1277.5712658214816,273752.92667041643,76957987.31765112,83542359.52837032,0.8423704513999704,0.03410275425336676,0.5057999999999999,0.498572775156823,0.1972487060448539,3.289727983748639,9.37,0.49317602808065547,0.8192,0.4087979367132627,1.0148758310084605,1.5982544427833911,0.3032185485956225,0.8082205154473364,2.109392350642478,3.5038487583660767,0.026102449271457728,0.02793382784595918,0.4113010846572025,7002430.924988564,10.598296394127853
Bldg_003_7St,Northridge_1994_Sylmar_scaled_1.18g,7.0,1916270.4866929152,21.004371166760656,1.7280142136463181,0.5969958868135233,0.3709851306358629,0.34548088904534535,0.8517525842969699,1277.5712658214816,273752.92667041643,76957987.31765112,83542359.52837032,0.8423704513999704,0.03410275425336676,1.1802,1.163336475365919,0.4602469807713281,17.910741244853703,9.37,0.4931760280806554,0.8192,0.9538618523308339,2.368043605686456,3.7292603664945303,0.7075099467230357,0.808220515447241,2.109392350642478,3.503848758366077,0.06090571496672752,0.06517893164056339,0.9597025308668065,16339005.49163797,24.72935825296218
Bldg_003_7St,Loma_Prieta_1989_Corralitos,7.0,1916270.4866929152,21.004371166760656,1.7280142136463181,0.5969958868135233,0.3709851306358629,0.34548088904534535,0.8517525842969699,1277.5712658214816,273752.92667041643,76957987.31765112,83542359.52837032,0.8423704513999704,0.03410275425336676,0.644,0.6861034364890142,0.3994006678649551,6.918654308054634,11.41,0.6811214742642783,1.0778947368421052,0.6175396900440611,1.3250771158511696,1.86116862462383,0.4580584475461324,0.958912562180219,1.6031381864882834,2.537013262594391,0.03943096817485446,0.04858800369174863,0.5564428668845506,12180004.169524383,10.832705241811906
Bldg_003_7St,Loma_Prieta_1989_Corralitos_scaled_0.39g,7.0,1916270.4866929152,21.004371166760656,1.7280142136463181,0.5969958868135233,0.3709851306358629,0.34548088904534535,0.8517525842969699,1277.5712658214816,273752.92667041643,76957987.31765112,83542359.52837032,0.8423704513999704,0.03410275425336676,0.3864,0.4116620618934086,0.2396404007189732,2.4907155508996683,11.41,0.6811214742642783,1.0778947368421052,0.3705238140264107,0.7950462695107186,1.1167011747743139,0.2748350685276602,0.9589125621801519,1.6031381864882834,2.537013262594391,0.023658580904911027,0.02915280221505183,0.3338657201307276,7308002.501715294,6.499623145088583
Bldg_003_7St,Loma_Prieta_1989_Corralitos_scaled_0.90g,7.0,1916270.4866929152,21.004371166760656,1.7280142136463181,0.5969958868135233,0.3709851306358629,0.34548088904534535,0.8517525842969699,1277.5712658214816,273752.92667041643,76957987.31765112,83542359.52837032,0.8423704513999704,0.03410275425336676,0.9015999999999998,0.9605448110846201,0.5591609350109363,13.560562443787077,11.41,0.6811214742642782,1.0778947368421052,0.8645555660617031,1.8551079621916398,2.605636074473395,0.6412818265645984,0.9589125621802388,1.6031381864882834,2.5370132625943915,0.05520335544479738,0.06802320516845116,0.7790200136383767,17052005.83733491,15.165787338536852
Bldg_003_7St,San_Fernando_1971_Pacoima,7.0,1916270.4866929152,21.004371166760656,1.7280142136463181,0.5969958868135233,0.3709851306358629,0.34548088904534535,0.8517525842969699,1277.5712658214816,273752.92667041643,76957987.31765112,83542359.52837032,0.8423704513999704,0.03410275425336676,1.17,1.0361741213226916,0.47368625496262196,19.729249200797177,9.42,0.461649004640927,0.28054794520547943,0.6331961874640105,2.5219520100853305,2.732288065345502,0.46968435255067,0.5411933226188125,6.1594256638760365,3.743134277935629,0.04043066238309502,0.05551485328022496,0.5796220334199803,13916421.607140528,21.150102872109418
Bldg_003_7St,San_Fernando_1971_Pacoima_scaled_0.70g,7.0,1916270.4866929152,21.004371166760656,1.7280142136463181,0.5969958868135233,0.3709851306358629,0.34548088904534535,0.8517525842969699,1277.5712658214816,273752.92667041643,76957987.31765112,83542359.52837032,0.8423704513999704,0.03410275425336676,0.7020000000000001,0.621704472793615,0.284211752977573,7.102529712286988,9.42,0.46164900464092706,0.28054794520547943,0.37991771247838096,1.513171206051151,1.6393728392072981,0.28181061153038317,0.5411933226187763,6.1594256638760365,3.7431342779356287,0.0242583974298554,0.03330891196813648,0.34777322005199496,8349852.964284693,12.690061723266542
Bldg_003_7St,San_Fernando_1971_Pacoima_scaled_1.20g,7.0,1916270.4866929152,21.004371166760656,1.7280142136463181,0.5969958868135233,0.3709851306358629,0.34548088904534535,0.8517525842969699,1277.5712658214816,273752.92667041643,76957987.31765112,83542359.52837032,0.8423704513999704,0.03410275425336676,1.2,1.062742688536094,0.48583205637192123,20.75397680557232,9.42,0.461649004640927,0.28054794520547943,0.6494319871424382,2.586617446241407,2.8023467336877346,0.4817275410775088,0.5411933226186986,6.1594256638760365,3.743134277935629,0.04146734603393489,0.056938311056639844,0.594484136841031,14273252.930400256,21.692413202166094
Bldg_003_7St,Imperial_Valley_1979_Array6,7.0,1916270.4866929152,21.004371166760656,1.7280142136463181,0.5969958868135233,0.3709851306358629,0.34548088904534535,0.8517525842969699,1277.5712658214816,273752.92667041643,76957987.31765112,83542359.52837032,0.8423704513999704,0.03410275425336676,0.439,0.4470557915681539,0.20993321390578878,3.03447831967358,11.25,0.4646807553227397,0.8192,0.27102787382036486,0.8175950748123982,1.2259584292559838,0.20103091529733186,0.617375566788986,2.109392350642478,3.7187126728459883,0.017305594505750355,0.021514054537009903,0.26357889798373574,5393126.987200264,7.129173027851308
Bldg_003_7St,Imperial_Valley_1979_Array6_scaled_0.26g,7.0,1916270.4866929152,21.004371166760656,1.7280142136463181,0.5969958868135233,0.3709851306358629,0.34548088904534535,0.8517525842969699,1277.5712658214816,273752.92667041643,76957987.31765112,83542359.52837032,0.8423704513999704,0.03410275425336676,0.26339999999999997,0.26823347494089234,0.1259599283434734,1.0924121950824885,11.25,0.4646807553227397,0.8192,0.1626167242922396,0.49055704488743873,0.7355750575536056,0.12061854917841447,0.6173755667890647,2.109392350642478,3.7187126728459883,0.010383356703451533,0.012908432722205782,0.1581473387902501,3235876.1923201187,4.277503816710835
Bldg_003_7St,Imperial_Valley_1979_Array6_scaled_0.61g,7.0,1916270.4866929152,21.004371166760656,1.7280142136463181,0.5969958868135233,0.3709851306358629,0.34548088904534535,0.8517525842969699,1277.5712658214816,273752.92667041643,76957987.31765112,83542359.52837032,0.8423704513999704,0.03410275425336676,0.6145999999999999,0.6258781081954151,0.2939064994681046,5.947577506560213,11.25,0.46468075532273967,0.8192,0.3794390233485325,1.1446331047373672,1.716341800958393,0.2814432814162807,0.6173755667890214,2.109392350642478,3.7187126728459887,0.02422783230805188,0.0301196763518133,0.36901045717725295,7550377.7820802275,9.980842238995985
Bldg_003_7St,Friuli_1976_Tolmezzo,7.0,1916270.4866929152,21.004371166760656,1.7280142136463181,0.5969958868135233,0.3709851306358629,0.34548088904534535,0.8517525842969699,1277.5712658214816,273752.92667041643,76957987.31765112,83542359.52837032,0.8423704513999704,0.03410275425336676,0.352,0.21352777719546898,0.102872191600987,1.308741949374992,10.049999999999999,0.4278323224718693,0.3250793650793651,0.1858545129220618,0.5390460322108539,0.8157772701632675,0.13785619361085227,0.5279957753467664,5.315668723619045,4.038998745261791,0.011867129355944746,0.013054871355656748,0.17497097406479747,3272585.318657719,4.422478615424657
Bldg_003_7St,Friuli_1976_Tolmezzo_scaled_0.21g,7.0,1916270.4866929152,21.004371166760656,1.7280142136463181,0.5969958868135233,0.3709851306358629,0.34548088904534535,0.8517525842969699,1277.5712658214816,273752.92667041643,76957987.31765112,83542359.52837032,0.8423704513999704,0.03410275425336676,0.2112,0.12811666631728136,0.0617233149605922,0.471147101774997,10.049999999999999,0.42783232247186925,0.3250793650793651,0.11151270775321809,0.32342761932651415,0.48946636209796257,0.08271371616649727,0.5279957753466765,5.315668723619045,4.038998745261791,0.007120277613565636,0.007832922813394485,0.10498258443888009,1963551.1911947408,2.653487169254446
Bldg_003_7St,Friuli_1976_Tolmezzo_scaled_0.49g,7.0,1916270.4866929152,21.004371166760656,1.7280142136463181,0.5969958868135233,0.3709851306358629,0.34548088904534535,0.8517525842969699,1277.5712658214816,273752.92667041643,76957987.31765112,83542359.52837032,0.8423704513999704,0.03410275425336676,0.4927999999999999,0.2989388880736565,0.14402106824138175,2.5651342207749837,10.049999999999999,0.42783232247186936,0.3250793650793651,0.26019631809087435,0.7546644450952035,1.1420881782285817,0.1929986710551842,0.5279957753467419,5.315668723619045,4.03899874526179,0.01661398109832187,0.01827681989792128,0.24495936369071858,4581619.446121266,6.191470061593862
Bldg_004_9St,El_Centro_1940_NS,9.0,1948649.445047211,34.52008614666971,1.8669862587577561,0.6258111713455994,0.3829180140447785,0.3351985952815731,0.8546009371985288,1290.4718679648695,216516.60500524566,87950131.45529062,87950131.45529062,1.0,0.04849082359697768,0.348,0.546705574584446,0.18644040753129837,3.1070282308161543,13.060000000000002,0.534173757427226,0.7447272727272727,0.25483844135965744,0.8603020969023435,0.7397615188592697,0.22069409348075958,0.7322943717231536,2.506939556437417,3.4950916865512776,0.012337206793410532,0.014982563705817948,0.2955141701799317,5054194.92483462,6.40695084821174
Bldg_004_9St,El_Centro_1940_NS_scaled_0.21g,9.0,1948649.445047211,34.52008614666971,1.8669862587577561,0.6258111713455994,0.3829180140447785,0.3351985952815731,0.8546009371985288,1290.4718679648695,216516.60500524566,87950131.45529062,87950131.45529062,1.0,0.04849082359697768,0.2088,0.3280233447506678,0.11186424451877919,1.1185301630938156,13.060000000000002,0.5341737574272261,0.7447272727272727,0.15290306481578803,0.5161812581414017,0.4438569113155647,0.13241645608845024,0.7322943717231227,2.506939556437417,3.4950916865512767,0.007402324076046006,0.008989538223490615,0.17730850210796018,3032516.9549007206,3.8441705089253038
Bldg_004_9St,El_Centro_1940_NS_scaled_0.49g,9.0,1948649.445047211,34.52008614666971,1.8669862587577561,0.6258111713455994,0.3829180140447785,0.3351985952815731,0.8546009371985288,1290.4718679648695,216516.60500524566,87950131.45529062,87950131.45529062,1.0,0.04849082359697768,0.4871999999999999,0.7653878044182246,0.26101657054381694,6.089775332399659,13.060000000000002,0.5341737574272261,0.7447272727272727,0.35677381790351365,1.20442293566329,1.0356661264029805,0.3089717308730575,0.7322943717231398,2.506939556437417,3.4950916865512767,0.017272089510774413,0.02097558918814581,0.4137198382519161,7075872.894768699,8.96973118749828
Bldg_004_9St,Northridge_1994_Sylmar,9.0,1948649.445047211,34.52008614666971,1.8669862587577561,0.6258111713455994,0.3829180140447785,0.3351985952815731,0.8546009371985288,1290.4718679648695,216516.60500524566,87950131.45529062,87950131.45529062,1.0,0.04849082359697768,0.843,0.8309546252613713,0.3287478434080909,9.138133288190668,9.37,0.4931760280806555,0.8192,0.49960532990709416,1.266301213209503,2.1314362846781365,0.4324220209126979,0.5926516369004676,2.2790359603976516,3.7856387019127853,0.024186830830027473,0.022498724751236616,0.5835519879746889,7589685.095668559,13.079710826384922
Bldg_004_9St,Northridge_1994_Sylmar_scaled_0.51g,9.0,1948649.445047211,34.52008614666971,1.8669862587577561,0.6258111713455994,0.3829180140447785,0.3351985952815731,0.8546009371985288,1290.4718679648695,216516.60500524566,87950131.45529062,87950131.45529062,1.0,0.04849082359697768,0.5057999999999999,0.498572775156823,0.1972487060448539,3.289727983748639,9.37,0.49317602808065547,0.8192,0.2997631979442782,0.7597807279256816,1.2788617708068848,0.25945321254763754,0.5926516369005106,2.2790359603976516,3.7856387019127857,0.014512098498017535,0.01349923485074263,0.35013119278483307,4553811.057401358,7.847826495828773
Bldg_004_9St,Northridge_1994_Sylmar_scaled_1.18g,9.0,1948649.445047211,34.52008614666971,1.8669862587577561,0.6258111713455994,0.3829180140447785,0.3351985952815731,0.8546009371985288,1290.4718679648695,216516.60500524566,87950131.45529062,87950131.45529062,1.0,0.04849082359697768,1.1802,1.163336475365919,0.4602469807713281,17.910741244853703,9.37,0.4931760280806554,0.8192,0.6994474618699573,1.7728216984932772,2.9840107985493907,0.6053908292777992,0.5926516369004892,2.2790359603976516,3.785638701912786,0.033861563162039705,0.03149821465173305,0.8169727831646405,10625559.133936586,18.31159515693559
Bldg_004_9St,Loma_Prieta_1989_Corralitos,9.0,1948649.445047211,34.52008614666971,1.8669862587577561,0.6258111713455994,0.3829180140447785,0.3351985952815731,0.8546009371985288,1290.4718679648695,216516.60500524566,87950131.45529062,87950131.45529062,1.0,0.04849082359697768,0.644,0.6861034364890142,0.3994006678649551,6.918654308054634,11.41,0.6811214742642783,1.0778947368421052,0.46732690919570385,1.134257784714676,1.5282161685109732,0.4044862468851326,0.725662902477801,1.7320673299022151,2.741047418559816,0.022624171958169497,0.024420690267850514,0.5036726293819064,8238037.977759426,8.496084949337904
Bldg_004_9St,Loma_Prieta_1989_Corralitos_scaled_0.39g,9.0,1948649.445047211,34.52008614666971,1.8669862587577561,0.6258111713455994,0.3829180140447785,0.3351985952815731,0.8546009371985288,1290.4718679648695,216516.60500524566,87950131.45529062,87950131.45529062,1.0,0.04849082359697768,0.3864,0.4116620618934086,0.2396404007189732,2.4907155508996683,11.41,0.6811214742642783,1.0778947368421052,0.28039614551740843,0.6805546708288142,0.9169297011065859,0.24269174813106767,0.7256629024777651,1.7320673299022151,2.741047418559816,0.013574503174901026,0.014652414160710168,0.30220357762915245,4942822.786655609,5.097650969604073
Bldg_004_9St,Loma_Prieta_1989_Corralitos_scaled_0.90g,9.0,1948649.445047211,34.52008614666971,1.8669862587577561,0.6258111713455994,0.3829180140447785,0.3351985952815731,0.8546009371985288,1290.4718679648695,216516.60500524566,87950131.45529062,87950131.45529062,1.0,0.04849082359697768,0.9015999999999998,0.9605448110846201,0.5591609350109363,13.560562443787077,11.41,0.6811214742642782,1.0778947368421052,0.6542576728739522,1.587960898600557,2.139502635915371,0.5662807456391575,0.7256629024777643,1.7320673299022151,2.7410474185598166,0.03167384074143569,0.03418896637499165,0.7051416811346961,11533253.16886351,11.894518929077467
Bldg_004_9St,San_Fernando_1971_Pacoima,9.0,1948649.445047211,34.52008614666971,1.8669862587577561,0.6258111713455994,0.3829180140447785,0.3351985952815731,0.8546009371985288,1290.4718679648695,216516.60500524566,87950131.45529062,87950131.45529062,1.0,0.04849082359697768,1.17,1.0361741213226916,0.47368625496262196,19.729249200797177,9.42,0.461649004640927,0.28054794520547943,0.6871631431883369,1.7028648082014475,2.3079318109009694,0.5950474072363675,0.5873189258019974,6.654785004361143,4.044168275007779,0.03326685626035442,0.03885461562933492,0.7316657210206046,13107156.089977294,14.902138328718596
Bldg_004_9St,San_Fernando_1971_Pacoima_scaled_0.70g,9.0,1948649.445047211,34.52008614666971,1.8669862587577561,0.6258111713455994,0.3829180140447785,0.3351985952815731,0.8546009371985288,1290.4718679648695,216516.60500524566,87950131.45529062,87950131.45529062,1.0,0.04849082359697768,0.7020000000000001,0.621704472793615,0.284211752977573,7.102529712286988,9.42,0.46164900464092706,0.28054794520547943,0.41229788591298877,1.0217188849208476,1.3847590865405808,0.357028444341809,0.5873189258019782,6.654785004361143,4.044168275007779,0.019960113756212008,0.023312769377599584,0.4389994326123216,7864293.653985915,8.941282997231706
Bldg_004_9St,San_Fernando_1971_Pacoima_scaled_1.20g,9.0,1948649.445047211,34.52008614666971,1.8669862587577561,0.6258111713455994,0.3829180140447785,0.3351985952815731,0.8546009371985288,1290.4718679648695,216516.60500524566,87950131.45529062,87950131.45529062,1.0,0.04849082359697768,1.2,1.062742688536094,0.48583205637192123,20.75397680557232,9.42,0.461649004640927,0.28054794520547943,0.7047827109623512,1.746528008411697,2.367109549642026,0.6103050330629017,0.5873189258019594,6.654785004361143,4.044168275007779,0.03411985257472028,0.039850887824959436,0.7504263805339633,13443237.01536151,15.284244439711443
Bldg_004_9St,Imperial_Valley_1979_Array6,9.0,1948649.445047211,34.52008614666971,1.8669862587577561,0.6258111713455994,0.3829180140447785,0.3351985952815731,0.8546009371985288,1290.4718679648695,216516.60500524566,87950131.45529062,87950131.45529062,1.0,0.04849082359697768,0.439,0.4470557915681539,0.20993321390578878,3.03447831967358,11.25,0.4646807553227397,0.8192,0.21790402011068627,0.6548029498361357,1.0030727539710635,0.1886562173789995,0.4963645105027022,2.2790359603976516,4.017782611765487,0.010549142205068451,0.013561103585554785,0.22010292179466084,4574681.7609493835,4.9399857791525985
Bldg_004_9St,Imperial_Valley_1979_Array6_scaled_0.26g,9.0,1948649.445047211,34.52008614666971,1.8669862587577561,0.6258111713455994,0.3829180140447785,0.3351985952815731,0.8546009371985288,1290.4718679648695,216516.60500524566,87950131.45529062,87950131.45529062,1.0,0.04849082359697768,0.26339999999999997,0.26823347494089234,0.1259599283434734,1.0924121950824885,11.25,0.4646807553227397,0.8192,0.1307424120664181,0.39288176990168466,0.6018436523826394,0.11319373042740528,0.49636451050272634,2.2790359603976516,4.017782611765487,0.006329485323041378,0.008136662151333188,0.1320617530767919,2744809.056569737,2.9639914674911876
Bldg_004_9St,Imperial_Valley_1979_Array6_scaled_0.61g,9.0,1948649.445047211,34.52008614666971,1.8669862587577561,0.6258111713455994,0.3829180140447785,0.3351985952815731,0.8546009371985288,1290.4718679648695,216516.60500524566,87950131.45529062,87950131.45529062,1.0,0.04849082359697768,0.6145999999999999,0.6258781081954151,0.2939064994681046,5.947577506560213,11.25,0.46468075532273967,0.8192,0.30506562815494004,0.9167241297705899,1.404301855559485,0.2641187043305816,0.4963645105026685,2.2790359603976516,4.017782611765487,0.014768799087094827,0.018985545019776333,0.30814409051251224,6404554.465329013,6.9159800908133935
Bldg_004_9St,Friuli_1976_Tolmezzo,9.0,1948649.445047211,34.52008614666971,1.8669862587577561,0.6258111713455994,0.3829180140447785,0.3351985952815731,0.8546009371985288,1290.4718679648695,216516.60500524566,87950131.45529062,87950131.45529062,1.0,0.04849082359697768,0.352,0.21352777719546898,0.102872191600987,1.308741949374992,10.049999999999999,0.4278323224718693,0.3250793650793651,0.12082461712121714,0.565675805231979,0.7036112456430242,0.10455448774541112,0.343251753185276,5.743170620202082,4.3638270431998825,0.00584934627290137,0.006571472661153906,0.12738730632505346,2216810.448788297,3.3666545584335608
Bldg_004_9St,Friuli_1976_Tolmezzo_scaled_0.21g,9.0,1948649.445047211,34.52008614666971,1.8669862587577561,0.6258111713455994,0.3829180140447785,0.3351985952815731,0.8546009371985288,1290.4718679648695,216516.60500524566,87950131.45529062,87950131.45529062,1.0,0.04849082359697768,0.2112,0.12811666631728136,0.0617233149605922,0.471147101774997,10.049999999999999,0.42783232247186925,0.3250793650793651,0.0724947702727291,0.33940548313919255,0.4221667473858132,0.06273269264724571,0.3432517531852704,5.743170620202082,4.363827043199883,0.0035096077637407643,0.00394288359669213,0.07643238379503182,1330086.269272906,2.0199927350600015
Bldg_004_9St,Friuli_1976_Tolmezzo_scaled_0.49g,9.0,1948649.445047211,34.52008614666971,1.8669862587577561,0.6258111713455994,0.3829180140447785,0.3351985952815731,0.8546009371985288,1290.4718679648695,216516.60500524566,87950131.45529062,87950131.45529062,1.0,0.04849082359697768,0.4927999999999999,0.2989388880736565,0.14402106824138175,2.5651342207749837,10.049999999999999,0.42783232247186936,0.3250793650793651,0.169154463969706,0.7919461273247841,0.98505574390024,0.14637628284357743,0.34325175318528006,5.743170620202082,4.3638270431998825,0.008189084782062013,0.00920006172561521,0.17834222885508155,3103534.628303528,4.713316381807426
Bldg_005_5St,El_Centro_1940_NS,5.0,1054965.4097151533,19.818838538279376,0.8108817871991694,0.2855759554952941,0.18628453092568645,0.3521795161803908,0.8722298013627929,959.2561022795037,210993.08194303064,142976339.73852292,158130879.27603912,0.7604114451444064,0.038812025377841536,0.348,0.546705574584446,0.18644040753129837,3.1070282308161543,13.060000000000002,0.534173757427226,0.7447272727272727,0.6171649985330314,1.0742694624628006,1.0747756204032897,0.10055080076799686,1.773462639462734,1.0888305248035721,1.5180112761522944,0.008885179862592546,0.009749469926012359,0.12673121771766965,6110909.963127907,10.021628653722743
Bldg_005_5St,El_Centro_1940_NS_scaled_0.21g,5.0,1054965.4097151533,19.818838538279376,0.8108817871991694,0.2855759554952941,0.18628453092568645,0.3521795161803908,0.8722298013627929,959.2561022795037,210993.08194303064,142976339.73852292,158130879.27603912,0.7604114451444064,0.038812025377841536,0.2088,0.3280233447506678,0.11186424451877919,1.1185301630938156,13.060000000000002,0.5341737574272261,0.7447272727272727,0.3702989991198269,0.644561677477675,0.6448653722419736,0.06033048046079945,1.7734626394627724,1.0888305248035721,1.518011276152294,0.005331107917555643,0.005849681955607515,0.07603873063060107,3666545.9778768066,6.0129771922340645
Bldg_005_5St,El_Centro_1940_NS_scaled_0.49g,5.0,1054965.4097151533,19.818838538279376,0.8108817871991694,0.2855759554952941,0.18628453092568645,0.3521795161803908,0.8722298013627929,959.2561022795037,210993.08194303064,142976339.73852292,158130879.27603912,0.7604114451444064,0.038812025377841536,0.4871999999999999,0.7653878044182246,0.26101657054381694,6.089775332399659,13.060000000000002,0.5341737574272261,0.7447272727272727,0.8640309979462029,1.5039772474479098,1.5046858685646018,0.1407711210751891,1.7734626394626498,1.0888305248035721,1.518011276152294,0.012439251807628974,0.013649257896417608,0.17742370480474012,8555273.948379263,14.030280115213783
Bldg_005_5St,Northridge_1994_Sylmar,5.0,1054965.4097151533,19.818838538279376,0.8108817871991694,0.2855759554952941,0.18628453092568645,0.3521795161803908,0.8722298013627929,959.2561022795037,210993.08194303064,142976339.73852292,158130879.27603912,0.7604114451444064,0.038812025377841536,0.843,0.8309546252613713,0.3287478434080909,9.138133288190668,9.37,0.4931760280806555,0.8192,1.4375541403269114,2.275093137935153,2.080308923339703,0.23488447702540013,1.7052836777306186,0.989845931639611,1.644203572414017,0.02069613009386434,0.020906848265244363,0.3051276183352177,13104288.574788228,25.3141161748221
Bldg_005_5St,Northridge_1994_Sylmar_scaled_0.51g,5.0,1054965.4097151533,19.818838538279376,0.8108817871991694,0.2855759554952941,0.18628453092568645,0.3521795161803908,0.8722298013627929,959.2561022795037,210993.08194303064,142976339.73852292,158130879.27603912,0.7604114451444064,0.038812025377841536,0.5057999999999999,0.498572775156823,0.1972487060448539,3.289727983748639,9.37,0.49317602808065547,0.8192,0.8625324841961256,1.365055882761094,1.2481853540038181,0.14093068621523652,1.7052836777305769,0.989845931639611,1.6442035724140172,0.012417678056318299,0.012544108959146039,0.1830765710011287,7862573.144872574,15.188469704894247
Bldg_005_5St,Northridge_1994_Sylmar_scaled_1.18g,5.0,1054965.4097151533,19.818838538279376,0.8108817871991694,0.2855759554952941,0.18628453092568645,0.3521795161803908,0.8722298013627929,959.2561022795037,210993.08194303064,142976339.73852292,158130879.27603912,0.7604114451444064,0.038812025377841536,1.1802,1.163336475365919,0.4602469807713281,17.910741244853703,9.37,0.4931760280806554,0.8192,2.0125757964576976,3.1851303931092505,2.912432492675578,0.32883826783556347,1.705283677730637,0.989845931639611,1.6442035724140174,0.028974582131410388,0.02926958757134258,0.4271786656693109,18346004.004703816,35.43976264475178
Bldg_005_5St,Loma_Prieta_1989_Corralitos,5.0,1054965.4097151533,19.818838538279376,0.8108817871991694,0.2855759554952941,0.18628453092568645,0.3521795161803908,0.8722298013627929,959.2561022795037,210993.08194303064,142976339.73852292,158130879.27603912,0.7604114451444064,0.038812025377841536,0.644,0.6861034364890142,0.3994006678649551,6.918654308054634,11.41,0.6811214742642783,1.0778947368421052,0.9496830387025914,2.1216173178685804,1.393070380991907,0.15487538540357218,1.4746631035754525,0.7522829080461044,1.190509795738056,0.013672364167415345,0.013372605511891594,0.20138038203463032,8381869.873516437,16.431494122975646
Bldg_005_5St,Loma_Prieta_1989_Corralitos_scaled_0.39g,5.0,1054965.4097151533,19.818838538279376,0.8108817871991694,0.2855759554952941,0.18628453092568645,0.3521795161803908,0.8722298013627929,959.2561022795037,210993.08194303064,142976339.73852292,158130879.27603912,0.7604114451444064,0.038812025377841536,0.3864,0.4116620618934086,0.2396404007189732,2.4907155508996683,11.41,0.6811214742642783,1.0778947368421052,0.5698098232215233,1.272970390721137,0.8358422285951445,0.09292523124213804,1.4746631035753708,0.7522829080461044,1.190509795738056,0.008203418500448752,0.00802356330713491,0.1208282292207783,5029121.924109833,9.858896473785439
Bldg_005_5St,Loma_Prieta_1989_Corralitos_scaled_0.90g,5.0,1054965.4097151533,19.818838538279376,0.8108817871991694,0.2855759554952941,0.18628453092568645,0.3521795161803908,0.8722298013627929,959.2561022795037,210993.08194303064,142976339.73852292,158130879.27603912,0.7604114451444064,0.038812025377841536,0.9015999999999998,0.9605448110846201,0.5591609350109363,13.560562443787077,11.41,0.6811214742642782,1.0778947368421052,1.3295562541836132,2.970264245016006,1.9502985333886727,0.21682553956499845,1.4746631035754365,0.7522829080461044,1.190509795738056,0.019141309834381268,0.01872164771664816,0.2819325348484781,11734617.822922966,23.00409177216496
Bldg_005_5St,San_Fernando_1971_Pacoima,5.0,1054965.4097151533,19.818838538279376,0.8108817871991694,0.2855759554952941,0.18628453092568645,0.3521795161803908,0.8722298013627929,959.2561022795037,210993.08194303064,142976339.73852292,158130879.27603912,0.7604114451444064,0.038812025377841536,1.17,1.0361741213226916,0.47368625496262196,19.729249200797177,9.42,0.461649004640927,0.28054794520547943,1.6177091297366326,4.537038081000198,2.746295529160402,0.26405184039822394,1.3826573758432759,2.8903501203876645,1.7564898419522803,0.02328977926038161,0.02677732926725302,0.3320971502398981,16783871.27167036,30.35029300325323
Bldg_005_5St,San_Fernando_1971_Pacoima_scaled_0.70g,5.0,1054965.4097151533,19.818838538279376,0.8108817871991694,0.2855759554952941,0.18628453092568645,0.3521795161803908,0.8722298013627929,959.2561022795037,210993.08194303064,142976339.73852292,158130879.27603912,0.7604114451444064,0.038812025377841536,0.7020000000000001,0.621704472793615,0.284211752977573,7.102529712286988,9.42,0.46164900464092706,0.28054794520547943,0.9706254778419776,2.7222228486001274,1.647777317496252,0.158431104238934,1.3826573758432728,2.8903501203876645,1.75648984195228,0.013973867556228935,0.016066397560351674,0.19925829014394073,10070322.76300213,18.210175801951777
Bldg_005_5St,San_Fernando_1971_Pacoima_scaled_1.20g,5.0,1054965.4097151533,19.818838538279376,0.8108817871991694,0.2855759554952941,0.18628453092568645,0.3521795161803908,0.8722298013627929,959.2561022795037,210993.08194303064,142976339.73852292,158130879.27603912,0.7604114451444064,0.038812025377841536,1.2,1.062742688536094,0.48583205637192123,20.75397680557232,9.42,0.461649004640927,0.28054794520547943,1.6591888510119217,4.653372390769448,2.81671336324145,0.27082240040843353,1.382657375843268,2.8903501203876645,1.7564898419522803,0.023886953087570748,0.02746392745359241,0.3406124617845062,17214226.94530266,31.128505644358587
Bldg_005_5St,Imperial_Valley_1979_Array6,5.0,1054965.4097151533,19.818838538279376,0.8108817871991694,0.2855759554952941,0.18628453092568645,0.3521795161803908,0.8722298013627929,959.2561022795037,210993.08194303064,142976339.73852292,158130879.27603912,0.7604114451444064,0.038812025377841536,0.439,0.4470557915681539,0.20993321390578878,3.03447831967358,11.25,0.4646807553227397,0.8192,0.5857675128953382,1.0251758570075051,1.191411521981452,0.09575108881380548,1.3343223528367614,0.989845931639611,1.745029846643808,0.008433157619291042,0.009729024483481615,0.1263061177160957,6098094.880932687,9.995147456908224
Bldg_005_5St,Imperial_Valley_1979_Array6_scaled_0.26g,5.0,1054965.4097151533,19.818838538279376,0.8108817871991694,0.2855759554952941,0.18628453092568645,0.3521795161803908,0.8722298013627929,959.2561022795037,210993.08194303064,142976339.73852292,158130879.27603912,0.7604114451444064,0.038812025377841536,0.26339999999999997,0.26823347494089234,0.1259599283434734,1.0924121950824885,11.25,0.4646807553227397,0.8192,0.3514605077371991,0.6151055142045014,0.7148469131888707,0.05745065328828265,1.334322352836747,0.989845931639611,1.745029846643808,0.005059894571574571,0.0058374146900892505,0.0757836706296615,3658856.928559788,5.997088474144626
Bldg_005_5St,Imperial_Valley_1979_Array6_scaled_0.61g,5.0,1054965.4097151533,19.818838538279376,0.8108817871991694,0.2855759554952941,0.18628453092568645,0.3521795161803908,0.8722298013627929,959.2561022795037,210993.08194303064,142976339.73852292,158130879.27603912,0.7604114451444064,0.038812025377841536,0.6145999999999999,0.6258781081954151,0.2939064994681046,5.947577506560213,11.25,0.46468075532273967,0.8192,0.8200745180534411,1.4352461998105008,1.6679761307740277,0.13405152433932252,1.3343223528367087,0.989845931639611,1.7450298466438081,0.011806420667006995,0.013620634276874587,0.1768285648025384,8537332.833305964,13.99320643966782
Bldg_005_5St,Friuli_1976_Tolmezzo,5.0,1054965.4097151533,19.818838538279376,0.8108817871991694,0.2855759554952941,0.18628453092568645,0.3521795161803908,0.8722298013627929,959.2561022795037,210993.08194303064,142976339.73852292,158130879.27603912,0.7604114451444064,0.038812025377841536,0.352,0.21352777719546898,0.102872191600987,1.308741949374992,10.049999999999999,0.4278323224718693,0.3250793650793651,0.45467865469231916,0.7536671854339817,0.6027078590213326,0.0741967318049027,1.291700723557725,2.49441174773182,1.8953261467347087,0.00654590204600957,0.0066087859332606596,0.09696600737941051,4142347.851752421,7.632558325746265
Bldg_005_5St,Friuli_1976_Tolmezzo_scaled_0.21g,5.0,1054965.4097151533,19.818838538279376,0.8108817871991694,0.2855759554952941,0.18628453092568645,0.3521795161803908,0.8722298013627929,959.2561022795037,210993.08194303064,142976339.73852292,158130879.27603912,0.7604114451444064,0.038812025377841536,0.2112,0.12811666631728136,0.0617233149605922,0.471147101774997,10.049999999999999,0.42783232247186925,0.3250793650793651,0.27280719281538846,0.4522003112603841,0.36162471541280056,0.0445180390829411,1.2917007235577105,2.49441174773182,1.895326146734709,0.003927541227605699,0.003965271559956506,0.05817960442764636,2485408.711051522,4.579534995447892
Bldg_005_5St,Friuli_1976_Tolmezzo_scaled_0.49g,5.0,1054965.4097151533,19.818838538279376,0.8108817871991694,0.2855759554952941,0.18628453092568645,0.3521795161803908,0.8722298013627929,959.2561022795037,210993.08194303064,142976339.73852292,158130879.27603912,0.7604114451444064,0.038812025377841536,0.4927999999999999,0.2989388880736565,0.14402106824138175,2.5651342207749837,10.049999999999999,0.42783232247186936,0.3250793650793651,0.6365501165692415,1.0551340596075596,0.8437910026298641,0.10387542452686288,1.2917007235577145,2.49441174773182,1.8953261467347085,0.009164262864413323,0.0092523003065652,0.13575241033117638,5799286.992453563,10.685581656046589
Bldg_006_10St,El_Centro_1940_NS,10.0,3366909.3113988144,34.18399184750075,3.281079343997509,1.133043582854695,0.6893601308528857,0.345326480728823,0.8345073949971021,1676.2191738095921,336690.93113988143,51738376.4859165,57211205.11280589,0.7608497926193671,0.02384706204365683,0.348,0.546705574584446,0.18644040753129837,3.1070282308161543,13.060000000000002,0.534173757427226,0.7447272727272727,0.23841893341507914,0.36436999926115576,0.8800696192826615,0.6374779402507,0.6851118776295378,4.40574618944978,6.142344692858694,0.033590707593750775,0.03463543965261252,0.8534035280883708,6773678.456277484,6.173817162414906
Bldg_006_10St,El_Centro_1940_NS_scaled_0.21g,10.0,3366909.3113988144,34.18399184750075,3.281079343997509,1.133043582854695,0.6893601308528857,0.345326480728823,0.8345073949971021,1676.2191738095921,336690.93113988143,51738376.4859165,57211205.11280589,0.7608497926193671,0.02384706204365683,0.2088,0.3280233447506678,0.11186424451877919,1.1185301630938156,13.060000000000002,0.5341737574272261,0.7447272727272727,0.14305136004904434,0.21862199955668818,0.5280417715695969,0.3824867641504134,0.6851118776295226,4.40574618944978,6.142344692858693,0.020154424556250022,0.020781263791567,0.5120421168530904,4064207.073766391,3.7042902974518888
Bldg_006_10St,El_Centro_1940_NS_scaled_0.49g,10.0,3366909.3113988144,34.18399184750075,3.281079343997509,1.133043582854695,0.6893601308528857,0.345326480728823,0.8345073949971021,1676.2191738095921,336690.93113988143,51738376.4859165,57211205.11280589,0.7608497926193671,0.02384706204365683,0.4871999999999999,0.7653878044182246,0.26101657054381694,6.089775332399659,13.060000000000002,0.5341737574272261,0.7447272727272727,0.33378650678111893,0.5101179989656195,1.2320974669957123,0.8924691163510052,0.6851118776295546,4.40574618944978,6.142344692858693,0.04702699063125224,0.048489615513659955,1.1947649393239137,9483149.838788953,8.643344027403202
Bldg_006_10St,Northridge_1994_Sylmar,10.0,3366909.3113988144,34.18399184750075,3.281079343997509,1.133043582854695,0.6893601308528857,0.345326480728823,0.8345073949971021,1676.2191738095921,336690.93113988143,51738376.4859165,57211205.11280589,0.7608497926193671,0.02384706204365683,0.843,0.8309546252613713,0.3287478434080909,9.138133288190668,9.37,0.4931760280806555,0.8192,0.2966523965994517,0.8088609149663372,1.578500931101874,0.7931903141283294,0.35190082633386915,4.005223808590709,6.652957883550883,0.04179518701985492,0.0499995998424497,1.0551425073967824,9778458.586702254,7.941693674346372
Bldg_006_10St,Northridge_1994_Sylmar_scaled_0.51g,10.0,3366909.3113988144,34.18399184750075,3.281079343997509,1.133043582854695,0.6893601308528857,0.345326480728823,0.8345073949971021,1676.2191738095921,336690.93113988143,51738376.4859165,57211205.11280589,0.7608497926193671,0.02384706204365683,0.5057999999999999,0.498572775156823,0.1972487060448539,3.289727983748639,9.37,0.49317602808065547,0.8192,0.17799143795966665,0.4853165489798351,0.9471005586611292,0.47591418847698524,0.3519008263338606,4.005223808590709,6.652957883550884,0.025077112211912334,0.029999759905466505,0.6330855044381293,5867075.152020704,4.765016204608651
Bldg_006_10St,Northridge_1994_Sylmar_scaled_1.18g,10.0,3366909.3113988144,34.18399184750075,3.281079343997509,1.133043582854695,0.6893601308528857,0.345326480728823,0.8345073949971021,1676.2191738095921,336690.93113988143,51738376.4859165,57211205.11280589,0.7608497926193671,0.02384706204365683,1.1802,1.163336475365919,0.4602469807713281,17.910741244853703,9.37,0.4931760280806554,0.8192,0.415313355239204,1.132405280952933,2.2099013035426727,1.1104664397795818,0.3519008263338451,4.005223808590709,6.652957883550885,0.05851326182779288,0.0699994397794136,1.4771995103555666,13689842.021380031,11.118371144088421
Bldg_006_10St,Loma_Prieta_1989_Corralitos,10.0,3366909.3113988144,34.18399184750075,3.281079343997509,1.133043582854695,0.6893601308528857,0.345326480728823,0.8345073949971021,1676.2191738095921,336690.93113988143,51738376.4859165,57211205.11280589,0.7608497926193671,0.02384706204365683,0.644,0.6861034364890142,0.3994006678649551,6.918654308054634,11.41,0.6811214742642783,1.0778947368421052,0.43116362433739513,1.1565394385895926,1.3146943896465184,1.1517966479636534,0.6695087334431601,3.0439700945289387,4.817172072781301,0.06074639720396989,0.0683523118103589,1.4581355593040177,13367711.990676744,9.552797529800287
Bldg_006_10St,Loma_Prieta_1989_Corralitos_scaled_0.39g,10.0,3366909.3113988144,34.18399184750075,3.281079343997509,1.133043582854695,0.6893601308528857,0.345326480728823,0.8345073949971021,1676.2191738095921,336690.93113988143,51738376.4859165,57211205.11280589,0.7608497926193671,0.02384706204365683,0.3864,0.4116620618934086,0.2396404007189732,2.4907155508996683,11.41,0.6811214742642783,1.0778947368421052,0.2586981746024931,0.6939236631537871,0.7888166337879,0.6910779887783426,0.6695087334433051,3.0439700945289387,4.817172072781301,0.036447838322389826,0.04101138708621982,0.8748813355822982,8020627.194406923,5.731678517881862
Bldg_006_10St,Loma_Prieta_1989_Corralitos_scaled_0.90g,10.0,3366909.3113988144,34.18399184750075,3.281079343997509,1.133043582854695,0.6893601308528857,0.345326480728823,0.8345073949971021,1676.2191738095921,336690.93113988143,51738376.4859165,57211205.11280589,0.7608497926193671,0.02384706204365683,0.9015999999999998,0.9605448110846201,0.5591609350109363,13.560562443787077,11.41,0.6811214742642782,1.0778947368421052,0.6036290740724484,1.6191552140254928,1.8405721455050863,1.6125153071493734,0.6695087334432658,3.0439700945289387,4.817172072781301,0.08504495608557126,0.0956932365345258,2.0413897830255903,18714796.786952004,13.373916541722583
Bldg_006_10St,San_Fernando_1971_Pacoima,10.0,3366909.3113988144,34.18399184750075,3.281079343997509,1.133043582854695,0.6893601308528857,0.345326480728823,0.8345073949971021,1676.2191738095921,336690.93113988143,51738376.4859165,57211205.11280589,0.7608497926193671,0.02384706204365683,1.17,1.0361741213226916,0.47368625496262196,19.729249200797177,9.42,0.461649004640927,0.28054794520547943,0.5797975839301265,1.2031877122980377,1.5898929256852001,1.5496429084442893,0.4955534905385697,11.69525352108487,7.1073029747991106,0.08168735102699809,0.08718599699403078,2.0765147314216343,15118943.764242731,16.418185925672688
Bldg_006_10St,San_Fernando_1971_Pacoima_scaled_0.70g,10.0,3366909.3113988144,34.18399184750075,3.281079343997509,1.133043582854695,0.6893601308528857,0.345326480728823,0.8345073949971021,1676.2191738095921,336690.93113988143,51738376.4859165,57211205.11280589,0.7608497926193671,0.02384706204365683,0.7020000000000001,0.621704472793615,0.284211752977573,7.102529712286988,9.42,0.46164900464092706,0.28054794520547943,0.3478785503580496,0.7219126273788361,0.9539357554111467,0.9297857450665032,0.49555349053853215,11.69525352108487,7.10730297479911,0.04901241061619514,0.05231159819642146,1.245908838853123,9071366.258548543,9.850911555407686
Bldg_006_10St,San_Fernando_1971_Pacoima_scaled_1.20g,10.0,3366909.3113988144,34.18399184750075,3.281079343997509,1.133043582854695,0.6893601308528857,0.345326480728823,0.8345073949971021,1676.2191738095921,336690.93113988143,51738376.4859165,57211205.11280589,0.7608497926193671,0.02384706204365683,1.2,1.062742688536094,0.48583205637192123,20.75397680557232,9.42,0.461649004640927,0.28054794520547943,0.5946641886463087,1.2340386792800153,1.630659410959188,1.5893773419942112,0.49555349053859055,11.69525352108487,7.1073029747991106,0.08378189848923234,0.08942153537847186,2.1297586988938684,15506608.988967696,16.839165051972955
Bldg_006_10St,Imperial_Valley_1979_Array6,10.0,3366909.3113988144,34.18399184750075,3.281079343997509,1.133043582854695,0.6893601308528857,0.345326480728823,0.8345073949971021,1676.2191738095921,336690.93113988143,51738376.4859165,57211205.11280589,0.7608497926193671,0.02384706204365683,0.439,0.4470557915681539,0.20993321390578878,3.03447831967358,11.25,0.4646807553227397,0.8192,0.21356717561472735,0.4421093192445182,0.576100611119118,0.5709295816807528,0.4864855936554154,4.005223808590709,7.0609322775131185,0.030089357606545717,0.030477017881989782,0.7558525511305841,5960412.846188488,4.1646361988216904
Bldg_006_10St,Imperial_Valley_1979_Array6_scaled_0.26g,10.0,3366909.3113988144,34.18399184750075,3.281079343997509,1.133043582854695,0.6893601308528857,0.345326480728823,0.8345073949971021,1676.2191738095921,336690.93113988143,51738376.4859165,57211205.11280589,0.7608497926193671,0.02384706204365683,0.26339999999999997,0.26823347494089234,0.1259599283434734,1.0924121950824885,11.25,0.4646807553227397,0.8192,0.12814030536876536,0.26526559154670903,0.34566036667146055,0.3425577490082594,0.4864855936551457,4.005223808590709,7.0609322775131185,0.01805361456391742,0.018286210729197228,0.4535115306784097,3576247.7077137497,2.498781719293215
Bldg_006_10St,Imperial_Valley_1979_Array6_scaled_0.61g,10.0,3366909.3113988144,34.18399184750075,3.281079343997509,1.133043582854695,0.6893601308528857,0.345326480728823,0.8345073949971021,1676.2191738095921,336690.93113988143,51738376.4859165,57211205.11280589,0.7608497926193671,0.02384706204365683,0.6145999999999999,0.6258781081954151,0.2939064994681046,5.947577506560213,11.25,0.46468075532273967,0.8192,0.29899404586049844,0.6189530469423142,0.8065408555667518,0.7993014143527272,0.4864855936552204,4.005223808590709,7.060932277513119,0.04212510064914712,0.04266782503477963,1.0581935715829884,8344577.984662698,5.8304906783562425
Bldg_006_10St,Friuli_1976_Tolmezzo,10.0,3366909.3113988144,34.18399184750075,3.281079343997509,1.133043582854695,0.6893601308528857,0.345326480728823,0.8345073949971021,1676.2191738095921,336690.93113988143,51738376.4859165,57211205.11280589,0.7608497926193671,0.02384706204365683,0.352,0.21352777719546898,0.102872191600987,1.308741949374992,10.049999999999999,0.4278323224718693,0.3250793650793651,0.08916324980812006,0.27622882317877273,0.7337732781266308,0.23826726823196792,0.25330468695488656,10.093163997648587,7.669077747657192,0.012562159428835401,0.014534472168244788,0.3351852450750663,2842517.432631414,2.697197929425531
Bldg_006_10St,Friuli_1976_Tolmezzo_scaled_0.21g,10.0,3366909.3113988144,34.18399184750075,3.281079343997509,1.133043582854695,0.6893601308528857,0.345326480728823,0.8345073949971021,1676.2191738095921,336690.93113988143,51738376.4859165,57211205.11280589,0.7608497926193671,0.02384706204365683,0.2112,0.12811666631728136,0.0617233149605922,0.471147101774997,10.049999999999999,0.42783232247186925,0.3250793650793651,0.05349794988488491,0.16573729390725875,0.44026396687597996,0.14296036093921555,0.2533046869549475,10.093163997648587,7.669077747657193,0.007537295657303055,0.008720683300946053,0.2011111470450288,1705510.459578688,1.6183187576554565
Bldg_006_10St,Friuli_1976_Tolmezzo_scaled_0.49g,10.0,3366909.3113988144,34.18399184750075,3.281079343997509,1.133043582854695,0.6893601308528857,0.345326480728823,0.8345073949971021,1676.2191738095921,336690.93113988143,51738376.4859165,57211205.11280589,0.7608497926193671,0.02384706204365683,0.4927999999999999,0.2989388880736565,0.14402106824138175,2.5651342207749837,10.049999999999999,0.42783232247186936,0.3250793650793651,0.12482854973140595,0.3867203524502865,1.027282589377273,0.33357417552485663,0.2533046869549634,10.093163997648587,7.669077747657191,0.017587023200374897,0.02034826103554123,0.46925934310502226,3979524.405683691,3.77607710119594
Bldg_007_7St,El_Centro_1940_NS,7.0,674145.3737687075,28.414145282790457,1.5363136806480093,0.5456887561369359,0.34003453867547073,0.3551935799378986,0.8432877429861823,753.9884154879235,96306.48196695822,33097495.190190606,40000000.0,0.6548747595095301,0.027548284333655176,0.348,0.546705574584446,0.18644040753129837,3.1070282308161543,13.060000000000002,0.534173757427226,0.7447272727272727,0.33896056777701067,0.9992725013549433,1.0418882109740668,0.1986358575418851,0.9740246200488814,2.0629212020420047,2.8760560759245304,0.011638651190140308,0.012073964331557338,0.26552195758055724,1960407.8666062863,6.951135758777621
Bldg_007_7St,El_Centro_1940_NS_scaled_0.21g,7.0,674145.3737687075,28.414145282790457,1.5363136806480093,0.5456887561369359,0.34003453867547073,0.3551935799378986,0.8432877429861823,753.9884154879235,96306.48196695822,33097495.190190606,40000000.0,0.6548747595095301,0.027548284333655176,0.2088,0.3280233447506678,0.11186424451877919,1.1185301630938156,13.060000000000002,0.5341737574272261,0.7447272727272727,0.2033763406662052,0.5995635008129643,0.625132926584437,0.11918151452513043,0.9740246200488754,2.0629212020420047,2.8760560759245295,0.006983190714084143,0.007244378598934305,0.15931317454834168,1176244.719963756,4.170681455267502
Bldg_007_7St,El_Centro_1940_NS_scaled_0.49g,7.0,674145.3737687075,28.414145282790457,1.5363136806480093,0.5456887561369359,0.34003453867547073,0.3551935799378986,0.8432877429861823,753.9884154879235,96306.48196695822,33097495.190190606,40000000.0,0.6548747595095301,0.027548284333655176,0.4871999999999999,0.7653878044182246,0.26101657054381694,6.089775332399659,13.060000000000002,0.5341737574272261,0.7447272727272727,0.474544794887817,1.3989815018969212,1.4586434953636802,0.2780902005586405,0.9740246200488856,2.0629212020420047,2.8760560759245295,0.0162941116661965,0.016903550064179845,0.37173074061278266,2744571.013248732,9.731590062289172
Bldg_007_7St,Northridge_1994_Sylmar,7.0,674145.3737687075,28.414145282790457,1.5363136806480093,0.5456887561369359,0.34003453867547073,0.3551935799378986,0.8432877429861823,753.9884154879235,96306.48196695822,33097495.190190606,40000000.0,0.6548747595095301,0.027548284333655176,0.843,0.8309546252613713,0.3287478434080909,9.138133288190668,9.37,0.4931760280806555,0.8192,0.7997436168313611,2.1088515016621328,2.592109237955499,0.46903111856845925,0.9486875644500132,1.8753829109472768,3.115142653277454,0.02746023544533585,0.03436786682856648,0.6177612148760351,5580191.777865617,19.070679318086547
Bldg_007_7St,Northridge_1994_Sylmar_scaled_0.51g,7.0,674145.3737687075,28.414145282790457,1.5363136806480093,0.5456887561369359,0.34003453867547073,0.3551935799378986,0.8432877429861823,753.9884154879235,96306.48196695822,33097495.190190606,40000000.0,0.6548747595095301,0.027548284333655176,0.5057999999999999,0.498572775156823,0.1972487060448539,3.289727983748639,9.37,0.49317602808065547,0.8192,0.4798461700988346,1.2653109009972374,1.5552655427732949,0.2814186711410865,0.9486875644500489,1.8753829109472768,3.115142653277454,0.016476141267202128,0.020620720097141096,0.3706567289256226,3348115.066719565,11.442407590852103
Bldg_007_7St,Northridge_1994_Sylmar_scaled_1.18g,7.0,674145.3737687075,28.414145282790457,1.5363136806480093,0.5456887561369359,0.34003453867547073,0.3551935799378986,0.8432877429861823,753.9884154879235,96306.48196695822,33097495.190190606,40000000.0,0.6548747595095301,0.027548284333655176,1.1802,1.163336475365919,0.4602469807713281,17.910741244853703,9.37,0.4931760280806554,0.8192,1.1196410635638936,2.9523921023269803,3.6289529331377084,0.656643565995836,0.9486875644500031,1.8753829109472768,3.1151426532774544,0.03844432962346978,0.04811501355999181,0.8648657008264555,7812268.4890116565,26.698951045320047
Bldg_007_7St,Loma_Prieta_1989_Corralitos,7.0,674145.3737687075,28.414145282790457,1.5363136806480093,0.5456887561369359,0.34003453867547073,0.3551935799378986,0.8432877429861823,753.9884154879235,96306.48196695822,33097495.190190606,40000000.0,0.6548747595095301,0.027548284333655176,0.644,0.6861034364890142,0.3994006678649551,6.918654308054634,11.41,0.6811214742642783,1.0778947368421052,0.682533097984668,1.3636622929396738,1.9952229839747504,0.4000294500523759,1.0598340030817825,1.4252910123199305,2.2555648862891564,0.02343566009836079,0.0250685962458203,0.5336664745564169,3498594.369283976,15.09383595676963
Bldg_007_7St,Loma_Prieta_1989_Corralitos_scaled_0.39g,7.0,674145.3737687075,28.414145282790457,1.5363136806480093,0.5456887561369359,0.34003453867547073,0.3551935799378986,0.8432877429861823,753.9884154879235,96306.48196695822,33097495.190190606,40000000.0,0.6548747595095301,0.027548284333655176,0.3864,0.4116620618934086,0.2396404007189732,2.4907155508996683,11.41,0.6811214742642783,1.0778947368421052,0.40951985879080605,0.8181973757638012,1.19713379038486,0.2400176700314284,1.059834003081796,1.4252910123199305,2.2555648862891564,0.014061396059016655,0.015041157747492713,0.3201998847338397,2099156.6215703115,9.056301574062822
Bldg_007_7St,Loma_Prieta_1989_Corralitos_scaled_0.90g,7.0,674145.3737687075,28.414145282790457,1.5363136806480093,0.5456887561369359,0.34003453867547073,0.3551935799378986,0.8432877429861823,753.9884154879235,96306.48196695822,33097495.190190606,40000000.0,0.6548747595095301,0.027548284333655176,0.9015999999999998,0.9605448110846201,0.5591609350109363,13.560562443787077,11.41,0.6811214742642782,1.0778947368421052,0.9555463371785283,1.9091272101155743,2.7933121775646637,0.5600412300733215,1.0598340030817752,1.4252910123199305,2.255564886289157,0.03280992413770487,0.03509603474414961,0.7471330643789693,4898032.116997952,21.131370339481542
Bldg_007_7St,San_Fernando_1971_Pacoima,7.0,674145.3737687075,28.414145282790457,1.5363136806480093,0.5456887561369359,0.34003453867547073,0.3551935799378986,0.8432877429861823,753.9884154879235,96306.48196695822,33097495.190190606,40000000.0,0.6548747595095301,0.027548284333655176,1.17,1.0361741213226916,0.47368625496262196,19.729249200797177,9.42,0.461649004640927,0.28054794520547943,0.46868942017920134,3.0604017315113947,4.415206545027912,0.27468915322365584,0.40058924801641144,5.476118099966049,3.3278825800630982,0.016093059773145686,0.026255286844361327,0.3740285824534907,4262980.199068683,28.26418082786744
Bldg_007_7St,San_Fernando_1971_Pacoima_scaled_0.70g,7.0,674145.3737687075,28.414145282790457,1.5363136806480093,0.5456887561369359,0.34003453867547073,0.3551935799378986,0.8432877429861823,753.9884154879235,96306.48196695822,33097495.190190606,40000000.0,0.6548747595095301,0.027548284333655176,0.7020000000000001,0.621704472793615,0.284211752977573,7.102529712286988,9.42,0.46164900464092706,0.28054794520547943,0.2812136521075011,1.8362410389068116,2.649123927016739,0.16481349193418185,0.4005892480163833,5.476118099966049,3.327882580063098,0.009655835863886734,0.015753172106617076,0.22441714947209807,2557788.1194412555,16.95850849671716
Bldg_007_7St,San_Fernando_1971_Pacoima_scaled_1.20g,7.0,674145.3737687075,28.414145282790457,1.5363136806480093,0.5456887561369359,0.34003453867547073,0.3551935799378986,0.8432877429861823,753.9884154879235,96306.48196695822,33097495.190190606,40000000.0,0.6548747595095301,0.027548284333655176,1.2,1.062742688536094,0.48583205637192123,20.75397680557232,9.42,0.461649004640927,0.28054794520547943,0.4807070976196866,3.1388735707809094,4.528416969259472,0.281732464844771,0.4005892480164055,5.476118099966049,3.3278825800630982,0.016505702331431227,0.0269284993275507,0.3836190589266657,4372287.3836602885,28.98890341319668
Bldg_007_7St,Imperial_Valley_1979_Array6,7.0,674145.3737687075,28.414145282790457,1.5363136806480093,0.5456887561369359,0.34003453867547073,0.3551935799378986,0.8432877429861823,753.9884154879235,96306.48196695822,33097495.190190606,40000000.0,0.6548747595095301,0.027548284333655176,0.439,0.4470557915681539,0.20993321390578878,3.03447831967358,11.25,0.4646807553227397,0.8192,0.31674864973872624,1.0172844487761687,0.9864379650901111,0.1858321875537615,0.7215231201337727,1.8753829109472768,3.306170232035921,0.01087597614505469,0.012389865527554686,0.23785668972736373,2011699.6521952916,7.987832344287848
Bldg_007_7St,Imperial_Valley_1979_Array6_scaled_0.26g,7.0,674145.3737687075,28.414145282790457,1.5363136806480093,0.5456887561369359,0.34003453867547073,0.3551935799378986,0.8432877429861823,753.9884154879235,96306.48196695822,33097495.190190606,40000000.0,0.6548747595095301,0.027548284333655176,0.26339999999999997,0.26823347494089234,0.1259599283434734,1.0924121950824885,11.25,0.4646807553227397,0.8192,0.19004918984324512,0.6103706692656822,0.5918627790540589,0.11149931253226236,0.7215231201338085,1.8753829109472768,3.306170232035921,0.006525585687033136,0.007433919316533039,0.14271401383642135,1207019.791317212,4.7926994065726545
Bldg_007_7St,Imperial_Valley_1979_Array6_scaled_0.61g,7.0,674145.3737687075,28.414145282790457,1.5363136806480093,0.5456887561369359,0.34003453867547073,0.3551935799378986,0.8432877429861823,753.9884154879235,96306.48196695822,33097495.190190606,40000000.0,0.6548747595095301,0.027548284333655176,0.6145999999999999,0.6258781081954151,0.2939064994681046,5.947577506560213,11.25,0.46468075532273967,0.8192,0.443448109634226,1.4241982282866057,1.3810131511261476,0.26016506257527144,0.7215231201337879,1.8753829109472768,3.306170232035921,0.015226366603076882,0.017345811738577466,0.3329993656183242,2816379.513073555,11.182965282002003
Bldg_007_7St,Friuli_1976_Tolmezzo,7.0,674145.3737687075,28.414145282790457,1.5363136806480093,0.5456887561369359,0.34003453867547073,0.3551935799378986,0.8432877429861823,753.9884154879235,96306.48196695822,33097495.190190606,40000000.0,0.6548747595095301,0.027548284333655176,0.352,0.21352777719546898,0.102872191600987,1.308741949374992,10.049999999999999,0.4278323224718693,0.3250793650793651,0.24234863105205764,0.5381217874616585,0.8844507714169161,0.14212047814165515,0.6884904291251638,4.725964935587138,3.590924761765807,0.008321354904852762,0.008723077405609464,0.18476599825623374,1367126.9122995555,4.879585380771122
Bldg_007_7St,Friuli_1976_Tolmezzo_scaled_0.21g,7.0,674145.3737687075,28.414145282790457,1.5363136806480093,0.5456887561369359,0.34003453867547073,0.3551935799378986,0.8432877429861823,753.9884154879235,96306.48196695822,33097495.190190606,40000000.0,0.6548747595095301,0.027548284333655176,0.2112,0.12811666631728136,0.0617233149605922,0.471147101774997,10.049999999999999,0.42783232247186925,0.3250793650793651,0.14540917863123193,0.32287307247700014,0.5306704628501471,0.08527228688499142,0.6884904291251511,4.725964935587138,3.5909247617658075,0.004992812942911567,0.005233846443365885,0.11085959895374671,820276.1473797628,2.927751228462859
Bldg_007_7St,Friuli_1976_Tolmezzo_scaled_0.49g,7.0,674145.3737687075,28.414145282790457,1.5363136806480093,0.5456887561369359,0.34003453867547073,0.3551935799378986,0.8432877429861823,753.9884154879235,96306.48196695822,33097495.190190606,40000000.0,0.6548747595095301,0.027548284333655176,0.4927999999999999,0.2989388880736565,0.14402106824138175,2.5651342207749837,10.049999999999999,0.42783232247186936,0.3250793650793651,0.3392880834728501,0.7533705024463377,1.2382310799837066,0.19896866939829913,0.6884904291251018,4.725964935587138,3.5909247617658067,0.011649896866792816,0.01221230836785312,0.25867239755872773,1913977.6772193967,6.831419533077713
Bldg_008_7St,El_Centro_1940_NS,7.0,755228.8090866206,23.728064373864356,1.605643367380175,0.5589701143139352,0.3501038149948886,0.34812843603369453,0.8481740220485228,800.3533323288627,107889.82986951723,34861030.99909627,40000000.0,0.7430515499548134,0.032214554413775735,0.348,0.546705574584446,0.18644040753129837,3.1070282308161543,13.060000000000002,0.534173757427226,0.7447272727272727,0.2851314653109512,0.9248086398646114,0.941137908054461,0.18257498117136156,0.819343291123423,2.1560152638161534,3.0058447182308887,0.012155403202726359,0.012673548743616486,0.24560764505270258,1799639.1126736638,7.039660217096138
Bldg_008_7St,El_Centro_1940_NS_scaled_0.21g,7.0,755228.8090866206,23.728064373864356,1.605643367380175,0.5589701143139352,0.3501038149948886,0.34812843603369453,0.8481740220485228,800.3533323288627,107889.82986951723,34861030.99909627,40000000.0,0.7430515499548134,0.032214554413775735,0.2088,0.3280233447506678,0.11186424451877919,1.1185301630938156,13.060000000000002,0.5341737574272261,0.7447272727272727,0.17107887918656603,0.554885183918764,0.5646827448326786,0.10954498870281393,0.8193432911234004,2.1560152638161534,3.0058447182308883,0.007293241921635615,0.0076041292461695815,0.14736458703161992,1079783.467604227,4.2237961302577585
Bldg_008_7St,El_Centro_1940_NS_scaled_0.49g,7.0,755228.8090866206,23.728064373864356,1.605643367380175,0.5589701143139352,0.3501038149948886,0.34812843603369453,0.8481740220485228,800.3533323288627,107889.82986951723,34861030.99909627,40000000.0,0.7430515499548134,0.032214554413775735,0.4871999999999999,0.7653878044182246,0.26101657054381694,6.089775332399659,13.060000000000002,0.5341737574272261,0.7447272727272727,0.39918405143533137,1.2947320958104622,1.3175930712762514,0.255604973639906,0.8193432911234225,2.1560152638161534,3.0058447182308883,0.017017564483816885,0.017742968241062997,0.3438507030737893,2519494.7577433446,9.855524303935399
Bldg_008_7St,Northridge_1994_Sylmar,7.0,755228.8090866206,23.728064373864356,1.605643367380175,0.5589701143139352,0.3501038149948886,0.34812843603369453,0.8481740220485228,800.3533323288627,107889.82986951723,34861030.99909627,40000000.0,0.7430515499548134,0.032214554413775735,0.843,0.8309546252613713,0.3287478434080909,9.138133288190668,9.37,0.4931760280806555,0.8192,0.7824067193688291,2.0083923796144294,2.5268881840164763,0.5010704644668015,0.9281218497850879,1.9600138761965027,3.255720627032552,0.03335468125932299,0.04120336030357663,0.6688416658575376,5884921.343485703,20.52557552802965
Bldg_008_7St,Northridge_1994_Sylmar_scaled_0.51g,7.0,755228.8090866206,23.728064373864356,1.605643367380175,0.5589701143139352,0.3501038149948886,0.34812843603369453,0.8481740220485228,800.3533323288627,107889.82986951723,34861030.99909627,40000000.0,0.7430515499548134,0.032214554413775735,0.5057999999999999,0.498572775156823,0.1972487060448539,3.289727983748639,9.37,0.49317602808065547,0.8192,0.4694440316212739,1.2050354277686763,1.516132910409906,0.30064227868006577,0.9281218497850415,1.9600138761965027,3.255720627032552,0.02001280875559279,0.02472201618214587,0.4013049995145178,3530952.806091418,12.315345316819739
Bldg_008_7St,Northridge_1994_Sylmar_scaled_1.18g,7.0,755228.8090866206,23.728064373864356,1.605643367380175,0.5589701143139352,0.3501038149948886,0.34812843603369453,0.8481740220485228,800.3533323288627,107889.82986951723,34861030.99909627,40000000.0,0.7430515499548134,0.032214554413775735,1.1802,1.163336475365919,0.4602469807713281,17.910741244853703,9.37,0.4931760280806554,0.8192,1.095369407116431,2.8117493314602573,3.537643457623101,0.7014986502535671,0.9281218497851476,1.9600138761965027,3.2557206270325523,0.04669655376305518,0.057684704425005555,0.9363783322005211,8238889.880879816,28.73580573924142
Bldg_008_7St,Loma_Prieta_1989_Corralitos,7.0,755228.8090866206,23.728064373864356,1.605643367380175,0.5589701143139352,0.3501038149948886,0.34812843603369453,0.8481740220485228,800.3533323288627,107889.82986951723,34861030.99909627,40000000.0,0.7430515499548134,0.032214554413775735,0.644,0.6861034364890142,0.3994006678649551,6.918654308054634,11.41,0.6811214742642783,1.0778947368421052,0.6013302051581373,1.3199080733800916,1.8982242660620563,0.38508825034434124,0.9337425545933808,1.4896105459093423,2.357352437191223,0.02563523143159249,0.02919866392077733,0.49768782242982135,3995975.0264039086,12.363052257023273
Bldg_008_7St,Loma_Prieta_1989_Corralitos_scaled_0.39g,7.0,755228.8090866206,23.728064373864356,1.605643367380175,0.5589701143139352,0.3501038149948886,0.34812843603369453,0.8481740220485228,800.3533323288627,107889.82986951723,34861030.99909627,40000000.0,0.7430515499548134,0.032214554413775735,0.3864,0.4116620618934086,0.2396404007189732,2.4907155508996683,11.41,0.6811214742642783,1.0778947368421052,0.360798123094876,0.7919448440280393,1.1389345596372409,0.2310529502066007,0.9337425545933644,1.4896105459093423,2.357352437191223,0.01538113885895522,0.017519198352467867,0.2986126934579033,2397585.0158424424,7.417831354212136
Bldg_008_7St,Loma_Prieta_1989_Corralitos_scaled_0.90g,7.0,755228.8090866206,23.728064373864356,1.605643367380175,0.5589701143139352,0.3501038149948886,0.34812843603369453,0.8481740220485228,800.3533323288627,107889.82986951723,34861030.99909627,40000000.0,0.7430515499548134,0.032214554413775735,0.9015999999999998,0.9605448110846201,0.5591609350109363,13.560562443787077,11.41,0.6811214742642782,1.0778947368421052,0.8418622872212678,1.847871302732137,2.6575139724868926,0.5391235504819977,0.9337425545932431,1.4896105459093423,2.3573524371912233,0.03588932400422418,0.04087812948909152,0.6967629514017711,5594365.03696583,17.308273159832957
Bldg_008_7St,San_Fernando_1971_Pacoima,7.0,755228.8090866206,23.728064373864356,1.605643367380175,0.5589701143139352,0.3501038149948886,0.34812843603369453,0.8481740220485228,800.3533323288627,107889.82986951723,34861030.99909627,40000000.0,0.7430515499548134,0.032214554413775735,1.17,1.0361741213226916,0.47368625496262196,19.729249200797177,9.42,0.461649004640927,0.28054794520547943,0.5153941810659559,2.896828603827005,3.6752310259343943,0.33012004987578897,0.44050784706491963,5.723240518493789,3.4780609320907185,0.02197170372748417,0.030010580132742274,0.4228248784117199,4422159.044741693,23.67966490512029
Bldg_008_7St,San_Fernando_1971_Pacoima_scaled_0.70g,7.0,755228.8090866206,23.728064373864356,1.605643367380175,0.5589701143139352,0.3501038149948886,0.34812843603369453,0.8481740220485228,800.3533323288627,107889.82986951723,34861030.99909627,40000000.0,0.7430515499548134,0.032214554413775735,0.7020000000000001,0.621704472793615,0.284211752977573,7.102529712286988,9.42,0.46164900464092706,0.28054794520547943,0.30923650863956886,1.7380971622961947,2.2051386155606534,0.19807202992547043,0.44050784706491286,5.723240518493789,3.478060932090718,0.0131830222364903,0.018006348079644314,0.2536949270470537,2653295.426844861,14.207798943072213
Bldg_008_7St,San_Fernando_1971_Pacoima_scaled_1.20g,7.0,755228.8090866206,23.728064373864356,1.605643367380175,0.5589701143139352,0.3501038149948886,0.34812843603369453,0.8481740220485228,800.3533323288627,107889.82986951723,34861030.99909627,40000000.0,0.7430515499548134,0.032214554413775735,1.2,1.062742688536094,0.48583205637192123,20.75397680557232,9.42,0.461649004640927,0.28054794520547943,0.5286094164778992,2.9711062603353433,3.7694677189070944,0.33858466653926805,0.44050784706491597,5.723240518493789,3.4780609320907185,0.02253508074613742,0.030780082187426804,0.4336665419607465,4535547.738196436,24.286835800121775
Bldg_008_7St,Imperial_Valley_1979_Array6,7.0,755228.8090866206,23.728064373864356,1.605643367380175,0.5589701143139352,0.3501038149948886,0.34812843603369453,0.8481740220485228,800.3533323288627,107889.82986951723,34861030.99909627,40000000.0,0.7430515499548134,0.032214554413775735,0.439,0.4470557915681539,0.20993321390578878,3.03447831967358,11.25,0.4646807553227397,0.8192,0.32030755237903324,0.9609800318831941,1.0325843999723687,0.20513393683712022,0.7296299598611236,1.9600138761965027,3.4553687644434303,0.013654990492892483,0.015945927283146834,0.26456522373580404,1978404.3761841422,7.813140478860208
Bldg_008_7St,Imperial_Valley_1979_Array6_scaled_0.26g,7.0,755228.8090866206,23.728064373864356,1.605643367380175,0.5589701143139352,0.3501038149948886,0.34812843603369453,0.8481740220485228,800.3533323288627,107889.82986951723,34861030.99909627,40000000.0,0.7430515499548134,0.032214554413775735,0.26339999999999997,0.26823347494089234,0.1259599283434734,1.0924121950824885,11.25,0.4646807553227397,0.8192,0.19218453142741657,0.5765880191299234,0.61955063998342,0.12308036210226994,0.7296299598611108,1.9600138761965027,3.4553687644434303,0.008192994295735345,0.009567556369888259,0.1587391342414887,1187042.6257104077,4.687884287314623
Bldg_008_7St,Imperial_Valley_1979_Array6_scaled_0.61g,7.0,755228.8090866206,23.728064373864356,1.605643367380175,0.5589701143139352,0.3501038149948886,0.34812843603369453,0.8481740220485228,800.3533323288627,107889.82986951723,34861030.99909627,40000000.0,0.7430515499548134,0.032214554413775735,0.6145999999999999,0.6258781081954151,0.2939064994681046,5.947577506560213,11.25,0.46468075532273967,0.8192,0.44843057333069425,1.3453720446364827,1.4456181599613114,0.2871875115719989,0.7296299598612013,1.9600138761965027,3.4553687644434308,0.01911698669005151,0.022324298196404763,0.370391313230129,2769766.1266577546,10.938396670402271
Bldg_008_7St,Friuli_1976_Tolmezzo,7.0,755228.8090866206,23.728064373864356,1.605643367380175,0.5589701143139352,0.3501038149948886,0.34812843603369453,0.8481740220485228,800.3533323288627,107889.82986951723,34861030.99909627,40000000.0,0.7430515499548134,0.032214554413775735,0.352,0.21352777719546898,0.102872191600987,1.308741949374992,10.049999999999999,0.4278323224718693,0.3250793650793651,0.22328432401869303,0.47863647478168275,0.8365249161991748,0.14298616950986429,0.6343304659621961,4.939234968015187,3.7529734969609474,0.009518805594940309,0.010905652466839659,0.1820817204800685,1464313.6828390176,4.86058002637425
Bldg_008_7St,Friuli_1976_Tolmezzo_scaled_0.21g,7.0,755228.8090866206,23.728064373864356,1.605643367380175,0.5589701143139352,0.3501038149948886,0.34812843603369453,0.8481740220485228,800.3533323288627,107889.82986951723,34861030.99909627,40000000.0,0.7430515499548134,0.032214554413775735,0.2112,0.12811666631728136,0.0617233149605922,0.471147101774997,10.049999999999999,0.42783232247186925,0.3250793650793651,0.13397059441121653,0.28718188486901103,0.501914949719502,0.08579170170591902,0.6343304659621994,4.939234968015187,3.752973496960948,0.005711283356964216,0.0065433914801032835,0.10924903228803297,878588.209703338,2.9163480158244193
Bldg_008_7St,Friuli_1976_Tolmezzo_scaled_0.49g,7.0,755228.8090866206,23.728064373864356,1.605643367380175,0.5589701143139352,0.3501038149948886,0.34812843603369453,0.8481740220485228,800.3533323288627,107889.82986951723,34861030.99909627,40000000.0,0.7430515499548134,0.032214554413775735,0.4927999999999999,0.2989388880736565,0.14402106824138175,2.5651342207749837,10.049999999999999,0.42783232247186936,0.3250793650793651,0.3125980536261551,0.6700910646943594,1.1711348826788337,0.20018063731380034,0.6343304659621656,4.939234968015187,3.752973496960947,0.013326327832915787,0.015267913453574639,0.25491440867208187,2050039.155974567,6.804812036923891
Bldg_009_9St,El_Centro_1940_NS,9.0,1936007.7066165784,33.37060515365388,2.0240667166863795,0.7218964229585041,0.4472852984026352,0.35665643677019115,0.8231148142306102,1262.3615265765725,215111.96740184203,67549516.69497378,85350928.3329129,0.5828654242985061,0.05915571433100036,0.348,0.546705574584446,0.18644040753129837,3.1070282308161543,13.060000000000002,0.534173757427226,0.7447272727272727,0.30197943690184514,0.7443631315860879,0.8664484709616268,0.3077320726807658,0.8677570025915091,2.7178630228943086,3.7891541629357026,0.014911994138784768,0.015505261912797644,0.4339020504647191,4830488.762867565,8.287998889841514
Bldg_009_9St,El_Centro_1940_NS_scaled_0.21g,9.0,1936007.7066165784,33.37060515365388,2.0240667166863795,0.7218964229585041,0.4472852984026352,0.35665643677019115,0.8231148142306102,1262.3615265765725,215111.96740184203,67549516.69497378,85350928.3329129,0.5828654242985061,0.05915571433100036,0.2088,0.3280233447506678,0.11186424451877919,1.1185301630938156,13.060000000000002,0.5341737574272261,0.7447272727272727,0.18118766214109414,0.44661787895163696,0.5198690825769747,0.18463924360844558,0.867757002591447,2.7178630228943086,3.789154162935702,0.00894719648327022,0.009303157147679764,0.2603412302788659,2898293.2577208346,4.9727993339054075
Bldg_009_9St,El_Centro_1940_NS_scaled_0.49g,9.0,1936007.7066165784,33.37060515365388,2.0240667166863795,0.7218964229585041,0.4472852984026352,0.35665643677019115,0.8231148142306102,1262.3615265765725,215111.96740184203,67549516.69497378,85350928.3329129,0.5828654242985061,0.05915571433100036,0.4871999999999999,0.7653878044182246,0.26101657054381694,6.089775332399659,13.060000000000002,0.5341737574272261,0.7447272727272727,0.42277121166255144,1.0421083842204766,1.2130278593462742,0.43082490175303845,0.867757002591444,2.7178630228943086,3.789154162935702,0.020876791794297102,0.02170736667791989,0.6074628706506616,6762684.268015217,11.603198445774153
Bldg_009_9St,Northridge_1994_Sylmar,9.0,1936007.7066165784,33.37060515365388,2.0240667166863795,0.7218964229585041,0.4472852984026352,0.35665643677019115,0.8231148142306102,1262.3615265765725,215111.96740184203,67549516.69497378,85350928.3329129,0.5828654242985061,0.05915571433100036,0.843,0.8309546252613713,0.3287478434080909,9.138133288190668,9.37,0.4931760280806555,0.8192,0.38444883963409615,1.2237767758899842,1.3660523290502116,0.3907699113729385,0.45604844559204766,2.470784566267553,4.1041465956154655,0.018984401395349505,0.023687615973241576,0.5782629572479274,6533666.664332249,10.709054586347644
Bldg_009_9St,Northridge_1994_Sylmar_scaled_0.51g,9.0,1936007.7066165784,33.37060515365388,2.0240667166863795,0.7218964229585041,0.4472852984026352,0.35665643677019115,0.8231148142306102,1262.3615265765725,215111.96740184203,67549516.69497378,85350928.3329129,0.5828654242985061,0.05915571433100036,0.5057999999999999,0.498572775156823,0.1972487060448539,3.289727983748639,9.37,0.49317602808065547,0.8192,0.23066930378046152,0.7342660655340021,0.8196313974301336,0.23446194682376734,0.45604844559205526,2.470784566267553,4.1041465956154655,0.01139064083720989,0.014212569583944493,0.34695777434874586,3920199.998599442,6.425432751808431
Bldg_009_9St,Northridge_1994_Sylmar_scaled_1.18g,9.0,1936007.7066165784,33.37060515365388,2.0240667166863795,0.7218964229585041,0.4472852984026352,0.35665643677019115,0.8231148142306102,1262.3615265765725,215111.96740184203,67549516.69497378,85350928.3329129,0.5828654242985061,0.05915571433100036,1.1802,1.163336475365919,0.4602469807713281,17.910741244853703,9.37,0.4931760280806554,0.8192,0.5382283754877476,1.7132874862459766,1.9124732606702923,0.5470778759221268,0.45604844559205865,2.470784566267553,4.104146595615466,0.026578161953489943,0.033162662362537954,0.809568140147105,9147133.3300652,14.992676420886845
Bldg_009_9St,Loma_Prieta_1989_Corralitos,9.0,1936007.7066165784,33.37060515365388,2.0240667166863795,0.7218964229585041,0.4472852984026352,0.35665643677019115,0.8231148142306102,1262.3615265765725,215111.96740184203,67549516.69497378,85350928.3329129,0.5828654242985061,0.05915571433100036,0.644,0.6861034364890142,0.3994006678649551,6.918654308054634,11.41,0.6811214742642783,1.0778947368421052,0.3692319742421777,1.0138966178370559,1.1224543612441849,0.3756790197288538,0.5733415749102138,1.8777962703633404,2.9716677467447346,0.018232980007645148,0.020746328503082993,0.48052177109064176,6482786.668047884,9.463574340409862
Bldg_009_9St,Loma_Prieta_1989_Corralitos_scaled_0.39g,9.0,1936007.7066165784,33.37060515365388,2.0240667166863795,0.7218964229585041,0.4472852984026352,0.35665643677019115,0.8231148142306102,1262.3615265765725,215111.96740184203,67549516.69497378,85350928.3329129,0.5828654242985061,0.05915571433100036,0.3864,0.4116620618934086,0.2396404007189732,2.4907155508996683,11.41,0.6811214742642783,1.0778947368421052,0.221539184545302,0.6083379707022453,0.6734726167465122,0.2254074118373072,0.5733415749102019,1.8777962703633404,2.9716677467447346,0.010939788004586861,0.012447797101850074,0.2883130626543855,3889672.0008289516,5.678144604248977
Bldg_009_9St,Loma_Prieta_1989_Corralitos_scaled_0.90g,9.0,1936007.7066165784,33.37060515365388,2.0240667166863795,0.7218964229585041,0.4472852984026352,0.35665643677019115,0.8231148142306102,1262.3615265765725,215111.96740184203,67549516.69497378,85350928.3329129,0.5828654242985061,0.05915571433100036,0.9015999999999998,0.9605448110846201,0.5591609350109363,13.560562443787077,11.41,0.6811214742642782,1.0778947368421052,0.5169247639390362,1.41945526497192,1.5714361057418522,0.5259506276203789,0.5733415749102,1.8777962703633404,2.971667746744735,0.025526172010702584,0.029044859904316985,0.6727304795268964,9075901.335267154,13.249004076580624
Bldg_009_9St,San_Fernando_1971_Pacoima,9.0,1936007.7066165784,33.37060515365388,2.0240667166863795,0.7218964229585041,0.4472852984026352,0.35665643677019115,0.8231148142306102,1262.3615265765725,215111.96740184203,67549516.69497378,85350928.3329129,0.5828654242985061,0.05915571433100036,1.17,1.0361741213226916,0.47368625496262196,19.729249200797177,9.42,0.461649004640927,0.28054794520547943,0.5906082870703522,1.2622390241223294,1.9867826570078477,0.600236366314414,0.5047934077524378,7.214690933501256,4.3844277716156,0.029164725272249118,0.03213944080582918,0.793018168128893,9419352.916464705,11.695587729518577
Bldg_009_9St,San_Fernando_1971_Pacoima_scaled_0.70g,9.0,1936007.7066165784,33.37060515365388,2.0240667166863795,0.7218964229585041,0.4472852984026352,0.35665643677019115,0.8231148142306102,1262.3615265765725,215111.96740184203,67549516.69497378,85350928.3329129,0.5828654242985061,0.05915571433100036,0.7020000000000001,0.621704472793615,0.284211752977573,7.102529712286988,9.42,0.46164900464092706,0.28054794520547943,0.35436497224225555,0.7573434144734165,1.192069594204716,0.36014181978869353,0.5047934077525007,7.214690933501256,4.3844277716155995,0.017498835163351656,0.019283664483497026,0.4758109008773448,5651611.749878627,7.0173526377150885
Bldg_009_9St,San_Fernando_1971_Pacoima_scaled_1.20g,9.0,1936007.7066165784,33.37060515365388,2.0240667166863795,0.7218964229585041,0.4472852984026352,0.35665643677019115,0.8231148142306102,1262.3615265765725,215111.96740184203,67549516.69497378,85350928.3329129,0.5828654242985061,0.05915571433100036,1.2,1.062742688536094,0.48583205637192123,20.75397680557232,9.42,0.461649004640927,0.28054794520547943,0.6057520893029898,1.294604127304949,2.037725802059342,0.6156270423738248,0.5047934077524916,7.214690933501256,4.3844277716156,0.029912538740771516,0.032963529031616395,0.8133519673116301,9660874.786117813,11.995474594374501
Bldg_009_9St,Imperial_Valley_1979_Array6,9.0,1936007.7066165784,33.37060515365388,2.0240667166863795,0.7218964229585041,0.4472852984026352,0.35665643677019115,0.8231148142306102,1262.3615265765725,215111.96740184203,67549516.69497378,85350928.3329129,0.5828654242985061,0.05915571433100036,0.439,0.4470557915681539,0.20993321390578878,3.03447831967358,11.25,0.4646807553227397,0.8192,0.18307920239955713,0.47773242922207565,0.8586269637001185,0.18643769758890738,0.4170369075160755,2.470784566267553,4.355822128421442,0.009040602304331619,0.011269944612198463,0.23993058506048182,3023689.6725408253,4.751617144615299
Bldg_009_9St,Imperial_Valley_1979_Array6_scaled_0.26g,9.0,1936007.7066165784,33.37060515365388,2.0240667166863795,0.7218964229585041,0.4472852984026352,0.35665643677019115,0.8231148142306102,1262.3615265765725,215111.96740184203,67549516.69497378,85350928.3329129,0.5828654242985061,0.05915571433100036,0.26339999999999997,0.26823347494089234,0.1259599283434734,1.0924121950824885,11.25,0.4646807553227397,0.8192,0.10984752143974044,0.2866394575332413,0.515176178220077,0.1118626185533509,0.4170369075160989,2.470784566267553,4.355822128421442,0.005424361382599275,0.00676196676731918,0.14395835103630122,1814213.8035246432,2.850970286768185
Bldg_009_9St,Imperial_Valley_1979_Array6_scaled_0.61g,9.0,1936007.7066165784,33.37060515365388,2.0240667166863795,0.7218964229585041,0.4472852984026352,0.35665643677019115,0.8231148142306102,1262.3615265765725,215111.96740184203,67549516.69497378,85350928.3329129,0.5828654242985061,0.05915571433100036,0.6145999999999999,0.6258781081954151,0.2939064994681046,5.947577506560213,11.25,0.46468075532273967,0.8192,0.2563108833593895,0.6688254009109041,1.2020777491801882,0.26101277662448047,0.417036907516091,2.470784566267553,4.355822128421442,0.012656843226064736,0.01577792245707856,0.3359028190846854,4233165.54155753,6.652264002462836
Bldg_009_9St,Friuli_1976_Tolmezzo,9.0,1936007.7066165784,33.37060515365388,2.0240667166863795,0.7218964229585041,0.4472852984026352,0.35665643677019115,0.8231148142306102,1262.3615265765725,215111.96740184203,67549516.69497378,85350928.3329129,0.5828654242985061,0.05915571433100036,0.352,0.21352777719546898,0.102872191600987,1.308741949374992,10.049999999999999,0.4278323224718693,0.3250793650793651,0.08606642244178539,0.4321787286155803,0.6272896848096627,0.08760936752914374,0.24450688193689032,6.226377106994234,4.730981298916388,0.0042500310622648075,0.005129291907658553,0.11779003190336558,1623256.82489315,3.5664657499520014
Bldg_009_9St,Friuli_1976_Tolmezzo_scaled_0.21g,9.0,1936007.7066165784,33.37060515365388,2.0240667166863795,0.7218964229585041,0.4472852984026352,0.35665643677019115,0.8231148142306102,1262.3615265765725,215111.96740184203,67549516.69497378,85350928.3329129,0.5828654242985061,0.05915571433100036,0.2112,0.12811666631728136,0.0617233149605922,0.471147101774997,10.049999999999999,0.42783232247186925,0.3250793650793651,0.051639853465072195,0.2593072371693472,0.37637381088579863,0.052565620517487435,0.24450688193689488,6.226377106994234,4.730981298916389,0.002550018637358932,0.003077575144595056,0.07067401914201825,973954.0949358661,2.13987944997108
Bldg_009_9St,Friuli_1976_Tolmezzo_scaled_0.49g,9.0,1936007.7066165784,33.37060515365388,2.0240667166863795,0.7218964229585041,0.4472852984026352,0.35665643677019115,0.8231148142306102,1262.3615265765725,215111.96740184203,67549516.69497378,85350928.3329129,0.5828654242985061,0.05915571433100036,0.4927999999999999,0.2989388880736565,0.14402106824138175,2.5651342207749837,10.049999999999999,0.42783232247186936,0.3250793650793651,0.12049299141849658,0.6050502200618223,0.878205558733531,0.12265311454079847,0.24450688193688433,6.226377106994234,4.730981298916388,0.005950043487170584,0.0071810086707220465,0.1649060446647097,2272559.554850433,4.993052049934069
Bldg_010_4St,El_Centro_1940_NS,4.0,577210.2580398876,15.589050114707588,0.9035156567368826,0.3317185659069841,0.22164574174728088,0.367142022867663,0.8750783301686131,710.7068233538631,144302.5645099719,51967001.47358608,60903626.192958586,0.7065322616075785,0.058122873880958124,0.348,0.546705574584446,0.18644040753129837,3.1070282308161543,13.060000000000002,0.534173757427226,0.7447272727272727,0.3443258204004156,0.8307727648735739,0.9760216183829489,0.06975810548794735,0.9894420126448724,1.213216824231654,1.6914265146392455,0.007185689110332421,0.0076814195170681505,0.09156845621841232,1784923.977192828,6.589843417433343
Bldg_010_4St,El_Centro_1940_NS_scaled_0.21g,4.0,577210.2580398876,15.589050114707588,0.9035156567368826,0.3317185659069841,0.22164574174728088,0.367142022867663,0.8750783301686131,710.7068233538631,144302.5645099719,51967001.47358608,60903626.192958586,0.7065322616075785,0.058122873880958124,0.2088,0.3280233447506678,0.11186424451877919,1.1185301630938156,13.060000000000002,0.5341737574272261,0.7447272727272727,0.20659549224025628,0.49846365892414246,0.5856129710297716,0.0418548632927698,0.9894420126449055,1.213216824231654,1.6914265146392453,0.004311413466199597,0.004608851710241013,0.054941073731049506,1070954.3863157334,3.953906050460035
Bldg_010_4St,El_Centro_1940_NS_scaled_0.49g,4.0,577210.2580398876,15.589050114707588,0.9035156567368826,0.3317185659069841,0.22164574174728088,0.367142022867663,0.8750783301686131,710.7068233538631,144302.5645099719,51967001.47358608,60903626.192958586,0.7065322616075785,0.058122873880958124,0.4871999999999999,0.7653878044182246,0.26101657054381694,6.089775332399659,13.060000000000002,0.5341737574272261,0.7447272727272727,0.48205614856060613,1.163081870823011,1.366430265736131,0.09766134768313124,0.9894420126449225,1.213216824231654,1.6914265146392453,0.010059964754465897,0.01075398732389526,0.12819583870577686,2498893.5680699707,9.225780784405956
Bldg_010_4St,Northridge_1994_Sylmar,4.0,577210.2580398876,15.589050114707588,0.9035156567368826,0.3317185659069841,0.22164574174728088,0.367142022867663,0.8750783301686131,710.7068233538631,144302.5645099719,51967001.47358608,60903626.192958586,0.7065322616075785,0.058122873880958124,0.843,0.8309546252613713,0.3287478434080909,9.138133288190668,9.37,0.4931760280806555,0.8192,1.2347770829254874,1.679452903669104,1.3314512752342698,0.25026506629617573,1.4647414981322509,1.1029243856651398,1.8320348218326599,0.025768396422166773,0.025818418403962002,0.33712853467471326,5275986.641151636,21.256121797261418
Bldg_010_4St,Northridge_1994_Sylmar_scaled_0.51g,4.0,577210.2580398876,15.589050114707588,0.9035156567368826,0.3317185659069841,0.22164574174728088,0.367142022867663,0.8750783301686131,710.7068233538631,144302.5645099719,51967001.47358608,60903626.192958586,0.7065322616075785,0.058122873880958124,0.5057999999999999,0.498572775156823,0.1972487060448539,3.289727983748639,9.37,0.49317602808065547,0.8192,0.7408662497552849,1.007671742201465,0.7988707651405663,0.15015903977770395,1.4647414981322362,1.1029243856651398,1.83203482183266,0.015461037853299907,0.01549105104237722,0.20227712080482413,3165591.9846909274,12.753673078356137
Bldg_010_4St,Northridge_1994_Sylmar_scaled_1.18g,4.0,577210.2580398876,15.589050114707588,0.9035156567368826,0.3317185659069841,0.22164574174728088,0.367142022867663,0.8750783301686131,710.7068233538631,144302.5645099719,51967001.47358608,60903626.192958586,0.7065322616075785,0.058122873880958124,1.1802,1.163336475365919,0.4602469807713281,17.910741244853703,9.37,0.4931760280806554,0.8192,1.7286879160956685,2.3512340651367487,1.8640317853279875,0.35037109281464335,1.464741498132239,1.1029243856651398,1.8320348218326603,0.036075754991033195,0.0361457857655478,0.4719799485446055,7386381.297612299,29.758570516167946
Bldg_010_4St,Loma_Prieta_1989_Corralitos,4.0,577210.2580398876,15.589050114707588,0.9035156567368826,0.3317185659069841,0.22164574174728088,0.367142022867663,0.8750783301686131,710.7068233538631,144302.5645099719,51967001.47358608,60903626.192958586,0.7065322616075785,0.058122873880958124,0.644,0.6861034364890142,0.3994006678649551,6.918654308054634,11.41,0.6811214742642783,1.0778947368421052,0.8422045206019826,1.5143907374098264,1.4846533499218442,0.17088595985832528,1.3077709947235754,0.8382225331055063,1.326511776350652,0.017575852561172316,0.01881732911269254,0.2199635738182551,4466432.693663854,11.609008363681513
Bldg_010_4St,Loma_Prieta_1989_Corralitos_scaled_0.39g,4.0,577210.2580398876,15.589050114707588,0.9035156567368826,0.3317185659069841,0.22164574174728088,0.367142022867663,0.8750783301686131,710.7068233538631,144302.5645099719,51967001.47358608,60903626.192958586,0.7065322616075785,0.058122873880958124,0.3864,0.4116620618934086,0.2396404007189732,2.4907155508996683,11.41,0.6811214742642783,1.0778947368421052,0.5053227123611849,0.9086344424458911,0.890792009953104,0.10253157591499423,1.3077709947235632,0.8382225331055063,1.326511776350652,0.010545511536703293,0.011290397467615534,0.13197814429095295,2679859.6161983153,6.9654050182079965
Bldg_010_4St,Loma_Prieta_1989_Corralitos_scaled_0.90g,4.0,577210.2580398876,15.589050114707588,0.9035156567368826,0.3317185659069841,0.22164574174728088,0.367142022867663,0.8750783301686131,710.7068233538631,144302.5645099719,51967001.47358608,60903626.192958586,0.7065322616075785,0.058122873880958124,0.9015999999999998,0.9605448110846201,0.5591609350109363,13.560562443787077,11.41,0.6811214742642782,1.0778947368421052,1.1790863288427775,2.1201470323737523,2.0785146898905724,0.23924034380165599,1.3077709947235778,0.8382225331055063,1.3265117763506522,0.024606193585641284,0.026344260757768776,0.3079490033455507,6253005.771129211,16.25261170915335
Bldg_010_4St,San_Fernando_1971_Pacoima,4.0,577210.2580398876,15.589050114707588,0.9035156567368826,0.3317185659069841,0.22164574174728088,0.367142022867663,0.8750783301686131,710.7068233538631,144302.5645099719,51967001.47358608,60903626.192958586,0.7065322616075785,0.058122873880958124,1.17,1.0361741213226916,0.47368625496262196,19.729249200797177,9.42,0.461649004640927,0.28054794520547943,1.0617610085329283,2.7667831396191023,3.6119268600180074,0.21541495359983215,0.9074880414811354,3.2205392061422087,1.9571484995178139,0.022157747298527673,0.022783600196909035,0.2882506028517371,5222027.567805613,24.416327441970033
Bldg_010_4St,San_Fernando_1971_Pacoima_scaled_0.70g,4.0,577210.2580398876,15.589050114707588,0.9035156567368826,0.3317185659069841,0.22164574174728088,0.367142022867663,0.8750783301686131,710.7068233538631,144302.5645099719,51967001.47358608,60903626.192958586,0.7065322616075785,0.058122873880958124,0.7020000000000001,0.621704472793615,0.284211752977573,7.102529712286988,9.42,0.46164900464092706,0.28054794520547943,0.6370566051197804,1.6600698837714607,2.167156116010802,0.12924897215990408,0.9074880414811685,3.2205392061422087,1.9571484995178137,0.013294648379117088,0.013670160118145161,0.1729503617110463,3133216.5406833785,14.64979646518324
Bldg_010_4St,San_Fernando_1971_Pacoima_scaled_1.20g,4.0,577210.2580398876,15.589050114707588,0.9035156567368826,0.3317185659069841,0.22164574174728088,0.367142022867663,0.8750783301686131,710.7068233538631,144302.5645099719,51967001.47358608,60903626.192958586,0.7065322616075785,0.058122873880958124,1.2,1.062742688536094,0.48583205637192123,20.75397680557232,9.42,0.461649004640927,0.28054794520547943,1.0889856497773533,2.837726297045271,3.704540369249229,0.22093841394854394,0.9074880414811278,3.2205392061422087,1.9571484995178139,0.022725894665156395,0.023367795073753223,0.2956416439505106,5355925.710570038,25.04238711997004
Bldg_010_4St,Imperial_Valley_1979_Array6,4.0,577210.2580398876,15.589050114707588,0.9035156567368826,0.3317185659069841,0.22164574174728088,0.367142022867663,0.8750783301686131,710.7068233538631,144302.5645099719,51967001.47358608,60903626.192958586,0.7065322616075785,0.058122873880958124,0.439,0.4470557915681539,0.20993321390578878,3.03447831967358,11.25,0.4646807553227397,0.8192,0.3443983012683209,0.8938250655806391,0.9024809002965165,0.06977802740857436,0.784506381021232,1.1029243856651398,1.944379332234997,0.0071872017037900035,0.007441298546028901,0.09165191924100122,1766247.425989835,6.5325034695283035
Bldg_010_4St,Imperial_Valley_1979_Array6_scaled_0.26g,4.0,577210.2580398876,15.589050114707588,0.9035156567368826,0.3317185659069841,0.22164574174728088,0.367142022867663,0.8750783301686131,710.7068233538631,144302.5645099719,51967001.47358608,60903626.192958586,0.7065322616075785,0.058122873880958124,0.26339999999999997,0.26823347494089234,0.1259599283434734,1.0924121950824885,11.25,0.4646807553227397,0.8192,0.20663898076099346,0.5362950393483821,0.5414885401779106,0.04186681644514479,0.7845063810212357,1.1029243856651398,1.944379332234997,0.004312321022274022,0.004464779127617478,0.05499115154460126,1059748.4555939338,3.919502081716324
Bldg_010_4St,Imperial_Valley_1979_Array6_scaled_0.61g,4.0,577210.2580398876,15.589050114707588,0.9035156567368826,0.3317185659069841,0.22164574174728088,0.367142022867663,0.8750783301686131,710.7068233538631,144302.5645099719,51967001.47358608,60903626.192958586,0.7065322616075785,0.058122873880958124,0.6145999999999999,0.6258781081954151,0.2939064994681046,5.947577506560213,11.25,0.46468075532273967,0.8192,0.4821576217756414,1.2513550918128882,1.2634732604151206,0.09768923837200262,0.7845063810212195,1.1029243856651398,1.9443793322349971,0.010062082385305843,0.01041781796444067,0.12831268693740183,2472746.396385819,9.145504857338597
Bldg_010_4St,Friuli_1976_Tolmezzo,4.0,577210.2580398876,15.589050114707588,0.9035156567368826,0.3317185659069841,0.22164574174728088,0.367142022867663,0.8750783301686131,710.7068233538631,144302.5645099719,51967001.47358608,60903626.192958586,0.7065322616075785,0.058122873880958124,0.352,0.21352777719546898,0.102872191600987,1.308741949374992,10.049999999999999,0.4278323224718693,0.3250793650793651,0.2869572336627386,0.6867041766887884,0.7616420840453191,0.05806786145669915,0.8152194138145984,2.7793694518761525,2.1118452470273334,0.005988471810402076,0.00620561200428916,0.08241212894735774,1396441.4306145324,6.595003772013959
Bldg_010_4St,Friuli_1976_Tolmezzo_scaled_0.21g,4.0,577210.2580398876,15.589050114707588,0.9035156567368826,0.3317185659069841,0.22164574174728088,0.367142022867663,0.8750783301686131,710.7068233538631,144302.5645099719,51967001.47358608,60903626.192958586,0.7065322616075785,0.058122873880958124,0.2112,0.12811666631728136,0.0617233149605922,0.471147101774997,10.049999999999999,0.42783232247186925,0.3250793650793651,0.17217434019764138,0.4120225060132725,0.45698525042719274,0.03484071687401915,0.8152194138145898,2.7793694518761525,2.111845247027334,0.0035930830862412086,0.003723367202573373,0.04944727736841188,837864.8583686873,3.9570022632081665
Bldg_010_4St,Friuli_1976_Tolmezzo_scaled_0.49g,4.0,577210.2580398876,15.589050114707588,0.9035156567368826,0.3317185659069841,0.22164574174728088,0.367142022867663,0.8750783301686131,710.7068233538631,144302.5645099719,51967001.47358608,60903626.192958586,0.7065322616075785,0.058122873880958124,0.4927999999999999,0.2989388880736565,0.14402106824138175,2.5651342207749837,10.049999999999999,0.42783232247186936,0.3250793650793651,0.4017401271278356,0.9613858473642952,1.0662989176634527,0.0812950060393792,0.8152194138146016,2.7793694518761525,2.111845247027333,0.008383860534562939,0.008687856806004698,0.1153769805262984,1955018.002860306,9.233005280819636
Bldg_011_5St,El_Centro_1940_NS,5.0,1451852.277223199,20.06527884435787,0.894354941017543,0.30523291686505966,0.19519356971894125,0.34128834410841863,0.8825020573804334,1131.928717571005,290370.4554446398,172350178.34134805,172350178.34134805,1.0,0.05720067339243327,0.348,0.546705574584446,0.18644040753129837,3.1070282308161543,13.060000000000002,0.534173757427226,0.7447272727272727,0.3547777226457064,0.9177669335833386,0.8934942363328761,0.07042689476981977,1.0194762144991565,1.200916058495236,1.6742771964783143,0.0064450789485863864,0.006684281744177409,0.09167513646673431,4623189.333542086,6.140981984750563
Bldg_011_5St,El_Centro_1940_NS_scaled_0.21g,5.0,1451852.277223199,20.06527884435787,0.894354941017543,0.30523291686505966,0.19519356971894125,0.34128834410841863,0.8825020573804334,1131.928717571005,290370.4554446398,172350178.34134805,172350178.34134805,1.0,0.05720067339243327,0.2088,0.3280233447506678,0.11186424451877919,1.1185301630938156,13.060000000000002,0.5341737574272261,0.7447272727272727,0.21286663358742902,0.550660160150009,0.5360965417997295,0.04225613686189285,1.0194762144991811,1.200916058495236,1.6742771964783139,0.0038670473691519262,0.004010569046506477,0.055005081880039816,2773913.600125273,3.6845891908502497
Bldg_011_5St,El_Centro_1940_NS_scaled_0.49g,5.0,1451852.277223199,20.06527884435787,0.894354941017543,0.30523291686505966,0.19519356971894125,0.34128834410841863,0.8825020573804334,1131.928717571005,290370.4554446398,172350178.34134805,172350178.34134805,1.0,0.05720067339243327,0.4871999999999999,0.7653878044182246,0.26101657054381694,6.089775332399659,13.060000000000002,0.5341737574272261,0.7447272727272727,0.4966888117039791,1.2848737070166876,1.2508919308660353,0.09859765267774565,1.0194762144991363,1.200916058495236,1.6742771964783139,0.00902311052802076,0.009357994441848327,0.12834519105343095,6472465.0669588875,8.597374778650643
Bldg_011_5St,Northridge_1994_Sylmar,5.0,1451852.277223199,20.06527884435787,0.894354941017543,0.30523291686505966,0.19519356971894125,0.34128834410841863,0.8825020573804334,1131.928717571005,290370.4554446398,172350178.34134805,172350178.34134805,1.0,0.05720067339243327,0.843,0.8309546252613713,0.3287478434080909,9.138133288190668,9.37,0.4931760280806555,0.8192,1.259684004320354,1.5454708281048426,1.6909146194005797,0.2501619626628654,1.4942870751131128,1.0917418713593054,1.8134598806397733,0.02288408301843631,0.021759347599213174,0.31800974971762824,15049871.859926637,17.573313433998557
Bldg_011_5St,Northridge_1994_Sylmar_scaled_0.51g,5.0,1451852.277223199,20.06527884435787,0.894354941017543,0.30523291686505966,0.19519356971894125,0.34128834410841863,0.8825020573804334,1131.928717571005,290370.4554446398,172350178.34134805,172350178.34134805,1.0,0.05720067339243327,0.5057999999999999,0.498572775156823,0.1972487060448539,3.289727983748639,9.37,0.49317602808065547,0.8192,0.755810402592206,0.9272824968628982,1.014548771640347,0.15009717759771785,1.4942870751131003,1.0917418713593054,1.8134598806397733,0.013730449811061668,0.013055608559527688,0.1908058498305728,9029923.115955833,10.543988060400984
Bldg_011_5St,Northridge_1994_Sylmar_scaled_1.18g,5.0,1451852.277223199,20.06527884435787,0.894354941017543,0.30523291686505966,0.19519356971894125,0.34128834410841863,0.8825020573804334,1131.928717571005,290370.4554446398,172350178.34134805,172350178.34134805,1.0,0.05720067339243327,1.1802,1.163336475365919,0.4602469807713281,17.910741244853703,9.37,0.4931760280806554,0.8192,1.7635576060484952,2.163659159346774,2.3672804671608114,0.35022674772801127,1.4942870751131125,1.0917418713593054,1.8134598806397735,0.03203771622581082,0.030463086638898268,0.44521364960466914,21069820.603897173,24.60263880760106
Bldg_011_5St,Loma_Prieta_1989_Corralitos,5.0,1451852.277223199,20.06527884435787,0.894354941017543,0.30523291686505966,0.19519356971894125,0.34128834410841863,0.8825020573804334,1131.928717571005,290370.4554446398,172350178.34134805,172350178.34134805,1.0,0.05720067339243327,0.644,0.6861034364890142,0.3994006678649551,6.918654308054634,11.41,0.6811214742642783,1.0778947368421052,0.8423836016918397,1.5596188289010664,1.282573021428451,0.16747657131538074,1.3080490709500616,0.8297238222330722,1.3130623167968554,0.015303184138538135,0.01613871449697115,0.21179912815481325,11162356.042887015,11.310202290699026
Bldg_011_5St,Loma_Prieta_1989_Corralitos_scaled_0.39g,5.0,1451852.277223199,20.06527884435787,0.894354941017543,0.30523291686505966,0.19519356971894125,0.34128834410841863,0.8825020573804334,1131.928717571005,290370.4554446398,172350178.34134805,172350178.34134805,1.0,0.05720067339243327,0.3864,0.4116620618934086,0.2396404007189732,2.4907155508996683,11.41,0.6811214742642783,1.0778947368421052,0.5054301610150985,0.9357712973406376,0.7695438128570713,0.10048594278922744,1.3080490709500479,0.8297238222330722,1.3130623167968554,0.009181910483122785,0.009683228698182863,0.12707947689288998,6697413.625732327,6.786121374419027
Bldg_011_5St,Loma_Prieta_1989_Corralitos_scaled_0.90g,5.0,1451852.277223199,20.06527884435787,0.894354941017543,0.30523291686505966,0.19519356971894125,0.34128834410841863,0.8825020573804334,1131.928717571005,290370.4554446398,172350178.34134805,172350178.34134805,1.0,0.05720067339243327,0.9015999999999998,0.9605448110846201,0.5591609350109363,13.560562443787077,11.41,0.6811214742642782,1.0778947368421052,1.1793370423685694,2.183466360461494,1.7956022299998318,0.23446719984153178,1.308049070950055,0.8297238222330722,1.3130623167968556,0.021424457793953272,0.022594200295759433,0.2965187794167351,15627298.460041694,15.834283206978053
Bldg_011_5St,San_Fernando_1971_Pacoima,5.0,1451852.277223199,20.06527884435787,0.894354941017543,0.30523291686505966,0.19519356971894125,0.34128834410841863,0.8825020573804334,1131.928717571005,290370.4554446398,172350178.34134805,172350178.34134805,1.0,0.05720067339243327,1.17,1.0361741213226916,0.47368625496262196,19.729249200797177,9.42,0.461649004640927,0.28054794520547943,1.0582719044106865,2.7778114661552786,2.8180109033494527,0.21038003690597798,0.9045059012057151,3.187886264369172,1.9373050348352356,0.019225124740453556,0.01975226250828292,0.27421268100740465,13661669.695650268,21.22024921630658
Bldg_011_5St,San_Fernando_1971_Pacoima_scaled_0.70g,5.0,1451852.277223199,20.06527884435787,0.894354941017543,0.30523291686505966,0.19519356971894125,0.34128834410841863,0.8825020573804334,1131.928717571005,290370.4554446398,172350178.34134805,172350178.34134805,1.0,0.05720067339243327,0.7020000000000001,0.621704472793615,0.284211752977573,7.102529712286988,9.42,0.46164900464092706,0.28054794520547943,0.6349631426464162,1.6666868796931642,1.6908065420096694,0.12622802214358758,0.9045059012057209,3.187886264369172,1.9373050348352354,0.01153507484427221,0.011851357504969861,0.1645276086044434,8197001.817390237,12.732149529784012
Bldg_011_5St,San_Fernando_1971_Pacoima_scaled_1.20g,5.0,1451852.277223199,20.06527884435787,0.894354941017543,0.30523291686505966,0.19519356971894125,0.34128834410841863,0.8825020573804334,1131.928717571005,290370.4554446398,172350178.34134805,172350178.34134805,1.0,0.05720067339243327,1.2,1.062742688536094,0.48583205637192123,20.75397680557232,9.42,0.461649004640927,0.28054794520547943,1.0854070814468268,2.849037401184896,2.890267593178924,0.21577439682663788,0.9045059012056891,3.187886264369172,1.9373050348352356,0.019718076656874875,0.02025873077772614,0.2812437753922156,14011968.918615708,21.76435817056811
Bldg_011_5St,Imperial_Valley_1979_Array6,5.0,1451852.277223199,20.06527884435787,0.894354941017543,0.30523291686505966,0.19519356971894125,0.34128834410841863,0.8825020573804334,1131.928717571005,290370.4554446398,172350178.34134805,172350178.34134805,1.0,0.05720067339243327,0.439,0.4470557915681539,0.20993321390578878,3.03447831967358,11.25,0.4646807553227397,0.8192,0.35467330127545227,0.9433544518454308,0.9181149117586105,0.07040858218186574,0.807911848007864,1.0917418713593054,1.924665333722239,0.006443181974982213,0.0067826442746772,0.08882220520954195,4691221.864071333,7.550993851874795
Bldg_011_5St,Imperial_Valley_1979_Array6_scaled_0.26g,5.0,1451852.277223199,20.06527884435787,0.894354941017543,0.30523291686505966,0.19519356971894125,0.34128834410841863,0.8825020573804334,1131.928717571005,290370.4554446398,172350178.34134805,172350178.34134805,1.0,0.05720067339243327,0.26339999999999997,0.26823347494089234,0.1259599283434734,1.0924121950824885,11.25,0.4646807553227397,0.8192,0.21280398076527057,0.5660126711072537,0.5508689470551661,0.0422451493091193,0.8079118480078611,1.0917418713593054,1.924665333722239,0.003865909184989314,0.004069586564806413,0.05329332312572493,2814733.118442864,4.530596311124819
Bldg_011_5St,Imperial_Valley_1979_Array6_scaled_0.61g,5.0,1451852.277223199,20.06527884435787,0.894354941017543,0.30523291686505966,0.19519356971894125,0.34128834410841863,0.8825020573804334,1131.928717571005,290370.4554446398,172350178.34134805,172350178.34134805,1.0,0.05720067339243327,0.6145999999999999,0.6258781081954151,0.2939064994681046,5.947577506560213,11.25,0.46468075532273967,0.8192,0.4965426217856085,1.3206962325835945,1.2853608764620563,0.0985720150546073,0.8079118480078239,1.0917418713593054,1.9246653337222392,0.00902045476497465,0.0094957019845485,0.12435108729336103,6567710.609700157,10.571391392625495
Bldg_011_5St,Friuli_1976_Tolmezzo,5.0,1451852.277223199,20.06527884435787,0.894354941017543,0.30523291686505966,0.19519356971894125,0.34128834410841863,0.8825020573804334,1131.928717571005,290370.4554446398,172350178.34134805,172350178.34134805,1.0,0.05720067339243327,0.352,0.21352777719546898,0.102872191600987,1.308741949374992,10.049999999999999,0.4278323224718693,0.3250793650793651,0.30240590816218216,0.7527258936697282,0.5827617127975068,0.059961307910492145,0.859107693642563,2.7511895158254496,2.090433317076805,0.005493664985753907,0.005043959939278612,0.07925600349381709,3471450.248633101,5.445761001633115
Bldg_011_5St,Friuli_1976_Tolmezzo_scaled_0.21g,5.0,1451852.277223199,20.06527884435787,0.894354941017543,0.30523291686505966,0.19519356971894125,0.34128834410841863,0.8825020573804334,1131.928717571005,290370.4554446398,172350178.34134805,172350178.34134805,1.0,0.05720067339243327,0.2112,0.12811666631728136,0.0617233149605922,0.471147101774997,10.049999999999999,0.42783232247186925,0.3250793650793651,0.18144354489730802,0.45163553620183344,0.3496570276785042,0.03597678474629504,0.8591076936425569,2.7511895158254496,2.0904333170768052,0.003296198991452321,0.003026375963567202,0.04755360209629117,2082870.149179873,3.2674566009797377
Bldg_011_5St,Friuli_1976_Tolmezzo_scaled_0.49g,5.0,1451852.277223199,20.06527884435787,0.894354941017543,0.30523291686505966,0.19519356971894125,0.34128834410841863,0.8825020573804334,1131.928717571005,290370.4554446398,172350178.34134805,172350178.34134805,1.0,0.05720067339243327,0.4927999999999999,0.2989388880736565,0.14402106824138175,2.5651342207749837,10.049999999999999,0.42783232247186936,0.3250793650793651,0.42336827142706535,1.0538162511376206,0.8158663979165096,0.08394583107469107,0.8591076936425841,2.7511895158254496,2.0904333170768044,0.007691130980055657,0.007061543914990267,0.11095840489134676,4860030.348086471,7.624065402286425
Bldg_012_9St,El_Centro_1940_NS,9.0,2233538.9192729555,32.21400348906792,2.044992330417825,0.6938026305909998,0.4232174107613456,0.33926906241709215,0.8677249013184531,1392.155644429548,248170.99103032838,85201688.07554445,70380243.16449313,1.161922715813221,0.03024827774377832,0.348,0.546705574584446,0.18644040753129837,3.1070282308161543,13.060000000000002,0.534173757427226,0.7447272727272727,0.3847225677278412,0.8675626766375227,1.197015103594582,0.4010699265701137,1.1055246199075897,2.7459613811762784,3.8283279588036065,0.02483077933267926,0.02601340929021048,0.5212140459830348,7660389.406649901,8.62804055023778
Bldg_012_9St,El_Centro_1940_NS_scaled_0.21g,9.0,2233538.9192729555,32.21400348906792,2.044992330417825,0.6938026305909998,0.4232174107613456,0.33926906241709215,0.8677249013184531,1392.155644429548,248170.99103032838,85201688.07554445,70380243.16449313,1.161922715813221,0.03024827774377832,0.2088,0.3280233447506678,0.11186424451877919,1.1185301630938156,13.060000000000002,0.5341737574272261,0.7447272727272727,0.2308335406366986,0.5205376059824985,0.7182090621567572,0.2406419559420602,1.1055246199075601,2.7459613811762784,3.8283279588036057,0.014898467599607161,0.01560804557412626,0.31272842758982744,4596233.643989933,5.176824330139866
Bldg_012_9St,El_Centro_1940_NS_scaled_0.49g,9.0,2233538.9192729555,32.21400348906792,2.044992330417825,0.6938026305909998,0.4232174107613456,0.33926906241709215,0.8677249013184531,1392.155644429548,248170.99103032838,85201688.07554445,70380243.16449313,1.161922715813221,0.03024827774377832,0.4871999999999999,0.7653878044182246,0.26101657054381694,6.089775332399659,13.060000000000002,0.5341737574272261,0.7447272727272727,0.5386115948189321,1.214587747292485,1.6758211450324163,0.5614978971981089,1.1055246199074962,2.7459613811762784,3.8283279588036057,0.03476309106574802,0.03641877300629674,0.7296996643762971,10724545.169310471,12.079256770333506
Bldg_012_9St,Northridge_1994_Sylmar,9.0,2233538.9192729555,32.21400348906792,2.044992330417825,0.6938026305909998,0.4232174107613456,0.33926906241709215,0.8677249013184531,1392.155644429548,248170.99103032838,85201688.07554445,70380243.16449313,1.161922715813221,0.03024827774377832,0.843,0.8309546252613713,0.3287478434080909,9.138133288190668,9.37,0.4931760280806555,0.8192,0.3980257196837624,1.501172686707764,2.006324444373351,0.4125401862727938,0.4721538786284251,2.496328528342071,4.146576909620961,0.025689391897565906,0.03158136621301693,0.5321333200864995,9300032.936350595,11.00463289067548
Bldg_012_9St,Northridge_1994_Sylmar_scaled_0.51g,9.0,2233538.9192729555,32.21400348906792,2.044992330417825,0.6938026305909998,0.4232174107613456,0.33926906241709215,0.8677249013184531,1392.155644429548,248170.99103032838,85201688.07554445,70380243.16449313,1.161922715813221,0.03024827774377832,0.5057999999999999,0.498572775156823,0.1972487060448539,3.289727983748639,9.37,0.49317602808065547,0.8192,0.2388154318102561,0.9007036120246277,1.2037946666240045,0.2475241117636753,0.47215387862842256,2.496328528342071,4.146576909620961,0.01541363513853946,0.018948819727813846,0.31927999205192215,5580019.761811443,6.602779734405238
Bldg_012_9St,Northridge_1994_Sylmar_scaled_1.18g,9.0,2233538.9192729555,32.21400348906792,2.044992330417825,0.6938026305909998,0.4232174107613456,0.33926906241709215,0.8677249013184531,1392.155644429548,248170.99103032838,85201688.07554445,70380243.16449313,1.161922715813221,0.03024827774377832,1.1802,1.163336475365919,0.4602469807713281,17.910741244853703,9.37,0.4931760280806554,0.8192,0.5572360075572776,2.1016417613907934,2.8088542221227035,0.5775562607819232,0.4721538786284339,2.496328528342071,4.146576909620962,0.035965148656592935,0.04421391269822769,0.7449866481211339,13020046.110892007,15.406486046941396
Bldg_012_9St,Loma_Prieta_1989_Corralitos,9.0,2233538.9192729555,32.21400348906792,2.044992330417825,0.6938026305909998,0.4232174107613456,0.33926906241709215,0.8677249013184531,1392.155644429548,248170.99103032838,85201688.07554445,70380243.16449313,1.161922715813221,0.03024827774377832,0.644,0.6861034364890142,0.3994006678649551,6.918654308054634,11.41,0.6811214742642783,1.0778947368421052,0.44785377946874927,1.2662303266744404,1.698857762131349,0.46618946875402695,0.695425123398679,1.8972096815399742,3.002390040083156,0.02890539652241501,0.03392377740091144,0.5520659798938542,9989822.638637638,10.55470955892905
Bldg_012_9St,Loma_Prieta_1989_Corralitos_scaled_0.39g,9.0,2233538.9192729555,32.21400348906792,2.044992330417825,0.6938026305909998,0.4232174107613456,0.33926906241709215,0.8677249013184531,1392.155644429548,248170.99103032838,85201688.07554445,70380243.16449313,1.161922715813221,0.03024827774377832,0.3864,0.4116620618934086,0.2396404007189732,2.4907155508996683,11.41,0.6811214742642783,1.0778947368421052,0.2687122676811885,0.7597381960046505,1.0193146572788039,0.27971368125235124,0.6954251233985209,1.8972096815399742,3.002390040083156,0.017343237913445064,0.02035426644054857,0.33123958793637515,5993893.583183086,6.332825735357953
Bldg_012_9St,Loma_Prieta_1989_Corralitos_scaled_0.90g,9.0,2233538.9192729555,32.21400348906792,2.044992330417825,0.6938026305909998,0.4232174107613456,0.33926906241709215,0.8677249013184531,1392.155644429548,248170.99103032838,85201688.07554445,70380243.16449313,1.161922715813221,0.03024827774377832,0.9015999999999998,0.9605448110846201,0.5591609350109363,13.560562443787077,11.41,0.6811214742642782,1.0778947368421052,0.6269952912561525,1.7727224573441573,2.3784008669838648,0.6526652562555344,0.6954251233985721,1.8972096815399742,3.0023900400831565,0.04046755513137478,0.04749328836127886,0.7728923718514124,13985751.694093531,14.776593382503744
Bldg_012_9St,San_Fernando_1971_Pacoima,9.0,2233538.9192729555,32.21400348906792,2.044992330417825,0.6938026305909998,0.4232174107613456,0.33926906241709215,0.8677249013184531,1392.155644429548,248170.99103032838,85201688.07554445,70380243.16449313,1.161922715813221,0.03024827774377832,1.17,1.0361741213226916,0.47368625496262196,19.729249200797177,9.42,0.461649004640927,0.28054794520547943,0.6989238809168001,1.5067424898457265,2.285556345774224,0.7240190643025389,0.5973708383904275,7.289279302758849,4.429755744861684,0.04510997303818667,0.0530041219803127,0.9232200702000453,15608573.639733067,11.98209589724793
Bldg_012_9St,San_Fernando_1971_Pacoima_scaled_0.70g,9.0,2233538.9192729555,32.21400348906792,2.044992330417825,0.6938026305909998,0.4232174107613456,0.33926906241709215,0.8677249013184531,1392.155644429548,248170.99103032838,85201688.07554445,70380243.16449313,1.161922715813221,0.03024827774377832,0.7020000000000001,0.621704472793615,0.284211752977573,7.102529712286988,9.42,0.46164900464092706,0.28054794520547943,0.41935432855002236,0.9040454939074468,1.3713338074645356,0.4344114385814638,0.5973708383903452,7.289279302758849,4.4297557448616836,0.02706598382290827,0.03180247318818683,0.553932042120033,9365144.183839608,7.1892575383516775
Bldg_012_9St,San_Fernando_1971_Pacoima_scaled_1.20g,9.0,2233538.9192729555,32.21400348906792,2.044992330417825,0.6938026305909998,0.4232174107613456,0.33926906241709215,0.8677249013184531,1392.155644429548,248170.99103032838,85201688.07554445,70380243.16449313,1.161922715813221,0.03024827774377832,1.2,1.062742688536094,0.48583205637192123,20.75397680557232,9.42,0.461649004640927,0.28054794520547943,0.7168450060684145,1.5453769126623158,2.344160354640241,0.7425836556948113,0.5973708383903454,7.289279302758849,4.429755744861684,0.046266639013518435,0.054363202031093,0.9468923796924076,16008793.476650199,12.2893291253917
Bldg_012_9St,Imperial_Valley_1979_Array6,9.0,2233538.9192729555,32.21400348906792,2.044992330417825,0.6938026305909998,0.4232174107613456,0.33926906241709215,0.8677249013184531,1392.155644429548,248170.99103032838,85201688.07554445,70380243.16449313,1.161922715813221,0.03024827774377832,0.439,0.4470557915681539,0.20993321390578878,3.03447831967358,11.25,0.4646807553227397,0.8192,0.2229786853311656,0.5580353402498438,1.1439166955169997,0.23198160010261593,0.5079241123716757,2.496328528342071,4.400854365052184,0.014391499214742897,0.01485145755056254,0.2941729383765418,4373434.747611256,4.634144475740885
Bldg_012_9St,Imperial_Valley_1979_Array6_scaled_0.26g,9.0,2233538.9192729555,32.21400348906792,2.044992330417825,0.6938026305909998,0.4232174107613456,0.33926906241709215,0.8677249013184531,1392.155644429548,248170.99103032838,85201688.07554445,70380243.16449313,1.161922715813221,0.03024827774377832,0.26339999999999997,0.26823347494089234,0.1259599283434734,1.0924121950824885,11.25,0.4646807553227397,0.8192,0.1337872111987073,0.3348212041499074,0.686350017310208,0.13918896006157613,0.5079241123717058,2.496328528342071,4.400854365052184,0.008634899528846251,0.008910874530337603,0.17650376302592544,2624060.848566777,2.780486685441154
Bldg_012_9St,Imperial_Valley_1979_Array6_scaled_0.61g,9.0,2233538.9192729555,32.21400348906792,2.044992330417825,0.6938026305909998,0.4232174107613456,0.33926906241709215,0.8677249013184531,1392.155644429548,248170.99103032838,85201688.07554445,70380243.16449313,1.161922715813221,0.03024827774377832,0.6145999999999999,0.6258781081954151,0.2939064994681046,5.947577506560213,11.25,0.46468075532273967,0.8192,0.3121701594636834,0.7812494763497675,1.6014833737238363,0.32477424014371487,0.5079241123717596,2.496328528342071,4.400854365052184,0.02014809890064339,0.020792040570787502,0.4118421137271698,6122808.646655743,6.487802266036967
Bldg_012_9St,Friuli_1976_Tolmezzo,9.0,2233538.9192729555,32.21400348906792,2.044992330417825,0.6938026305909998,0.4232174107613456,0.33926906241709215,0.8677249013184531,1392.155644429548,248170.99103032838,85201688.07554445,70380243.16449313,1.161922715813221,0.03024827774377832,0.352,0.21352777719546898,0.102872191600987,1.308741949374992,10.049999999999999,0.4278323224718693,0.3250793650793651,0.10165540725661656,0.6634394098505834,0.8370102812666947,0.10571067237611666,0.28879377061538797,6.290747891422019,4.779892081557925,0.006561047355424012,0.007525887654968297,0.13308630810927974,2216212.0091445325,4.618870974001105
Bldg_012_9St,Friuli_1976_Tolmezzo_scaled_0.21g,9.0,2233538.9192729555,32.21400348906792,2.044992330417825,0.6938026305909998,0.4232174107613456,0.33926906241709215,0.8677249013184531,1392.155644429548,248170.99103032838,85201688.07554445,70380243.16449313,1.161922715813221,0.03024827774377832,0.2112,0.12811666631728136,0.0617233149605922,0.471147101774997,10.049999999999999,0.42783232247186925,0.3250793650793651,0.06099324435397237,0.39806364591034515,0.5022061687600143,0.06342640342567252,0.28879377061539946,6.290747891422019,4.779892081557926,0.0039366284132545636,0.004515532592981162,0.07985178486555566,1329727.2054867733,2.7713225844006777
Bldg_012_9St,Friuli_1976_Tolmezzo_scaled_0.49g,9.0,2233538.9192729555,32.21400348906792,2.044992330417825,0.6938026305909998,0.4232174107613456,0.33926906241709215,0.8677249013184531,1392.155644429548,248170.99103032838,85201688.07554445,70380243.16449313,1.161922715813221,0.03024827774377832,0.4927999999999999,0.2989388880736565,0.14402106824138175,2.5651342207749837,10.049999999999999,0.42783232247186936,0.3250793650793651,0.14231757015927324,0.9288151737907988,1.1718143937733583,0.14799494132657387,0.2887937706154084,6.290747891422019,4.779892081557924,0.009185466297594265,0.010536242716955621,0.18632083135297264,3102696.812802347,6.46641936360468
Bldg_013_5St,El_Centro_1940_NS,5.0,1315261.8799432397,20.03360101241618,1.3089278898694292,0.4557281832227655,0.2894843887416233,0.3481690525123016,0.8754262397221849,1073.0399628199511,263052.3759886479,71241185.83983777,75531053.48463854,0.8864078429497019,0.054416184732467,0.348,0.546705574584446,0.18644040753129837,3.1070282308161543,13.060000000000002,0.534173757427226,0.7447272727272727,0.3724267795500138,0.8586017968016503,0.9030264112295798,0.15848471710515677,1.0701918952586604,1.757593602119595,2.45037849888714,0.013895648259704725,0.014037934519339608,0.20454882018451728,4248325.362555066,6.670369123148067
Bldg_013_5St,El_Centro_1940_NS_scaled_0.21g,5.0,1315261.8799432397,20.03360101241618,1.3089278898694292,0.4557281832227655,0.2894843887416233,0.3481690525123016,0.8754262397221849,1073.0399628199511,263052.3759886479,71241185.83983777,75531053.48463854,0.8864078429497019,0.054416184732467,0.2088,0.3280233447506678,0.11186424451877919,1.1185301630938156,13.060000000000002,0.5341737574272261,0.7447272727272727,0.22345606773001853,0.5151610780809904,0.541815846737747,0.09509083026309843,1.0701918952587093,1.757593602119595,2.4503784988871398,0.008337388955823217,0.008422760711604013,0.1227292921107129,2548995.2175331153,4.002221473888203
Bldg_013_5St,El_Centro_1940_NS_scaled_0.49g,5.0,1315261.8799432397,20.03360101241618,1.3089278898694292,0.4557281832227655,0.2894843887416233,0.3481690525123016,0.8754262397221849,1073.0399628199511,263052.3759886479,71241185.83983777,75531053.48463854,0.8864078429497019,0.054416184732467,0.4871999999999999,0.7653878044182246,0.26101657054381694,6.089775332399659,13.060000000000002,0.5341737574272261,0.7447272727272727,0.5213974913700196,1.2020425155222974,1.2642369757214127,0.22187860394721962,1.070191895258661,1.757593602119595,2.4503784988871398,0.019453907563586625,0.019653108327075845,0.28636834825832913,5947655.5075772125,9.338516772407534
Bldg_013_5St,Northridge_1994_Sylmar,5.0,1315261.8799432397,20.03360101241618,1.3089278898694292,0.4557281832227655,0.2894843887416233,0.3481690525123016,0.8754262397221849,1073.0399628199511,263052.3759886479,71241185.83983777,75531053.48463854,0.8864078429497019,0.054416184732467,0.843,0.8309546252613713,0.3287478434080909,9.138133288190668,9.37,0.4931760280806555,0.8192,0.6004905606588761,1.3527928378314216,1.822596254856007,0.25559445381222556,0.7123256947317629,1.597812365563268,2.6540784939680058,0.022404956013825177,0.024104335413057353,0.34473706992251985,7294738.363521244,12.76002471634678
Bldg_013_5St,Northridge_1994_Sylmar_scaled_0.51g,5.0,1315261.8799432397,20.03360101241618,1.3089278898694292,0.4557281832227655,0.2894843887416233,0.3481690525123016,0.8754262397221849,1073.0399628199511,263052.3759886479,71241185.83983777,75531053.48463854,0.8864078429497019,0.054416184732467,0.5057999999999999,0.498572775156823,0.1972487060448539,3.289727983748639,9.37,0.49317602808065547,0.8192,0.360294336395343,0.8116757026988501,1.093557752913607,0.15335667228734265,0.7123256947317972,1.597812365563268,2.654078493968006,0.013442973608295753,0.01446260124783362,0.2068422419535144,4376843.018112507,7.656014829806773
Bldg_013_5St,Northridge_1994_Sylmar_scaled_1.18g,5.0,1315261.8799432397,20.03360101241618,1.3089278898694292,0.4557281832227655,0.2894843887416233,0.3481690525123016,0.8754262397221849,1073.0399628199511,263052.3759886479,71241185.83983777,75531053.48463854,0.8864078429497019,0.054416184732467,1.1802,1.163336475365919,0.4602469807713281,17.910741244853703,9.37,0.4931760280806554,0.8192,0.8406867849224563,1.8939099729639879,2.5516347567984132,0.35783223533712843,0.7123256947317881,1.597812365563268,2.6540784939680067,0.03136693841935636,0.03374606957827938,0.4826318978915293,10212633.708929466,17.86403460287665
Bldg_013_5St,Loma_Prieta_1989_Corralitos,5.0,1315261.8799432397,20.03360101241618,1.3089278898694292,0.4557281832227655,0.2894843887416233,0.3481690525123016,0.8754262397221849,1073.0399628199511,263052.3759886479,71241185.83983777,75531053.48463854,0.8864078429497019,0.054416184732467,0.644,0.6861034364890142,0.3994006678649551,6.918654308054634,11.41,0.6811214742642783,1.0778947368421052,0.7220725129636621,1.1626540706879076,1.8094533592818824,0.30723101051888946,1.121230610192022,1.2143373978280838,1.9217245958707787,0.02694131090752214,0.025541805271608015,0.40982427615692046,7729762.451258371,14.401238939066918
Bldg_013_5St,Loma_Prieta_1989_Corralitos_scaled_0.39g,5.0,1315261.8799432397,20.03360101241618,1.3089278898694292,0.4557281832227655,0.2894843887416233,0.3481690525123016,0.8754262397221849,1073.0399628199511,263052.3759886479,71241185.83983777,75531053.48463854,0.8864078429497019,0.054416184732467,0.3864,0.4116620618934086,0.2396404007189732,2.4907155508996683,11.41,0.6811214742642783,1.0778947368421052,0.43324350777818504,0.6975924424127435,1.0856720155691262,0.18433860631132845,1.1212306101919902,1.2143373978280838,1.9217245958707787,0.016164786544512824,0.015325083162963977,0.24589456569415555,4637857.470754771,8.640743363443026
Bldg_013_5St,Loma_Prieta_1989_Corralitos_scaled_0.90g,5.0,1315261.8799432397,20.03360101241618,1.3089278898694292,0.4557281832227655,0.2894843887416233,0.3481690525123016,0.8754262397221849,1073.0399628199511,263052.3759886479,71241185.83983777,75531053.48463854,0.8864078429497019,0.054416184732467,0.9015999999999998,0.9605448110846201,0.5591609350109363,13.560562443787077,11.41,0.6811214742642782,1.0778947368421052,1.0109015181491092,1.6277156989630812,2.5332347029946347,0.4301234147264375,1.1212306101920024,1.2143373978280838,1.9217245958707792,0.03771783527053033,0.03575852738024987,0.5737539866196827,10821667.43176131,20.161734514696004
Bldg_013_5St,San_Fernando_1971_Pacoima,5.0,1315261.8799432397,20.03360101241618,1.3089278898694292,0.4557281832227655,0.2894843887416233,0.3481690525123016,0.8754262397221849,1073.0399628199511,263052.3759886479,71241185.83983777,75531053.48463854,0.8864078429497019,0.054416184732467,1.17,1.0361741213226916,0.47368625496262196,19.729249200797177,9.42,0.461649004640927,0.28054794520547943,0.8687892060705609,2.1038846577488055,3.6123849060557554,0.3696597616932319,0.7425548769833854,4.665612107444743,2.8353313376848286,0.03241547032136398,0.03937246427339324,0.4967322316657684,11915359.651272867,17.949970053800058
Bldg_013_5St,San_Fernando_1971_Pacoima_scaled_0.70g,5.0,1315261.8799432397,20.03360101241618,1.3089278898694292,0.4557281832227655,0.2894843887416233,0.3481690525123016,0.8754262397221849,1073.0399628199511,263052.3759886479,71241185.83983777,75531053.48463854,0.8864078429497019,0.054416184732467,0.7020000000000001,0.621704472793615,0.284211752977573,7.102529712286988,9.42,0.46164900464092706,0.28054794520547943,0.5212735236423202,1.2623307946492763,2.167430943633455,0.2217958570159322,0.742554876983362,4.665612107444743,2.835331337684828,0.019449282192817777,0.023623478564035964,0.29803933899946305,7149215.790763726,10.769982032279245
Bldg_013_5St,San_Fernando_1971_Pacoima_scaled_1.20g,5.0,1315261.8799432397,20.03360101241618,1.3089278898694292,0.4557281832227655,0.2894843887416233,0.3481690525123016,0.8754262397221849,1073.0399628199511,263052.3759886479,71241185.83983777,75531053.48463854,0.8864078429497019,0.054416184732467,1.2,1.062742688536094,0.48583205637192123,20.75397680557232,9.42,0.461649004640927,0.28054794520547943,0.8910658523800657,2.157830418203872,3.705010160057156,0.3791382171212649,0.7425548769833882,4.665612107444743,2.8353313376848286,0.033246636227040105,0.04038201463937639,0.5094689555546316,12220881.693612806,18.410225696206687
Bldg_013_5St,Imperial_Valley_1979_Array6,5.0,1315261.8799432397,20.03360101241618,1.3089278898694292,0.4557281832227655,0.2894843887416233,0.3481690525123016,0.8754262397221849,1073.0399628199511,263052.3759886479,71241185.83983777,75531053.48463854,0.8864078429497019,0.054416184732467,0.439,0.4470557915681539,0.20993321390578878,3.03447831967358,11.25,0.4646807553227397,0.8192,0.2206180777824675,0.9380664526526251,0.8947924832427562,0.09389283286017189,0.5025468742197438,1.597812365563268,2.8168325777991936,0.008231500463799644,0.008277977111537178,0.12147389246330323,2505179.0963367536,5.2897387610640605
Bldg_013_5St,Imperial_Valley_1979_Array6_scaled_0.26g,5.0,1315261.8799432397,20.03360101241618,1.3089278898694292,0.4557281832227655,0.2894843887416233,0.3481690525123016,0.8754262397221849,1073.0399628199511,263052.3759886479,71241185.83983777,75531053.48463854,0.8864078429497019,0.054416184732467,0.26339999999999997,0.26823347494089234,0.1259599283434734,1.0924121950824885,11.25,0.4646807553227397,0.8192,0.1323708466694818,0.5628398715915813,0.536875489945655,0.056335699716103686,0.5025468742197486,1.597812365563268,2.8168325777991936,0.004938900278279834,0.004966786266922069,0.07288433547797925,1503107.4578019802,3.173843256638632
Bldg_013_5St,Imperial_Valley_1979_Array6_scaled_0.61g,5.0,1315261.8799432397,20.03360101241618,1.3089278898694292,0.4557281832227655,0.2894843887416233,0.3481690525123016,0.8754262397221849,1073.0399628199511,263052.3759886479,71241185.83983777,75531053.48463854,0.8864078429497019,0.054416184732467,0.6145999999999999,0.6258781081954151,0.2939064994681046,5.947577506560213,11.25,0.46468075532273967,0.8192,0.30886530889546365,1.3132930337136837,1.2527094765398539,0.13144996600424452,0.5025468742197587,1.597812365563268,2.8168325777991936,0.011524100649319842,0.01158916795615238,0.17006344944862617,3507250.7348715556,7.405634265488565
Bldg_013_5St,Friuli_1976_Tolmezzo,5.0,1315261.8799432397,20.03360101241618,1.3089278898694292,0.4557281832227655,0.2894843887416233,0.3481690525123016,0.8754262397221849,1073.0399628199511,263052.3759886479,71241185.83983777,75531053.48463854,0.8864078429497019,0.054416184732467,0.352,0.21352777719546898,0.102872191600987,1.308741949374992,10.049999999999999,0.4278323224718693,0.3250793650793651,0.14602209152887283,0.6280767963912223,0.6916576916117391,0.06214442479689259,0.4148354872979342,4.0264871612194355,3.0594413304420063,0.00544824307339891,0.006044047781326502,0.08356139586448293,1829121.046727321,3.1930473641202832
Bldg_013_5St,Friuli_1976_Tolmezzo_scaled_0.21g,5.0,1315261.8799432397,20.03360101241618,1.3089278898694292,0.4557281832227655,0.2894843887416233,0.3481690525123016,0.8754262397221849,1073.0399628199511,263052.3759886479,71241185.83983777,75531053.48463854,0.8864078429497019,0.054416184732467,0.2112,0.12811666631728136,0.0617233149605922,0.471147101774997,10.049999999999999,0.42783232247186925,0.3250793650793651,0.08761325491732286,0.3768460778347343,0.41499461496704115,0.037286654878135206,0.4148354872979302,4.0264871612194355,3.0594413304420063,0.003268945844039315,0.003626428668795968,0.050136837518689754,1097472.6280364129,1.9158284184719971
Bldg_013_5St,Friuli_1976_Tolmezzo_scaled_0.49g,5.0,1315261.8799432397,20.03360101241618,1.3089278898694292,0.4557281832227655,0.2894843887416233,0.3481690525123016,0.8754262397221849,1073.0399628199511,263052.3759886479,71241185.83983777,75531053.48463854,0.8864078429497019,0.054416184732467,0.4927999999999999,0.2989388880736565,0.14402106824138175,2.5651342207749837,10.049999999999999,0.42783232247186936,0.3250793650793651,0.2044309281404214,0.8793075149477227,0.9683207682564317,0.0870021947156494,0.4148354872979331,4.0264871612194355,3.059441330442006,0.007627540302758454,0.008461666893857307,0.11698595421028102,2560769.4654183113,4.470266309768262
Bldg_014_5St,El_Centro_1940_NS,5.0,1593765.9396833987,19.810700551829953,0.8894792288713879,0.3088246908799503,0.19628714530869923,0.34719719230745977,0.8824903205928275,1185.9523662698816,318753.18793667975,186945021.86907646,186945021.86907646,1.0,0.025534123696712055,0.348,0.546705574584446,0.18644040753129837,3.1070282308161543,13.060000000000002,0.534173757427226,0.7447272727272727,0.4808239621766071,1.20131195359762,1.2562304412715453,0.09444377044927854,1.3816780522316296,1.1943690817364827,1.6651496193962085,0.007966555389396663,0.008457826823261187,0.1218133589210759,6786206.486294033,8.287933479884895
Bldg_014_5St,El_Centro_1940_NS_scaled_0.21g,5.0,1593765.9396833987,19.810700551829953,0.8894792288713879,0.3088246908799503,0.19628714530869923,0.34719719230745977,0.8824903205928275,1185.9523662698816,318753.18793667975,186945021.86907646,186945021.86907646,1.0,0.025534123696712055,0.2088,0.3280233447506678,0.11186424451877919,1.1185301630938156,13.060000000000002,0.5341737574272261,0.7447272727272727,0.2884943773059607,0.7207871721585697,0.7537382647629278,0.05666626226956645,1.3816780522316126,1.1943690817364827,1.665149619396208,0.004779933233637938,0.005074696093956862,0.0730880153526478,4071723.891776586,4.972760087930464
Bldg_014_5St,El_Centro_1940_NS_scaled_0.49g,5.0,1593765.9396833987,19.810700551829953,0.8894792288713879,0.3088246908799503,0.19628714530869923,0.34719719230745977,0.8824903205928275,1185.9523662698816,318753.18793667975,186945021.86907646,186945021.86907646,1.0,0.025534123696712055,0.4871999999999999,0.7653878044182246,0.26101657054381694,6.089775332399659,13.060000000000002,0.5341737574272261,0.7447272727272727,0.6731535470472592,1.6818367350366767,1.7587226177801618,0.13222127862899188,1.3816780522316487,1.1943690817364827,1.665149619396208,0.011153177545155478,0.011840957552565706,0.17053870248950462,9500689.08081138,11.60310687183841
Bldg_014_5St,Northridge_1994_Sylmar,5.0,1593765.9396833987,19.810700551829953,0.8894792288713879,0.3088246908799503,0.19628714530869923,0.34719719230745977,0.8824903205928275,1185.9523662698816,318753.18793667975,186945021.86907646,186945021.86907646,1.0,0.025534123696712055,0.843,0.8309546252613713,0.3287478434080909,9.138133288190668,9.37,0.4931760280806555,0.8192,1.5033631585584686,2.115333869721129,2.2143552152215773,0.29538406005359746,1.7833489425367361,1.0857900743058932,1.803573527961338,0.024908546193950564,0.027294038667876774,0.37227664009616485,20448810.82634173,20.19445938318718
Bldg_014_5St,Northridge_1994_Sylmar_scaled_0.51g,5.0,1593765.9396833987,19.810700551829953,0.8894792288713879,0.3088246908799503,0.19628714530869923,0.34719719230745977,0.8824903205928275,1185.9523662698816,318753.18793667975,186945021.86907646,186945021.86907646,1.0,0.025534123696712055,0.5057999999999999,0.498572775156823,0.1972487060448539,3.289727983748639,9.37,0.49317602808065547,0.8192,0.9020178951350638,1.2692003218326728,1.3286131291329482,0.17723043603215513,1.7833489425367022,1.0857900743058932,1.8035735279613383,0.01494512771637005,0.016376423200726162,0.223365984057692,12269286.495804533,12.116675629913242
Bldg_014_5St,Northridge_1994_Sylmar_scaled_1.18g,5.0,1593765.9396833987,19.810700551829953,0.8894792288713879,0.3088246908799503,0.19628714530869923,0.34719719230745977,0.8824903205928275,1185.9523662698816,318753.18793667975,186945021.86907646,186945021.86907646,1.0,0.025534123696712055,1.1802,1.163336475365919,0.4602469807713281,17.910741244853703,9.37,0.4931760280806554,0.8192,2.104708421981843,2.9614674176095623,3.1000973013102153,0.413537684075034,1.783348942536725,1.0857900743058932,1.8035735279613385,0.034871964671530566,0.038211654135027175,0.521187296134619,28628335.15687729,28.272243136462244
Bldg_014_5St,Loma_Prieta_1989_Corralitos,5.0,1593765.9396833987,19.810700551829953,0.8894792288713879,0.3088246908799503,0.19628714530869923,0.34719719230745977,0.8824903205928275,1185.9523662698816,318753.18793667975,186945021.86907646,186945021.86907646,1.0,0.025534123696712055,0.644,0.6861034364890142,0.3994006678649551,6.918654308054634,11.41,0.6811214742642783,1.0778947368421052,1.1710854670883553,1.952708934451755,1.5929130208286266,0.23014262644171804,1.8184556942365764,0.825200456472479,1.3059039576342382,0.019403186973136134,0.021215933499279336,0.2928779969821608,17384914.99807604,16.787371367156165
Bldg_014_5St,Loma_Prieta_1989_Corralitos_scaled_0.39g,5.0,1593765.9396833987,19.810700551829953,0.8894792288713879,0.3088246908799503,0.19628714530869923,0.34719719230745977,0.8824903205928275,1185.9523662698816,318753.18793667975,186945021.86907646,186945021.86907646,1.0,0.025534123696712055,0.3864,0.4116620618934086,0.2396404007189732,2.4907155508996683,11.41,0.6811214742642783,1.0778947368421052,0.7026512802530478,1.1716253606710538,0.9557478124971789,0.13808557586503745,1.818455694236666,0.825200456472479,1.3059039576342382,0.011641912183882254,0.012729560099567733,0.17572679818929907,10430948.998845832,10.07242282029332
Bldg_014_5St,Loma_Prieta_1989_Corralitos_scaled_0.90g,5.0,1593765.9396833987,19.810700551829953,0.8894792288713879,0.3088246908799503,0.19628714530869923,0.34719719230745977,0.8824903205928275,1185.9523662698816,318753.18793667975,186945021.86907646,186945021.86907646,1.0,0.025534123696712055,0.9015999999999998,0.9605448110846201,0.5591609350109363,13.560562443787077,11.41,0.6811214742642782,1.0778947368421052,1.6395196539237467,2.733792508232464,2.2300782291600916,0.3221996770184149,1.8184556942366314,0.825200456472479,1.3059039576342384,0.027164461762391404,0.029702306898990446,0.41002919577502234,24338880.997306462,23.502319914016205
Bldg_014_5St,San_Fernando_1971_Pacoima,5.0,1593765.9396833987,19.810700551829953,0.8894792288713879,0.3088246908799503,0.19628714530869923,0.34719719230745977,0.8824903205928275,1185.9523662698816,318753.18793667975,186945021.86907646,186945021.86907646,1.0,0.025534123696712055,1.17,1.0361741213226916,0.47368625496262196,19.729249200797177,9.42,0.461649004640927,0.28054794520547943,1.2206482308053548,3.0998329787013965,3.4645760274840973,0.2397900949631265,1.043289086158423,3.170507016973209,1.9267435214405573,0.02022437005356262,0.020617849163384976,0.31906271861564156,15780967.821392704,25.05714601264744
Bldg_014_5St,San_Fernando_1971_Pacoima_scaled_0.70g,5.0,1593765.9396833987,19.810700551829953,0.8894792288713879,0.3088246908799503,0.19628714530869923,0.34719719230745977,0.8824903205928275,1185.9523662698816,318753.18793667975,186945021.86907646,186945021.86907646,1.0,0.025534123696712055,0.7020000000000001,0.621704472793615,0.284211752977573,7.102529712286988,9.42,0.46164900464092706,0.28054794520547943,0.7323889384832246,1.85989978722085,2.0787456164904623,0.14387405697787822,1.0432890861584396,3.170507016973209,1.926743521440557,0.012134622032137768,0.012370709498031617,0.1914376311693818,9468580.69283557,15.034287607587531
Bldg_014_5St,San_Fernando_1971_Pacoima_scaled_1.20g,5.0,1593765.9396833987,19.810700551829953,0.8894792288713879,0.3088246908799503,0.19628714530869923,0.34719719230745977,0.8824903205928275,1185.9523662698816,318753.18793667975,186945021.86907646,186945021.86907646,1.0,0.025534123696712055,1.2,1.062742688536094,0.48583205637192123,20.75397680557232,9.42,0.461649004640927,0.28054794520547943,1.2519469033901243,3.1793158755911746,3.553411310240117,0.24593855893654346,1.043289086158437,3.170507016973209,1.9267435214405573,0.02074294364467989,0.021146511962445585,0.32724381396475183,16185608.021940967,25.69963693604648
Bldg_014_5St,Imperial_Valley_1979_Array6,5.0,1593765.9396833987,19.810700551829953,0.8894792288713879,0.3088246908799503,0.19628714530869923,0.34719719230745977,0.8824903205928275,1185.9523662698816,318753.18793667975,186945021.86907646,186945021.86907646,1.0,0.025534123696712055,0.439,0.4470557915681539,0.20993321390578878,3.03447831967358,11.25,0.4646807553227397,0.8192,0.5049554300186057,1.4731333487173501,1.341711577575,0.09926922482809349,1.1502401594956848,1.0857900743058932,1.9141727275828504,0.008366378797365905,0.009445877262337844,0.12418727942540007,7863447.444254202,10.604486413795053
Bldg_014_5St,Imperial_Valley_1979_Array6_scaled_0.26g,5.0,1593765.9396833987,19.810700551829953,0.8894792288713879,0.3088246908799503,0.19628714530869923,0.34719719230745977,0.8824903205928275,1185.9523662698816,318753.18793667975,186945021.86907646,186945021.86907646,1.0,0.025534123696712055,0.26339999999999997,0.26823347494089234,0.1259599283434734,1.0924121950824885,11.25,0.4646807553227397,0.8192,0.30297325801114383,0.8838800092304057,0.8050269465450005,0.059561534896852265,1.1502401594956106,1.0857900743058932,1.9141727275828504,0.005019827278419218,0.005667526357402887,0.07451236765524163,4718068.466552672,6.362691848276489
Bldg_014_5St,Imperial_Valley_1979_Array6_scaled_0.61g,5.0,1593765.9396833987,19.810700551829953,0.8894792288713879,0.3088246908799503,0.19628714530869923,0.34719719230745977,0.8824903205928275,1185.9523662698816,318753.18793667975,186945021.86907646,186945021.86907646,1.0,0.025534123696712055,0.6145999999999999,0.6258781081954151,0.2939064994681046,5.947577506560213,11.25,0.46468075532273967,0.8192,0.7069376020260258,2.062386688204291,1.8783962086050043,0.1389769147593267,1.150240159495649,1.0857900743058932,1.9141727275828506,0.0117129303163119,0.013224228167272558,0.17386219119555946,11008826.42195553,14.846280979313986
Bldg_014_5St,Friuli_1976_Tolmezzo,5.0,1593765.9396833987,19.810700551829953,0.8894792288713879,0.3088246908799503,0.19628714530869923,0.34719719230745977,0.8824903205928275,1185.9523662698816,318753.18793667975,186945021.86907646,186945021.86907646,1.0,0.025534123696712055,0.352,0.21352777719546898,0.102872191600987,1.308741949374992,10.049999999999999,0.4278323224718693,0.3250793650793651,0.3931774711615713,1.06638826598081,0.6539797397823526,0.07718169832414382,1.1169814521635548,2.7361909872508514,2.07903700153434,0.006514380206203369,0.006959083543230573,0.10028444812440504,5675002.416087529,7.812632241477192
Bldg_014_5St,Friuli_1976_Tolmezzo_scaled_0.21g,5.0,1593765.9396833987,19.810700551829953,0.8894792288713879,0.3088246908799503,0.19628714530869923,0.34719719230745977,0.8824903205928275,1185.9523662698816,318753.18793667975,186945021.86907646,186945021.86907646,1.0,0.025534123696712055,0.2112,0.12811666631728136,0.0617233149605922,0.471147101774997,10.049999999999999,0.42783232247186925,0.3250793650793651,0.23590648269693043,0.6398329595884846,0.392387843869412,0.04630901899448383,1.1169814521634964,2.7361909872508514,2.07903700153434,0.003908628123721817,0.004175450125938334,0.06017066887464261,3405001.449652486,4.687579344886175
Bldg_014_5St,Friuli_1976_Tolmezzo_scaled_0.49g,5.0,1593765.9396833987,19.810700551829953,0.8894792288713879,0.3088246908799503,0.19628714530869923,0.34719719230745977,0.8824903205928275,1185.9523662698816,318753.18793667975,186945021.86907646,186945021.86907646,1.0,0.025534123696712055,0.4927999999999999,0.2989388880736565,0.14402106824138175,2.5651342207749837,10.049999999999999,0.42783232247186936,0.3250793650793651,0.5504484596261723,1.4929435723731375,0.9155716356952921,0.10805437765379597,1.116981452163499,2.7361909872508514,2.0790370015343393,0.00912013228868426,0.009742716960523024,0.14039822737416713,7945003.382522399,10.937685138066193
Bldg_015_10St,El_Centro_1940_NS,10.0,2816481.9947992526,40.98256473151777,1.8319490809782595,0.6193726605439063,0.3773880973810691,0.3380949104836264,0.8478015197669436,1545.2565209657066,281648.1994799253,143070004.16746855,143070004.16746855,1.0,0.037694089189244176,0.348,0.546705574584446,0.18644040753129837,3.1070282308161543,13.060000000000002,0.534173757427226,0.7447272727272727,0.2570179148004722,0.9291201608742088,0.7776182818397867,0.21432466137512315,0.7385572264381386,2.4598925647901435,3.4295003367473327,0.010264493358359932,0.012564406183553862,0.2930013782360142,7366983.398867335,6.623653832166506
Bldg_015_10St,El_Centro_1940_NS_scaled_0.21g,10.0,2816481.9947992526,40.98256473151777,1.8319490809782595,0.6193726605439063,0.3773880973810691,0.3380949104836264,0.8478015197669436,1545.2565209657066,281648.1994799253,143070004.16746855,143070004.16746855,1.0,0.037694089189244176,0.2088,0.3280233447506678,0.11186424451877919,1.1185301630938156,13.060000000000002,0.5341737574272261,0.7447272727272727,0.15421074888027403,0.5574720965245255,0.4665709691038708,0.1285947968250662,0.738557226438094,2.4598925647901435,3.4295003367473322,0.0061586960150155886,0.00753864371013286,0.1758008269416075,4420190.039320719,3.9741922993043275
Bldg_015_10St,El_Centro_1940_NS_scaled_0.49g,10.0,2816481.9947992526,40.98256473151777,1.8319490809782595,0.6193726605439063,0.3773880973810691,0.3380949104836264,0.8478015197669436,1545.2565209657066,281648.1994799253,143070004.16746855,143070004.16746855,1.0,0.037694089189244176,0.4871999999999999,0.7653878044182246,0.26101657054381694,6.089775332399659,13.060000000000002,0.5341737574272261,0.7447272727272727,0.3598250807206348,1.3007682252238817,1.0886655945757073,0.30005452592515053,0.7385572264380846,2.4598925647901435,3.4295003367473322,0.014370290701702855,0.017590168656975935,0.41020192953042184,10313776.75841458,9.273115365039864
Bldg_015_10St,Northridge_1994_Sylmar,10.0,2816481.9947992526,40.98256473151777,1.8319490809782595,0.6193726605439063,0.3773880973810691,0.3380949104836264,0.8478015197669436,1545.2565209657066,281648.1994799253,143070004.16746855,143070004.16746855,1.0,0.037694089189244176,0.843,0.8309546252613713,0.3287478434080909,9.138133288190668,9.37,0.4931760280806555,0.8192,0.5542832451272347,1.4400550150658646,2.4741642744391967,0.4618904141932454,0.6575127462956522,2.2362659679910393,3.7145947423840657,0.022136342879738584,0.020418537689178687,0.6359465108212405,11898996.685573205,15.959821448646114
Bldg_015_10St,Northridge_1994_Sylmar_scaled_0.51g,10.0,2816481.9947992526,40.98256473151777,1.8319490809782595,0.6193726605439063,0.3773880973810691,0.3380949104836264,0.8478015197669436,1545.2565209657066,281648.1994799253,143070004.16746855,143070004.16746855,1.0,0.037694089189244176,0.5057999999999999,0.498572775156823,0.1972487060448539,3.289727983748639,9.37,0.49317602808065547,0.8192,0.3325699470763669,0.8640330090395264,1.484498564663513,0.27713424851596885,0.6575127462957038,2.2362659679910393,3.714594742384066,0.013281805727844192,0.012251122613506806,0.38156790649272565,7139398.011343613,9.575892869196352
Bldg_015_10St,Northridge_1994_Sylmar_scaled_1.18g,10.0,2816481.9947992526,40.98256473151777,1.8319490809782595,0.6193726605439063,0.3773880973810691,0.3380949104836264,0.8478015197669436,1545.2565209657066,281648.1994799253,143070004.16746855,143070004.16746855,1.0,0.037694089189244176,1.1802,1.163336475365919,0.4602469807713281,17.910741244853703,9.37,0.4931760280806554,0.8192,0.7759965431781359,2.016077021092253,3.4638299842148883,0.6466465798705497,0.6575127462956584,2.2362659679910393,3.7145947423840666,0.030990880031634308,0.028585952764851194,0.8903251151497165,16658595.359801069,22.343750028105205
Bldg_015_10St,Loma_Prieta_1989_Corralitos,10.0,2816481.9947992526,40.98256473151777,1.8319490809782595,0.6193726605439063,0.3773880973810691,0.3380949104836264,0.8478015197669436,1545.2565209657066,281648.1994799253,143070004.16746855,143070004.16746855,1.0,0.037694089189244176,0.644,0.6861034364890142,0.3994006678649551,6.918654308054634,11.41,0.6811214742642783,1.0778947368421052,0.5400646766652724,1.2677663326699,1.7542161009171826,0.45005090553022187,0.8386097463746465,1.69956213567319,2.689606994049133,0.021568497631844097,0.02370464901892073,0.5622471477158959,13898926.319888445,10.12671361979909
Bldg_015_10St,Loma_Prieta_1989_Corralitos_scaled_0.39g,10.0,2816481.9947992526,40.98256473151777,1.8319490809782595,0.6193726605439063,0.3773880973810691,0.3380949104836264,0.8478015197669436,1545.2565209657066,281648.1994799253,143070004.16746855,143070004.16746855,1.0,0.037694089189244176,0.3864,0.4116620618934086,0.2396404007189732,2.4907155508996683,11.41,0.6811214742642783,1.0778947368421052,0.32403880599915547,0.7606597996019309,1.05252966055032,0.27003054331812704,0.8386097463746259,1.69956213567319,2.689606994049133,0.01294109857910614,0.01422278941135164,0.3373482886295426,8339355.791932599,6.0760281718805125
Bldg_015_10St,Loma_Prieta_1989_Corralitos_scaled_0.90g,10.0,2816481.9947992526,40.98256473151777,1.8319490809782595,0.6193726605439063,0.3773880973810691,0.3380949104836264,0.8478015197669436,1545.2565209657066,281648.1994799253,143070004.16746855,143070004.16746855,1.0,0.037694089189244176,0.9015999999999998,0.9605448110846201,0.5591609350109363,13.560562443787077,11.41,0.6811214742642782,1.0778947368421052,0.7560905473312748,1.7748728657378061,2.4559025412840687,0.6300712677422227,0.8386097463745286,1.69956213567319,2.6896069940491336,0.030195896684577478,0.03318650862648729,0.7871460068022026,19458496.847842805,14.17739906772381
Bldg_015_10St,San_Fernando_1971_Pacoima,10.0,2816481.9947992526,40.98256473151777,1.8319490809782595,0.6193726605439063,0.3773880973810691,0.3380949104836264,0.8478015197669436,1545.2565209657066,281648.1994799253,143070004.16746855,143070004.16746855,1.0,0.037694089189244176,1.17,1.0361741213226916,0.47368625496262196,19.729249200797177,9.42,0.461649004640927,0.28054794520547943,0.7271845739393509,1.9544843155599714,2.568994812130191,0.60637360434092,0.6215252768712402,6.529896626533835,3.9682725676039503,0.02904148232350592,0.03632115562967439,0.7366949510462961,21296458.156672183,19.50562525243237
Bldg_015_10St,San_Fernando_1971_Pacoima_scaled_0.70g,10.0,2816481.9947992526,40.98256473151777,1.8319490809782595,0.6193726605439063,0.3773880973810691,0.3380949104836264,0.8478015197669436,1545.2565209657066,281648.1994799253,143070004.16746855,143070004.16746855,1.0,0.037694089189244176,0.7020000000000001,0.621704472793615,0.284211752977573,7.102529712286988,9.42,0.46164900464092706,0.28054794520547943,0.4363107443636234,1.1726905893359925,1.5413968872781219,0.3638241626045628,0.6215252768712584,6.529896626533835,3.96827256760395,0.017424889394104064,0.02179269337780315,0.44201697062777184,12777874.89400244,11.703375151459209
Bldg_015_10St,San_Fernando_1971_Pacoima_scaled_1.20g,10.0,2816481.9947992526,40.98256473151777,1.8319490809782595,0.6193726605439063,0.3773880973810691,0.3380949104836264,0.8478015197669436,1545.2565209657066,281648.1994799253,143070004.16746855,143070004.16746855,1.0,0.037694089189244176,1.2,1.062742688536094,0.48583205637192123,20.75397680557232,9.42,0.461649004640927,0.28054794520547943,0.7458303322454696,2.0045992980102105,2.634866473979688,0.6219216454778522,0.6215252768712247,6.529896626533835,3.9682725676039503,0.02978613571641559,0.03725246731248505,0.7555845651756555,21842521.186329566,20.005769489672623
Bldg_015_10St,Imperial_Valley_1979_Array6,10.0,2816481.9947992526,40.98256473151777,1.8319490809782595,0.6193726605439063,0.3773880973810691,0.3380949104836264,0.8478015197669436,1545.2565209657066,281648.1994799253,143070004.16746855,143070004.16746855,1.0,0.037694089189244176,0.439,0.4470557915681539,0.20993321390578878,3.03447831967358,11.25,0.4646807553227397,0.8192,0.24054245748329894,0.7067729243609565,1.14779203333227,0.20051347364208977,0.5479327049733461,2.2362659679910393,3.9423820762835255,0.009606515013389884,0.01235351013804723,0.23452547380068015,7243327.123876179,5.433583773551807
Bldg_015_10St,Imperial_Valley_1979_Array6_scaled_0.26g,10.0,2816481.9947992526,40.98256473151777,1.8319490809782595,0.6193726605439063,0.3773880973810691,0.3380949104836264,0.8478015197669436,1545.2565209657066,281648.1994799253,143070004.16746855,143070004.16746855,1.0,0.037694089189244176,0.26339999999999997,0.26823347494089234,0.1259599283434734,1.0924121950824885,11.25,0.4646807553227397,0.8192,0.14432547449000022,0.42406375461656687,0.6886752199993678,0.12030808418527139,0.5479327049734254,2.2362659679910393,3.9423820762835255,0.005763909008034763,0.007412106082827724,0.14071528428040264,4345996.2743253475,3.2601502641310818
Bldg_015_10St,Imperial_Valley_1979_Array6_scaled_0.61g,10.0,2816481.9947992526,40.98256473151777,1.8319490809782595,0.6193726605439063,0.3773880973810691,0.3380949104836264,0.8478015197669436,1545.2565209657066,281648.1994799253,143070004.16746855,143070004.16746855,1.0,0.037694089189244176,0.6145999999999999,0.6258781081954151,0.2939064994681046,5.947577506560213,11.25,0.46468075532273967,0.8192,0.33675944047663164,0.9894820941053355,1.6069088466651786,0.28071886309893695,0.5479327049733675,2.2362659679910393,3.942382076283526,0.013449121018746362,0.017294914193265495,0.3283356633209583,10140657.973426282,7.607017282973949
Bldg_015_10St,Friuli_1976_Tolmezzo,10.0,2816481.9947992526,40.98256473151777,1.8319490809782595,0.6193726605439063,0.3773880973810691,0.3380949104836264,0.8478015197669436,1545.2565209657066,281648.1994799253,143070004.16746855,143070004.16746855,1.0,0.037694089189244176,0.352,0.21352777719546898,0.102872191600987,1.308741949374992,10.049999999999999,0.4278323224718693,0.3250793650793651,0.14323791336766303,0.6086214285466425,0.7795075587589231,0.11933708584544823,0.40692589024904274,5.635390239337419,4.281932394434068,0.005720475211111671,0.006307786946210121,0.14716385865573595,3698492.4744909927,3.723410105469511
Bldg_015_10St,Friuli_1976_Tolmezzo_scaled_0.21g,10.0,2816481.9947992526,40.98256473151777,1.8319490809782595,0.6193726605439063,0.3773880973810691,0.3380949104836264,0.8478015197669436,1545.2565209657066,281648.1994799253,143070004.16746855,143070004.16746855,1.0,0.037694089189244176,0.2112,0.12811666631728136,0.0617233149605922,0.471147101774997,10.049999999999999,0.42783232247186925,0.3250793650793651,0.08594274802059905,0.3651728571279755,0.467704535255357,0.07160225150726986,0.4069258902490485,5.635390239337419,4.281932394434068,0.003432285126667051,0.003784672167726027,0.08829831519344312,2219095.4846945684,2.2340460632817916
Bldg_015_10St,Friuli_1976_Tolmezzo_scaled_0.49g,10.0,2816481.9947992526,40.98256473151777,1.8319490809782595,0.6193726605439063,0.3773880973810691,0.3380949104836264,0.8478015197669436,1545.2565209657066,281648.1994799253,143070004.16746855,143070004.16746855,1.0,0.037694089189244176,0.4927999999999999,0.2989388880736565,0.14402106824138175,2.5651342207749837,10.049999999999999,0.42783232247186936,0.3250793650793651,0.20053307871471185,0.8520699999653006,1.0913105822624982,0.1670719201836135,0.4069258902490095,5.635390239337419,4.281932394434067,0.008008665295555684,0.008830901724694555,0.20602940211804582,5177889.464287615,5.212774147658642
Bldg_016_7St,El_Centro_1940_NS,7.0,911569.7535034107,29.227888440420674,1.3746005834113613,0.46292984498821277,0.2906324665083849,0.33677407864861714,0.8642017826515197,887.5698316126196,130224.25050048725,60830739.205434665,60830739.20543465,1.0,0.02701321079557354,0.348,0.546705574584446,0.18644040753129837,3.1070282308161543,13.060000000000002,0.534173757427226,0.7447272727272727,0.433180832035307,0.9948677178113846,1.2517954644072729,0.20311055572142253,1.2447725058485835,1.845777150576779,2.5733210669725426,0.0131756629384045,0.014502779698605937,0.26514629753970126,3683610.8622098626,9.384804964069442
Bldg_016_7St,El_Centro_1940_NS_scaled_0.21g,7.0,911569.7535034107,29.227888440420674,1.3746005834113613,0.46292984498821277,0.2906324665083849,0.33677407864861714,0.8642017826515197,887.5698316126196,130224.25050048725,60830739.205434665,60830739.20543465,1.0,0.02701321079557354,0.2088,0.3280233447506678,0.11186424451877919,1.1185301630938156,13.060000000000002,0.5341737574272261,0.7447272727272727,0.2599084992212026,0.5969206306868333,0.7510772786443622,0.1218663334328623,1.2447725058486716,1.845777150576779,2.573321066972542,0.00790539776304326,0.00870166781916388,0.15908777852382175,2210166.5173259987,5.63088297844189
Bldg_016_7St,El_Centro_1940_NS_scaled_0.49g,7.0,911569.7535034107,29.227888440420674,1.3746005834113613,0.46292984498821277,0.2906324665083849,0.33677407864861714,0.8642017826515197,887.5698316126196,130224.25050048725,60830739.205434665,60830739.20543465,1.0,0.02701321079557354,0.4871999999999999,0.7653878044182246,0.26101657054381694,6.089775332399659,13.060000000000002,0.5341737574272261,0.7447272727272727,0.6064531648494272,1.3928148049359448,1.752513650170187,0.28435477800999037,1.2447725058485783,1.845777150576779,2.573321066972542,0.018445928113766222,0.020303891578047798,0.3712048165555702,5157055.2070936775,13.138726949693314
Bldg_016_7St,Northridge_1994_Sylmar,7.0,911569.7535034107,29.227888440420674,1.3746005834113613,0.46292984498821277,0.2906324665083849,0.33677407864861714,0.8642017826515197,887.5698316126196,130224.25050048725,60830739.205434665,60830739.20543465,1.0,0.02701321079557354,0.843,0.8309546252613713,0.3287478434080909,9.138133288190668,9.37,0.4931760280806555,0.8192,0.725793903902933,1.7968633593933598,2.5603499672035896,0.34071249791839897,0.86096548505686,1.6779792277970718,2.7872412792670347,0.022075805606731832,0.02264015319950782,0.4585154716835195,5750450.326141193,17.887828453677187
Bldg_016_7St,Northridge_1994_Sylmar_scaled_0.51g,7.0,911569.7535034107,29.227888440420674,1.3746005834113613,0.46292984498821277,0.2906324665083849,0.33677407864861714,0.8642017826515197,887.5698316126196,130224.25050048725,60830739.205434665,60830739.20543465,1.0,0.02701321079557354,0.5057999999999999,0.498572775156823,0.1972487060448539,3.289727983748639,9.37,0.49317602808065547,0.8192,0.4354763423417637,1.0781180156360475,1.5362099803221345,0.20442749875104113,0.8609654850568679,1.6779792277970718,2.7872412792670347,0.01324548336403922,0.013584091919703932,0.27510928301009513,3450270.195684523,10.732697072204955
Bldg_016_7St,Northridge_1994_Sylmar_scaled_1.18g,7.0,911569.7535034107,29.227888440420674,1.3746005834113613,0.46292984498821277,0.2906324665083849,0.33677407864861714,0.8642017826515197,887.5698316126196,130224.25050048725,60830739.205434665,60830739.20543465,1.0,0.02701321079557354,1.1802,1.163336475365919,0.4602469807713281,17.910741244853703,9.37,0.4931760280806554,0.8192,1.0161114654640349,2.515608703150772,3.5844899540849804,0.47699749708572525,0.8609654850567996,1.6779792277970718,2.787241279267035,0.0309061278494224,0.03169621447931026,0.6419216603569151,8050630.456597496,25.04295983514506
Bldg_016_7St,Loma_Prieta_1989_Corralitos,7.0,911569.7535034107,29.227888440420674,1.3746005834113613,0.46292984498821277,0.2906324665083849,0.33677407864861714,0.8642017826515197,887.5698316126196,130224.25050048725,60830739.205434665,60830739.20543465,1.0,0.02701321079557354,0.644,0.6861034364890142,0.3994006678649551,6.918654308054634,11.41,0.6811214742642783,1.0778947368421052,0.7785924208368528,1.4854088565931272,2.284130985447344,0.36546526211019736,1.2089944422932497,1.2752642131257745,2.0181430704356416,0.023681729533467977,0.024068485707149687,0.46588682544776494,6113237.408985924,16.06977250521315
Bldg_016_7St,Loma_Prieta_1989_Corralitos_scaled_0.39g,7.0,911569.7535034107,29.227888440420674,1.3746005834113613,0.46292984498821277,0.2906324665083849,0.33677407864861714,0.8642017826515197,887.5698316126196,130224.25050048725,60830739.205434665,60830739.20543465,1.0,0.02701321079557354,0.3864,0.4116620618934086,0.2396404007189732,2.4907155508996683,11.41,0.6811214742642783,1.0778947368421052,0.467155452502107,0.8912453139558759,1.3704785912683923,0.21927915726611613,1.2089944422932375,1.2752642131257745,2.0181430704356416,0.014209037720080642,0.014441091424289716,0.2795320952686518,3667942.4453915297,9.641863503134338
Bldg_016_7St,Loma_Prieta_1989_Corralitos_scaled_0.90g,7.0,911569.7535034107,29.227888440420674,1.3746005834113613,0.46292984498821277,0.2906324665083849,0.33677407864861714,0.8642017826515197,887.5698316126196,130224.25050048725,60830739.205434665,60830739.20543465,1.0,0.02701321079557354,0.9015999999999998,0.9605448110846201,0.5591609350109363,13.560562443787077,11.41,0.6811214742642782,1.0778947368421052,1.0900293891715709,2.0795723992303836,3.1977833796262707,0.5116513669542652,1.2089944422932244,1.2752642131257745,2.0181430704356416,0.033154421346854465,0.033695879990009954,0.6522415556268767,8558532.372580394,22.497681507307057
Bldg_016_7St,San_Fernando_1971_Pacoima,7.0,911569.7535034107,29.227888440420674,1.3746005834113613,0.46292984498821277,0.2906324665083849,0.33677407864861714,0.8642017826515197,887.5698316126196,130224.25050048725,60830739.205434665,60830739.20543465,1.0,0.02701321079557354,1.17,1.0361741213226916,0.47368625496262196,19.729249200797177,9.42,0.461649004640927,0.28054794520547943,0.903323042018939,2.813848630720344,4.820121063270239,0.42348043504435523,0.7720709760845633,4.89969934516745,2.97758810176691,0.027475546113650905,0.036687209048225984,0.4773036419763743,9318310.321379254,22.497568338633087
Bldg_016_7St,San_Fernando_1971_Pacoima_scaled_0.70g,7.0,911569.7535034107,29.227888440420674,1.3746005834113613,0.46292984498821277,0.2906324665083849,0.33677407864861714,0.8642017826515197,887.5698316126196,130224.25050048725,60830739.205434665,60830739.20543465,1.0,0.02701321079557354,0.7020000000000001,0.621704472793615,0.284211752977573,7.102529712286988,9.42,0.46164900464092706,0.28054794520547943,0.5419938252113478,1.6883091784322295,2.892072637962115,0.2540882610266059,0.7720709760845409,4.89969934516745,2.9775881017669095,0.016485327668190067,0.0220123254289364,0.28638218518583625,5590986.1928277565,13.498541003174733
Bldg_016_7St,San_Fernando_1971_Pacoima_scaled_1.20g,7.0,911569.7535034107,29.227888440420674,1.3746005834113613,0.46292984498821277,0.2906324665083849,0.33677407864861714,0.8642017826515197,887.5698316126196,130224.25050048725,60830739.205434665,60830739.20543465,1.0,0.02701321079557354,1.2,1.062742688536094,0.48583205637192123,20.75397680557232,9.42,0.461649004640927,0.28054794520547943,0.9264851713014179,2.885998595610638,4.943713911046386,0.43433890773777284,0.772070976084515,4.89969934516745,2.97758810176691,0.028180047296050448,0.03762790671612758,0.4895421968988227,9557241.355260355,23.07442906526034
Bldg_016_7St,Imperial_Valley_1979_Array6,7.0,911569.7535034107,29.227888440420674,1.3746005834113613,0.46292984498821277,0.2906324665083849,0.33677407864861714,0.8642017826515197,887.5698316126196,130224.25050048725,60830739.205434665,60830739.20543465,1.0,0.02701321079557354,0.439,0.4470557915681539,0.20993321390578878,3.03447831967358,11.25,0.4646807553227397,0.8192,0.25167877630441865,1.2386282553598562,1.249454028241008,0.11806185749107395,0.5733001738141655,1.6779792277970718,2.958161205657517,0.007655081850590397,0.008000832044485005,0.15669151403318393,2032158.830118247,9.057507457864649
Bldg_016_7St,Imperial_Valley_1979_Array6_scaled_0.26g,7.0,911569.7535034107,29.227888440420674,1.3746005834113613,0.46292984498821277,0.2906324665083849,0.33677407864861714,0.8642017826515197,887.5698316126196,130224.25050048725,60830739.205434665,60830739.20543465,1.0,0.02701321079557354,0.26339999999999997,0.26823347494089234,0.1259599283434734,1.0924121950824885,11.25,0.4646807553227397,0.8192,0.15100726578264892,0.7431769532159278,0.7496724169446007,0.07083711449464329,0.573300173814157,1.6779792277970718,2.958161205657517,0.004593049110354169,0.004800499226691479,0.09401490841990975,1219295.2980710692,5.434504474718949
Bldg_016_7St,Imperial_Valley_1979_Array6_scaled_0.61g,7.0,911569.7535034107,29.227888440420674,1.3746005834113613,0.46292984498821277,0.2906324665083849,0.33677407864861714,0.8642017826515197,887.5698316126196,130224.25050048725,60830739.205434665,60830739.20543465,1.0,0.02701321079557354,0.6145999999999999,0.6258781081954151,0.2939064994681046,5.947577506560213,11.25,0.46468075532273967,0.8192,0.35235028682621417,1.73407955750382,1.7492356395373936,0.16528660048751678,0.5733001738142112,1.6779792277970718,2.958161205657517,0.010717114590827408,0.011201164862280762,0.2193681196464548,2845022.3621659917,12.680510441010263
Bldg_016_7St,Friuli_1976_Tolmezzo,7.0,911569.7535034107,29.227888440420674,1.3746005834113613,0.46292984498821277,0.2906324665083849,0.33677407864861714,0.8642017826515197,887.5698316126196,130224.25050048725,60830739.205434665,60830739.20543465,1.0,0.02701321079557354,0.352,0.21352777719546898,0.102872191600987,1.308741949374992,10.049999999999999,0.4278323224718693,0.3250793650793651,0.1749961315393048,0.874008463827382,0.8947486648812667,0.08217024132141236,0.4971481009639341,4.228507654048621,3.212942340282725,0.005322696375675849,0.0057656904595341585,0.108109546733949,1464447.5366967984,5.307784189182571
Bldg_016_7St,Friuli_1976_Tolmezzo_scaled_0.21g,7.0,911569.7535034107,29.227888440420674,1.3746005834113613,0.46292984498821277,0.2906324665083849,0.33677407864861714,0.8642017826515197,887.5698316126196,130224.25050048725,60830739.205434665,60830739.20543465,1.0,0.02701321079557354,0.2112,0.12811666631728136,0.0617233149605922,0.471147101774997,10.049999999999999,0.42783232247186925,0.3250793650793651,0.10499767892358308,0.5244050782964274,0.5368491989287533,0.04930214479284758,0.497148100963935,4.228507654048621,3.2129423402827255,0.0031936178254055154,0.0034594142757203134,0.06486572804036884,878668.5220180328,3.1846705135090425
Bldg_016_7St,Friuli_1976_Tolmezzo_scaled_0.49g,7.0,911569.7535034107,29.227888440420674,1.3746005834113613,0.46292984498821277,0.2906324665083849,0.33677407864861714,0.8642017826515197,887.5698316126196,130224.25050048725,60830739.205434665,60830739.20543465,1.0,0.02701321079557354,0.4927999999999999,0.2989388880736565,0.14402106824138175,2.5651342207749837,10.049999999999999,0.42783232247186936,0.3250793650793651,0.24499458415504247,1.2236118493583252,1.2526481308337538,0.11503833784998468,0.49714810096396617,4.228507654048621,3.2129423402827246,0.007451774925946667,0.0080719666433479,0.1513533654275319,2050226.5513755376,7.43089786485515
Bldg_017_6St,El_Centro_1940_NS,6.0,646461.7617538249,22.924539139666617,1.3489350259407027,0.48507097650948133,0.3037321310675228,0.3595955084428243,0.8461101879887595,739.5795310614494,107743.62695897081,36385927.280900784,42481912.65457106,0.7130079606707943,0.04463404657559655,0.348,0.546705574584446,0.18644040753129837,3.1070282308161543,13.060000000000002,0.534173757427226,0.7447272727272727,0.3745584992790767,0.867633749518231,1.016635690037493,0.16923259751107356,1.0763175266640135,1.8113141217465492,2.525273859273173,0.012378176551089881,0.01361445628925415,0.23324613247994547,1990997.0388201554,7.067287651857357
Bldg_017_6St,El_Centro_1940_NS_scaled_0.21g,6.0,646461.7617538249,22.924539139666617,1.3489350259407027,0.48507097650948133,0.3037321310675228,0.3595955084428243,0.8461101879887595,739.5795310614494,107743.62695897081,36385927.280900784,42481912.65457106,0.7130079606707943,0.04463404657559655,0.2088,0.3280233447506678,0.11186424451877919,1.1185301630938156,13.060000000000002,0.5341737574272261,0.7447272727272727,0.22473509956744434,0.5205802497109354,0.6099814140224952,0.1015395585066434,1.0763175266640053,1.8113141217465492,2.5252738592731725,0.007426905930653874,0.008168673773552957,0.13994767948797102,1194598.2232921051,4.2403725911140935
Bldg_017_6St,El_Centro_1940_NS_scaled_0.49g,6.0,646461.7617538249,22.924539139666617,1.3489350259407027,0.48507097650948133,0.3037321310675228,0.3595955084428243,0.8461101879887595,739.5795310614494,107743.62695897081,36385927.280900784,42481912.65457106,0.7130079606707943,0.04463404657559655,0.4871999999999999,0.7653878044182246,0.26101657054381694,6.089775332399659,13.060000000000002,0.5341737574272261,0.7447272727272727,0.5243818989906974,1.2146872493255345,1.4232899660524885,0.2369256365154987,1.0763175266639933,1.8113141217465492,2.5252738592731725,0.017329447171525507,0.019060238804956386,0.32654458547192755,2787395.8543481175,9.894202712600078
Bldg_017_6St,Northridge_1994_Sylmar,6.0,646461.7617538249,22.924539139666617,1.3489350259407027,0.48507097650948133,0.3037321310675228,0.3595955084428243,0.8461101879887595,739.5795310614494,107743.62695897081,36385927.280900784,42481912.65457106,0.7130079606707943,0.04463404657559655,0.843,0.8309546252613713,0.3287478434080909,9.138133288190668,9.37,0.4931760280806555,0.8192,0.6493821335375145,1.5836399667656142,1.78870060630461,0.2936020152159761,0.7703228155842402,1.6466492015877718,2.73519990659419,0.021460377253545354,0.023431596640146133,0.40910094822522836,3803253.7974433,14.98779684966092
Bldg_017_6St,Northridge_1994_Sylmar_scaled_0.51g,6.0,646461.7617538249,22.924539139666617,1.3489350259407027,0.48507097650948133,0.3037321310675228,0.3595955084428243,0.8461101879887595,739.5795310614494,107743.62695897081,36385927.280900784,42481912.65457106,0.7130079606707943,0.04463404657559655,0.5057999999999999,0.498572775156823,0.1972487060448539,3.289727983748639,9.37,0.49317602808065547,0.8192,0.3896292801225025,0.9501839800593731,1.0732203637827638,0.17616120912958297,0.770322815584228,1.6466492015877718,2.7351999065941905,0.012876226352127007,0.014058957984087864,0.2454605689351461,2281952.27846601,8.992678109795834
Bldg_017_6St,Northridge_1994_Sylmar_scaled_1.18g,6.0,646461.7617538249,22.924539139666617,1.3489350259407027,0.48507097650948133,0.3037321310675228,0.3595955084428243,0.8461101879887595,739.5795310614494,107743.62695897081,36385927.280900784,42481912.65457106,0.7130079606707943,0.04463404657559655,1.1802,1.163336475365919,0.4602469807713281,17.910741244853703,9.37,0.4931760280806554,0.8192,0.909134986952525,2.2170959534718606,2.504180848826466,0.41104282130236874,0.7703228155842443,1.6466492015877718,2.7351999065941905,0.03004452815496365,0.03280423529620404,0.5727413275153205,5324555.316420532,20.9829155895199
Bldg_017_6St,Loma_Prieta_1989_Corralitos,6.0,646461.7617538249,22.924539139666617,1.3489350259407027,0.48507097650948133,0.3037321310675228,0.3595955084428243,0.8461101879887595,739.5795310614494,107743.62695897081,36385927.280900784,42481912.65457106,0.7130079606707943,0.04463404657559655,0.644,0.6861034364890142,0.3994006678649551,6.918654308054634,11.41,0.6811214742642783,1.0778947368421052,0.6942178629112813,1.0215002192612022,1.7026704045143044,0.3136305187102426,1.0779780479988839,1.2514533932067067,1.9804617486150637,0.022942080579070115,0.022278266770356565,0.42807678793078474,3616053.314507938,14.603512282753803
Bldg_017_6St,Loma_Prieta_1989_Corralitos_scaled_0.39g,6.0,646461.7617538249,22.924539139666617,1.3489350259407027,0.48507097650948133,0.3037321310675228,0.3595955084428243,0.8461101879887595,739.5795310614494,107743.62695897081,36385927.280900784,42481912.65457106,0.7130079606707943,0.04463404657559655,0.3864,0.4116620618934086,0.2396404007189732,2.4907155508996683,11.41,0.6811214742642783,1.0778947368421052,0.41653071774674405,0.6129001315567147,1.021602242708581,0.18817831122613443,1.07797804799882,1.2514533932067067,1.9804617486150637,0.01376524834744125,0.01336696006221515,0.2568460727584722,2169631.9887049594,8.762107369651162
Bldg_017_6St,Loma_Prieta_1989_Corralitos_scaled_0.90g,6.0,646461.7617538249,22.924539139666617,1.3489350259407027,0.48507097650948133,0.3037321310675228,0.3595955084428243,0.8461101879887595,739.5795310614494,107743.62695897081,36385927.280900784,42481912.65457106,0.7130079606707943,0.04463404657559655,0.9015999999999998,0.9605448110846201,0.5591609350109363,13.560562443787077,11.41,0.6811214742642782,1.0778947368421052,0.9719050080757421,1.4301003069657,2.3837385663200155,0.4390827261943166,1.0779780479988268,1.2514533932067067,1.9804617486150642,0.032118912810696454,0.031189573478500154,0.5993075031030501,5062474.64031127,20.4449171958632
Bldg_017_6St,San_Fernando_1971_Pacoima,6.0,646461.7617538249,22.924539139666617,1.3489350259407027,0.48507097650948133,0.3037321310675228,0.3595955084428243,0.8461101879887595,739.5795310614494,107743.62695897081,36385927.280900784,42481912.65457106,0.7130079606707943,0.04463404657559655,1.17,1.0361741213226916,0.47368625496262196,19.729249200797177,9.42,0.461649004640927,0.28054794520547943,0.8534227145879967,2.6937775953449083,3.113178382737801,0.38541447970525705,0.7294211235794844,4.8082156686362945,2.9219927095692784,0.02820338359485392,0.037000835964186664,0.4898586710836516,6005718.349054506,18.64770131329046
Bldg_017_6St,San_Fernando_1971_Pacoima_scaled_0.70g,6.0,646461.7617538249,22.924539139666617,1.3489350259407027,0.48507097650948133,0.3037321310675228,0.3595955084428243,0.8461101879887595,739.5795310614494,107743.62695897081,36385927.280900784,42481912.65457106,0.7130079606707943,0.04463404657559655,0.7020000000000001,0.621704472793615,0.284211752977573,7.102529712286988,9.42,0.46164900464092706,0.28054794520547943,0.5120536287528105,1.6162665572069512,1.8679070296426743,0.23124868782315974,0.7294211235795021,4.8082156686362945,2.921992709569278,0.01692203015691276,0.02220050157851218,0.2939152026501818,3603431.0094327335,11.188620787976168
Bldg_017_6St,San_Fernando_1971_Pacoima_scaled_1.20g,6.0,646461.7617538249,22.924539139666617,1.3489350259407027,0.48507097650948133,0.3037321310675228,0.3595955084428243,0.8461101879887595,739.5795310614494,107743.62695897081,36385927.280900784,42481912.65457106,0.7130079606707943,0.04463404657559655,1.2,1.062742688536094,0.48583205637192123,20.75397680557232,9.42,0.461649004640927,0.28054794520547943,0.875305348295374,2.762848815738332,3.1930034694746467,0.39529690226179864,0.7294211235794783,4.8082156686362945,2.9219927095692784,0.02892654727677301,0.03794957534788434,0.5024191498293663,6159711.127235486,19.125847500815993
Bldg_017_6St,Imperial_Valley_1979_Array6,6.0,646461.7617538249,22.924539139666617,1.3489350259407027,0.48507097650948133,0.3037321310675228,0.3595955084428243,0.8461101879887595,739.5795310614494,107743.62695897081,36385927.280900784,42481912.65457106,0.7130079606707943,0.04463404657559655,0.439,0.4470557915681539,0.20993321390578878,3.03447831967358,11.25,0.4646807553227397,0.8192,0.22462195468684557,1.0866309752915935,1.0640751678734575,0.10153339822208539,0.5116673227490788,1.6466492015877718,2.902928538548605,0.007423166788942769,0.009219011197592131,0.14162507325120308,1278489.6786703276,7.658171209933364
Bldg_017_6St,Imperial_Valley_1979_Array6_scaled_0.26g,6.0,646461.7617538249,22.924539139666617,1.3489350259407027,0.48507097650948133,0.3037321310675228,0.3595955084428243,0.8461101879887595,739.5795310614494,107743.62695897081,36385927.280900784,42481912.65457106,0.7130079606707943,0.04463404657559655,0.26339999999999997,0.26823347494089234,0.1259599283434734,1.0924121950824885,11.25,0.4646807553227397,0.8192,0.1347731728121053,0.6519785851749652,0.6384451007240711,0.06092003893325025,0.511667322749071,1.6466492015877718,2.902928538548605,0.004453900073365593,0.005531406718555695,0.08497504395072122,767093.8072021834,4.594902725961021
Bldg_017_6St,Imperial_Valley_1979_Array6_scaled_0.61g,6.0,646461.7617538249,22.924539139666617,1.3489350259407027,0.48507097650948133,0.3037321310675228,0.3595955084428243,0.8461101879887595,739.5795310614494,107743.62695897081,36385927.280900784,42481912.65457106,0.7130079606707943,0.04463404657559655,0.6145999999999999,0.6258781081954151,0.2939064994681046,5.947577506560213,11.25,0.46468075532273967,0.8192,0.314470736561583,1.521283365408234,1.4897052350228348,0.14214675751091915,0.5116673227490774,1.6466492015877718,2.9029285385486054,0.010392433504519849,0.012906615676629412,0.1982751025516855,1789885.5501385417,10.721439693907667
Bldg_017_6St,Friuli_1976_Tolmezzo,6.0,646461.7617538249,22.924539139666617,1.3489350259407027,0.48507097650948133,0.3037321310675228,0.3595955084428243,0.8461101879887595,739.5795310614494,107743.62695897081,36385927.280900784,42481912.65457106,0.7130079606707943,0.04463404657559655,0.352,0.21352777719546898,0.102872191600987,1.308741949374992,10.049999999999999,0.4278323224718693,0.3250793650793651,0.15314952064092047,0.6809413528401607,0.836467178001116,0.0692107162548712,0.43508386545716043,4.149555988001185,3.152952582327151,0.005061190198211569,0.006111494353010985,0.09318631867627399,991975.2573035652,4.131545438511288
Bldg_017_6St,Friuli_1976_Tolmezzo_scaled_0.21g,6.0,646461.7617538249,22.924539139666617,1.3489350259407027,0.48507097650948133,0.3037321310675228,0.3595955084428243,0.8461101879887595,739.5795310614494,107743.62695897081,36385927.280900784,42481912.65457106,0.7130079606707943,0.04463404657559655,0.2112,0.12811666631728136,0.0617233149605922,0.471147101774997,10.049999999999999,0.42783232247186925,0.3250793650793651,0.09188971238455415,0.40856481170409326,0.5018803068006642,0.0415264297529235,0.43508386545716926,4.149555988001185,3.1529525823271514,0.003036714118927003,0.003666896611806451,0.055911791205762985,595185.1543821164,2.478927263106745
Bldg_017_6St,Friuli_1976_Tolmezzo_scaled_0.49g,6.0,646461.7617538249,22.924539139666617,1.3489350259407027,0.48507097650948133,0.3037321310675228,0.3595955084428243,0.8461101879887595,739.5795310614494,107743.62695897081,36385927.280900784,42481912.65457106,0.7130079606707943,0.04463404657559655,0.4927999999999999,0.2989388880736565,0.14402106824138175,2.5651342207749837,10.049999999999999,0.42783232247186936,0.3250793650793651,0.2144093288973047,0.9533178939762185,1.1710540492015593,0.09689500275682675,0.4350838654571931,4.149555988001185,3.1529525823271505,0.007085666277496726,0.008556092094215172,0.13046084614677997,1388765.3602249576,5.784163613915623
Bldg_018_10St,El_Centro_1940_NS,10.0,2641541.8673443226,33.10622970315683,2.979394789620447,0.9999769202777022,0.6053898786112969,0.33563088844801664,0.8685081886935473,1514.6619235213475,264154.18673443224,53343084.94813778,41033142.2677983,1.3333333333333333,0.03095844509284535,0.348,0.546705574584446,0.18644040753129837,3.1070282308161543,13.060000000000002,0.534173757427226,0.7447272727272727,0.22389869437487814,0.33515832858567396,0.9413498656982965,0.49378077588914465,0.643387052801374,4.000652183328237,5.57757611300542,0.031688737080376894,0.031065067122928867,0.6498397750010017,4938226.637418521,6.143386396586285
Bldg_018_10St,El_Centro_1940_NS_scaled_0.21g,10.0,2641541.8673443226,33.10622970315683,2.979394789620447,0.9999769202777022,0.6053898786112969,0.33563088844801664,0.8685081886935473,1514.6619235213475,264154.18673443224,53343084.94813778,41033142.2677983,1.3333333333333333,0.03095844509284535,0.2088,0.3280233447506678,0.11186424451877919,1.1185301630938156,13.060000000000002,0.5341737574272261,0.7447272727272727,0.13433921662489157,0.2010949971513917,0.5648099194189907,0.2962684655334094,0.6433870528012048,4.000652183328237,5.577576113005419,0.019013242248221138,0.01863904027376053,0.38990386500061347,2962935.982451623,3.6860318379519152
Bldg_018_10St,El_Centro_1940_NS_scaled_0.49g,10.0,2641541.8673443226,33.10622970315683,2.979394789620447,0.9999769202777022,0.6053898786112969,0.33563088844801664,0.8685081886935473,1514.6619235213475,264154.18673443224,53343084.94813778,41033142.2677983,1.3333333333333333,0.03095844509284535,0.4871999999999999,0.7653878044182246,0.26101657054381694,6.089775332399659,13.060000000000002,0.5341737574272261,0.7447272727272727,0.3134581721247053,0.46922166001992943,1.31788981197762,0.6912930862445306,0.6433870528011193,4.000652183328237,5.577576113005419,0.044364231912510085,0.043491093972097154,0.9097756850013884,6913517.2923854105,8.600740955226907
Bldg_018_10St,Northridge_1994_Sylmar,10.0,2641541.8673443226,33.10622970315683,2.979394789620447,0.9999769202777022,0.6053898786112969,0.33563088844801664,0.8685081886935473,1514.6619235213475,264154.18673443224,53343084.94813778,41033142.2677983,1.3333333333333333,0.03095844509284535,0.843,0.8309546252613713,0.3287478434080909,9.138133288190668,9.37,0.4931760280806555,0.8192,0.32745091888670225,1.1090986786594277,1.6881749094769958,0.7217037342263007,0.3884352537208805,3.636956530298397,6.041240084631988,0.04634464753936855,0.051813426531593786,0.9655781926711736,8236468.379796001,9.371609056654897
Bldg_018_10St,Northridge_1994_Sylmar_scaled_0.51g,10.0,2641541.8673443226,33.10622970315683,2.979394789620447,0.9999769202777022,0.6053898786112969,0.33563088844801664,0.8685081886935473,1514.6619235213475,264154.18673443224,53343084.94813778,41033142.2677983,1.3333333333333333,0.03095844509284535,0.5057999999999999,0.498572775156823,0.1972487060448539,3.289727983748639,9.37,0.49317602808065547,0.8192,0.1964705513320098,0.6654592071957115,1.0129049456862371,0.4330222405357551,0.38843525372085774,3.636956530298397,6.041240084631989,0.027806788523619497,0.031088055918954423,0.5793469156027503,4941881.027877307,5.622965433994352
Bldg_018_10St,Northridge_1994_Sylmar_scaled_1.18g,10.0,2641541.8673443226,33.10622970315683,2.979394789620447,0.9999769202777022,0.6053898786112969,0.33563088844801664,0.8685081886935473,1514.6619235213475,264154.18673443224,53343084.94813778,41033142.2677983,1.3333333333333333,0.03095844509284535,1.1802,1.163336475365919,0.4602469807713281,17.910741244853703,9.37,0.4931760280806554,0.8192,0.4584312864413598,1.5527381501232842,2.3634448732679303,1.0103852279167675,0.3884352537208607,3.636956530298397,6.041240084631989,0.06488250655511267,0.0725387971442374,1.3518094697398324,11531055.731715372,13.120252679326093
Bldg_018_10St,Loma_Prieta_1989_Corralitos,10.0,2641541.8673443226,33.10622970315683,2.979394789620447,0.9999769202777022,0.6053898786112969,0.33563088844801664,0.8685081886935473,1514.6619235213475,264154.18673443224,53343084.94813778,41033142.2677983,1.3333333333333333,0.03095844509284535,0.644,0.6861034364890142,0.3994006678649551,6.918654308054634,11.41,0.6811214742642783,1.0778947368421052,0.4950481543683908,1.0874802011496776,1.3902917946927664,1.0914583581362947,0.7687083142366317,2.7640869630267817,4.374248797306937,0.07006494990828287,0.08151827207564614,1.2890907523455586,12958468.784481175,10.244021086517739
Bldg_018_10St,Loma_Prieta_1989_Corralitos_scaled_0.39g,10.0,2641541.8673443226,33.10622970315683,2.979394789620447,0.9999769202777022,0.6053898786112969,0.33563088844801664,0.8685081886935473,1514.6619235213475,264154.18673443224,53343084.94813778,41033142.2677983,1.3333333333333333,0.03095844509284535,0.3864,0.4116620618934086,0.2396404007189732,2.4907155508996683,11.41,0.6811214742642783,1.0778947368421052,0.29702889262107784,0.65248812068979,0.834175076815677,0.6548750148818762,0.7687083142367439,2.7640869630267817,4.374248797306937,0.04203896994497586,0.04891096324539566,0.7734544514074267,7775081.270689972,6.146412651906873
Bldg_018_10St,Loma_Prieta_1989_Corralitos_scaled_0.90g,10.0,2641541.8673443226,33.10622970315683,2.979394789620447,0.9999769202777022,0.6053898786112969,0.33563088844801664,0.8685081886935473,1514.6619235213475,264154.18673443224,53343084.94813778,41033142.2677983,1.3333333333333333,0.03095844509284535,0.9015999999999998,0.9605448110846201,0.5591609350109363,13.560562443787077,11.41,0.6811214742642782,1.0778947368421052,0.6930674161157533,1.5224722816095284,1.9464085125698873,1.5280417013908243,0.7687083142366387,2.7640869630267817,4.3742487973069375,0.09809092987159689,0.11412558090588984,1.8047270532837287,18141856.2982713,14.34162952112832
Bldg_018_10St,San_Fernando_1971_Pacoima,10.0,2641541.8673443226,33.10622970315683,2.979394789620447,0.9999769202777022,0.6053898786112969,0.33563088844801664,0.8685081886935473,1514.6619235213475,264154.18673443224,53343084.94813778,41033142.2677983,1.3333333333333333,0.03095844509284535,1.17,1.0361741213226916,0.47368625496262196,19.729249200797177,9.42,0.461649004640927,0.28054794520547943,0.6413663210430257,1.2093063729155626,2.384128513923932,1.4139355790583383,0.5481763427718169,10.61991306847132,6.453809625210468,0.0907735919429347,0.10215906730402319,1.741548810872815,16239611.696901916,12.569378777210108
Bldg_018_10St,San_Fernando_1971_Pacoima_scaled_0.70g,10.0,2641541.8673443226,33.10622970315683,2.979394789620447,0.9999769202777022,0.6053898786112969,0.33563088844801664,0.8685081886935473,1514.6619235213475,264154.18673443224,53343084.94813778,41033142.2677983,1.3333333333333333,0.03095844509284535,0.7020000000000001,0.621704472793615,0.284211752977573,7.102529712286988,9.42,0.46164900464092706,0.28054794520547943,0.38481979262577176,0.7255838237493605,1.4304771083543117,0.8483613474349058,0.5481763427717546,10.61991306847132,6.453809625210468,0.05446415516575465,0.06129544038242126,1.0449292865237692,9743767.018142316,7.541627266317621
Bldg_018_10St,San_Fernando_1971_Pacoima_scaled_1.20g,10.0,2641541.8673443226,33.10622970315683,2.979394789620447,0.9999769202777022,0.6053898786112969,0.33563088844801664,0.8685081886935473,1514.6619235213475,264154.18673443224,53343084.94813778,41033142.2677983,1.3333333333333333,0.03095844509284535,1.2,1.062742688536094,0.48583205637192123,20.75397680557232,9.42,0.461649004640927,0.28054794520547943,0.6578116113261266,1.2403142286313544,2.44526001428089,1.4501903374956095,0.5481763427717722,10.61991306847132,6.453809625210468,0.09310111994146392,0.10477853056823239,1.7862039085877108,16656011.99682303,12.891670540713626
Bldg_018_10St,Imperial_Valley_1979_Array6,10.0,2641541.8673443226,33.10622970315683,2.979394789620447,0.9999769202777022,0.6053898786112969,0.33563088844801664,0.8685081886935473,1514.6619235213475,264154.18673443224,53343084.94813778,41033142.2677983,1.3333333333333333,0.03095844509284535,0.439,0.4470557915681539,0.20993321390578878,3.03447831967358,11.25,0.4646807553227397,0.8192,0.19659267299462496,0.3414594218869519,0.7801695552692318,0.43315349342231246,0.44781930067112746,3.636956530298397,6.411702562442328,0.02782407259608466,0.02824849022739961,0.5656540215623936,4490492.370603623,4.158166827879203
Bldg_018_10St,Imperial_Valley_1979_Array6_scaled_0.26g,10.0,2641541.8673443226,33.10622970315683,2.979394789620447,0.9999769202777022,0.6053898786112969,0.33563088844801664,0.8685081886935473,1514.6619235213475,264154.18673443224,53343084.94813778,41033142.2677983,1.3333333333333333,0.03095844509284535,0.26339999999999997,0.26823347494089234,0.1259599283434734,1.0924121950824885,11.25,0.4646807553227397,0.8192,0.11795560379677236,0.20487565313217745,0.4681017331615459,0.2598920960533817,0.4478193006711176,3.636956530298397,6.411702562442328,0.016694443557650426,0.016949094136439677,0.3393924129374516,2694295.4223621595,2.494900096729261
Bldg_018_10St,Imperial_Valley_1979_Array6_scaled_0.61g,10.0,2641541.8673443226,33.10622970315683,2.979394789620447,0.9999769202777022,0.6053898786112969,0.33563088844801664,0.8685081886935473,1514.6619235213475,264154.18673443224,53343084.94813778,41033142.2677983,1.3333333333333333,0.03095844509284535,0.6145999999999999,0.6258781081954151,0.2939064994681046,5.947577506560213,11.25,0.46468075532273967,0.8192,0.27522974219249247,0.4780431906417224,1.092237377376956,0.6064148907912744,0.44781930067115605,3.636956530298397,6.411702562442329,0.038953701634521005,0.03954788631835292,0.7919156301872833,6286689.3188440325,5.8214335590287964
Bldg_018_10St,Friuli_1976_Tolmezzo,10.0,2641541.8673443226,33.10622970315683,2.979394789620447,0.9999769202777022,0.6053898786112969,0.33563088844801664,0.8685081886935473,1514.6619235213475,264154.18673443224,53343084.94813778,41033142.2677983,1.3333333333333333,0.03095844509284535,0.352,0.21352777719546898,0.102872191600987,1.308741949374992,10.049999999999999,0.4278323224718693,0.3250793650793651,0.09875927113244738,0.22436897304525494,0.5922131880999597,0.2177394498685712,0.28056611117172553,9.16513045635196,6.963931038231332,0.013977556170675568,0.013935789716612319,0.27923710514248323,2215288.5657615075,2.099110207794764
Bldg_018_10St,Friuli_1976_Tolmezzo_scaled_0.21g,10.0,2641541.8673443226,33.10622970315683,2.979394789620447,0.9999769202777022,0.6053898786112969,0.33563088844801664,0.8685081886935473,1514.6619235213475,264154.18673443224,53343084.94813778,41033142.2677983,1.3333333333333333,0.03095844509284535,0.2112,0.12811666631728136,0.0617233149605922,0.471147101774997,10.049999999999999,0.42783232247186925,0.3250793650793651,0.059255562679470665,0.1346213838271515,0.3553279128599824,0.13064366992114776,0.28056611117173613,9.16513045635196,6.963931038231333,0.008386533702405656,0.008361473829968283,0.16754226308550627,1329173.1394570463,1.2594661246768768
Bldg_018_10St,Friuli_1976_Tolmezzo_scaled_0.49g,10.0,2641541.8673443226,33.10622970315683,2.979394789620447,0.9999769202777022,0.6053898786112969,0.33563088844801664,0.8685081886935473,1514.6619235213475,264154.18673443224,53343084.94813778,41033142.2677983,1.3333333333333333,0.03095844509284535,0.4927999999999999,0.2989388880736565,0.14402106824138175,2.5651342207749837,10.049999999999999,0.42783232247186936,0.3250793650793651,0.1382629795854208,0.3141165622633541,0.8290984633399661,0.3048352298159881,0.28056611117171437,9.16513045635196,6.9639310382313315,0.01956857863894501,0.019510105603258145,0.39093194719944707,3101403.9920662534,2.938754290912331
Bldg_019_10St,El_Centro_1940_NS,10.0,2052578.4585914456,37.07858698432766,3.118454611073725,1.0899438674104054,0.6686626239905169,0.349514103408779,0.8291539226026338,1304.5702282325642,205257.84585914455,33968527.97319341,40000000.0,0.6984263986596704,0.03693883769232474,0.348,0.546705574584446,0.18644040753129837,3.1070282308161543,13.060000000000002,0.534173757427226,0.7447272727272727,0.22333836596516524,0.31872094751103663,0.7808187527682746,0.5395537674364889,0.6417769136930036,4.187378017799191,5.837903056288894,0.02239826585402,0.02747889512057546,0.7233030263336855,3592160.583152511,5.563565719416639
Bldg_019_10St,El_Centro_1940_NS_scaled_0.21g,10.0,2052578.4585914456,37.07858698432766,3.118454611073725,1.0899438674104054,0.6686626239905169,0.349514103408779,0.8291539226026338,1304.5702282325642,205257.84585914455,33968527.97319341,40000000.0,0.6984263986596704,0.03693883769232474,0.2088,0.3280233447506678,0.11186424451877919,1.1185301630938156,13.060000000000002,0.5341737574272261,0.7447272727272727,0.1340030195791503,0.19123256850662196,0.46849125166097044,0.323732260462015,0.6417769136932486,4.187378017799191,5.837903056288893,0.013438959512417133,0.016487337072344857,0.4339818158002232,2155296.3498912076,3.3381394316491195
Bldg_019_10St,El_Centro_1940_NS_scaled_0.49g,10.0,2052578.4585914456,37.07858698432766,3.118454611073725,1.0899438674104054,0.6686626239905169,0.349514103408779,0.8291539226026338,1304.5702282325642,205257.84585914455,33968527.97319341,40000000.0,0.6984263986596704,0.03693883769232474,0.4871999999999999,0.7653878044182246,0.26101657054381694,6.089775332399659,13.060000000000002,0.5341737574272261,0.7447272727272727,0.31267371235127395,0.4462093265154445,1.0931462538755883,0.755375274411184,0.6417769136930911,4.187378017799191,5.837903056288893,0.031357572195632274,0.03847045316880716,1.0126242368672345,5029024.816414459,7.788992007170788
Bldg_019_10St,Northridge_1994_Sylmar,10.0,2052578.4585914456,37.07858698432766,3.118454611073725,1.0899438674104054,0.6686626239905169,0.349514103408779,0.8291539226026338,1304.5702282325642,205257.84585914455,33968527.97319341,40000000.0,0.6984263986596704,0.03693883769232474,0.843,0.8309546252613713,0.3287478434080909,9.138133288190668,9.37,0.4931760280806555,0.8192,0.29713013350370904,0.8578638624440872,1.3361104419333116,0.7175323264629997,0.35246753677782805,3.8067072889083553,6.323208009947562,0.029798730257095916,0.0403188866049814,1.0171116186391935,5999067.271712673,8.22117339318937
Bldg_019_10St,Northridge_1994_Sylmar_scaled_0.51g,10.0,2052578.4585914456,37.07858698432766,3.118454611073725,1.0899438674104054,0.6686626239905169,0.349514103408779,0.8291539226026338,1304.5702282325642,205257.84585914455,33968527.97319341,40000000.0,0.6984263986596704,0.03693883769232474,0.5057999999999999,0.498572775156823,0.1972487060448539,3.289727983748639,9.37,0.49317602808065547,0.8192,0.1782780801022326,0.5147183174664803,0.8016662651599966,0.43051939587781657,0.35246753677784226,3.8067072889083553,6.323208009947563,0.01787923815425827,0.024191331962986992,0.6102669711835403,3599440.3630271815,4.932704035917331
Bldg_019_10St,Northridge_1994_Sylmar_scaled_1.18g,10.0,2052578.4585914456,37.07858698432766,3.118454611073725,1.0899438674104054,0.6686626239905169,0.349514103408779,0.8291539226026338,1304.5702282325642,205257.84585914455,33968527.97319341,40000000.0,0.6984263986596704,0.03693883769232474,1.1802,1.163336475365919,0.4602469807713281,17.910741244853703,9.37,0.4931760280806554,0.8192,0.41598218690514926,1.2010094074217352,1.8705546187066457,1.004545257048095,0.3524675367777913,3.8067072889083553,6.323208009947564,0.04171822235992994,0.05644644124698841,1.4239562660949607,8398694.18039901,11.509642750495013
Bldg_019_10St,Loma_Prieta_1989_Corralitos,10.0,2052578.4585914456,37.07858698432766,3.118454611073725,1.0899438674104054,0.6686626239905169,0.349514103408779,0.8291539226026338,1304.5702282325642,205257.84585914455,33968527.97319341,40000000.0,0.6984263986596704,0.03693883769232474,0.644,0.6861034364890142,0.3994006678649551,6.918654308054634,11.41,0.6811214742642783,1.0778947368421052,0.42852357118994455,0.9200292650940263,1.182351522389784,1.0347496904218667,0.6654092720340754,2.89309753957035,4.578411823591617,0.04297597876095996,0.054954683365295194,1.3303146663892222,8614693.306893092,9.884417734861414
Bldg_019_10St,Loma_Prieta_1989_Corralitos_scaled_0.39g,10.0,2052578.4585914456,37.07858698432766,3.118454611073725,1.0899438674104054,0.6686626239905169,0.349514103408779,0.8291539226026338,1304.5702282325642,205257.84585914455,33968527.97319341,40000000.0,0.6984263986596704,0.03693883769232474,0.3864,0.4116620618934086,0.2396404007189732,2.4907155508996683,11.41,0.6811214742642783,1.0778947368421052,0.2571141427139252,0.5520175590564211,0.7094109134338752,0.6208498142530208,0.6654092720339678,2.89309753957035,4.578411823591617,0.02578558725657181,0.03297281001917341,0.7981887998333872,5168815.984135054,5.930650640910541
Bldg_019_10St,Loma_Prieta_1989_Corralitos_scaled_0.90g,10.0,2052578.4585914456,37.07858698432766,3.118454611073725,1.0899438674104054,0.6686626239905169,0.349514103408779,0.8291539226026338,1304.5702282325642,205257.84585914455,33968527.97319341,40000000.0,0.6984263986596704,0.03693883769232474,0.9015999999999998,0.9605448110846201,0.5591609350109363,13.560562443787077,11.41,0.6811214742642782,1.0778947368421052,0.5999329996658275,1.2880409711315801,1.6552921313457127,1.448649566590386,0.6654092720339703,2.89309753957035,4.578411823591618,0.06016637026533443,0.07693655671140824,1.8624405329448377,12060570.629649952,13.838184828809343
Bldg_019_10St,San_Fernando_1971_Pacoima,10.0,2052578.4585914456,37.07858698432766,3.118454611073725,1.0899438674104054,0.6686626239905169,0.349514103408779,0.8291539226026338,1304.5702282325642,205257.84585914455,33968527.97319341,40000000.0,0.6984263986596704,0.03693883769232474,1.17,1.0361741213226916,0.47368625496262196,19.729249200797177,9.42,0.461649004640927,0.28054794520547943,0.5789379258056586,1.1791286665212604,1.5105532287404833,1.3981087897688451,0.49481874000483644,11.115585283612399,6.755033758816993,0.05806080616347208,0.06811656645454546,1.8584783270703478,9713241.619909653,12.886596960872312
Bldg_019_10St,San_Fernando_1971_Pacoima_scaled_0.70g,10.0,2052578.4585914456,37.07858698432766,3.118454611073725,1.0899438674104054,0.6686626239905169,0.349514103408779,0.8291539226026338,1304.5702282325642,205257.84585914455,33968527.97319341,40000000.0,0.6984263986596704,0.03693883769232474,0.7020000000000001,0.621704472793615,0.284211752977573,7.102529712286988,9.42,0.46164900464092706,0.28054794520547943,0.3473627554833993,0.7074771999127458,0.906331937244287,0.838865273861317,0.4948187400048422,11.115585283612399,6.755033758816992,0.03483648369808366,0.04086993987272529,1.1150869962422791,5827944.971946031,7.731958176522953
Bldg_019_10St,San_Fernando_1971_Pacoima_scaled_1.20g,10.0,2052578.4585914456,37.07858698432766,3.118454611073725,1.0899438674104054,0.6686626239905169,0.349514103408779,0.8291539226026338,1304.5702282325642,205257.84585914455,33968527.97319341,40000000.0,0.6984263986596704,0.03693883769232474,1.2,1.062742688536094,0.48583205637192123,20.75397680557232,9.42,0.461649004640927,0.28054794520547943,0.5937824880057656,1.2093627348935772,1.5492853628107166,1.4339577330961586,0.4948187400048047,11.115585283612399,6.755033758816993,0.05954954478304447,0.06986314508158245,1.9061316175081386,9962299.097344363,13.217022523968808
Bldg_019_10St,Imperial_Valley_1979_Array6,10.0,2052578.4585914456,37.07858698432766,3.118454611073725,1.0899438674104054,0.6686626239905169,0.349514103408779,0.8291539226026338,1304.5702282325642,205257.84585914455,33968527.97319341,40000000.0,0.6984263986596704,0.03693883769232474,0.439,0.4470557915681539,0.20993321390578878,3.03447831967358,11.25,0.4646807553227397,0.8192,0.17967799617779778,0.4096011673778013,0.5503885110068211,0.4343343392268152,0.40928928514304735,3.8067072889083553,6.7109613973744855,0.018019633613400816,0.022489521128394842,0.5595188358680302,3512185.405684016,4.353928796748651
Bldg_019_10St,Imperial_Valley_1979_Array6_scaled_0.26g,10.0,2052578.4585914456,37.07858698432766,3.118454611073725,1.0899438674104054,0.6686626239905169,0.349514103408779,0.8291539226026338,1304.5702282325642,205257.84585914455,33968527.97319341,40000000.0,0.6984263986596704,0.03693883769232474,0.26339999999999997,0.26823347494089234,0.1259599283434734,1.0924121950824885,11.25,0.4646807553227397,0.8192,0.10780679770664112,0.24576070042668782,0.3302331066040939,0.26060060353599923,0.4092892851429048,3.8067072889083553,6.7109613973744855,0.010811780168036723,0.013493712677036607,0.3357113015208451,2107311.2434106558,2.612357278048333
Bldg_019_10St,Imperial_Valley_1979_Array6_scaled_0.61g,10.0,2052578.4585914456,37.07858698432766,3.118454611073725,1.0899438674104054,0.6686626239905169,0.349514103408779,0.8291539226026338,1304.5702282325642,205257.84585914455,33968527.97319341,40000000.0,0.6984263986596704,0.03693883769232474,0.6145999999999999,0.6258781081954151,0.2939064994681046,5.947577506560213,11.25,0.46468075532273967,0.8192,0.25154919464890435,0.5734416343289356,0.7705439154095516,0.6080680749175147,0.409289285143027,3.8067072889083553,6.710961397374486,0.02522748705875989,0.03148532957974913,0.7833263702152785,4917059.567957177,6.0955003154383816
Bldg_019_10St,Friuli_1976_Tolmezzo,10.0,2052578.4585914456,37.07858698432766,3.118454611073725,1.0899438674104054,0.6686626239905169,0.349514103408779,0.8291539226026338,1304.5702282325642,205257.84585914455,33968527.97319341,40000000.0,0.6984263986596704,0.03693883769232474,0.352,0.21352777719546898,0.102872191600987,1.308741949374992,10.049999999999999,0.4278323224718693,0.3250793650793651,0.09090130151189993,0.24147763471135017,0.6699786551870435,0.21953185996783645,0.25824233384062484,9.592902368049057,7.288964501457854,0.00911635360517293,0.012125797220336345,0.30346363796682996,1556704.0324481681,2.610947965789373
Bldg_019_10St,Friuli_1976_Tolmezzo_scaled_0.21g,10.0,2052578.4585914456,37.07858698432766,3.118454611073725,1.0899438674104054,0.6686626239905169,0.349514103408779,0.8291539226026338,1304.5702282325642,205257.84585914455,33968527.97319341,40000000.0,0.6984263986596704,0.03693883769232474,0.2112,0.12811666631728136,0.0617233149605922,0.471147101774997,10.049999999999999,0.42783232247186925,0.3250793650793651,0.05454078090714572,0.14488658082679634,0.4019871931122258,0.13171911598071612,0.2582423338406521,9.592902368049057,7.288964501457855,0.005469812163104335,0.007275478332200766,0.18207818278008917,934022.4194687199,1.5665687794735605
Bldg_019_10St,Friuli_1976_Tolmezzo_scaled_0.49g,10.0,2052578.4585914456,37.07858698432766,3.118454611073725,1.0899438674104054,0.6686626239905169,0.349514103408779,0.8291539226026338,1304.5702282325642,205257.84585914455,33968527.97319341,40000000.0,0.6984263986596704,0.03693883769232474,0.4927999999999999,0.2989388880736565,0.14402106824138175,2.5651342207749837,10.049999999999999,0.42783232247186936,0.3250793650793651,0.12726182211665052,0.338068688595877,0.9379701172618952,0.30734460395495017,0.2582423338406058,9.592902368049057,7.288964501457853,0.012762895047241159,0.016976116108468404,0.424849093153525,2179385.645426971,3.6553271521049875
Bldg_020_5St,El_Centro_1940_NS,5.0,431577.0521504538,15.320911780484215,0.7130741434112638,0.25501056678852646,0.16467834084054334,0.3576213906292907,0.8673366722282386,611.8190943589842,86315.41043009076,75660470.46042758,83114761.34278658,0.7757831833380477,0.058341659875327925,0.348,0.546705574584446,0.18644040753129837,3.1070282308161543,13.060000000000002,0.534173757427226,0.7447272727272727,0.7300869390821965,1.0815089559333557,0.8431143167877154,0.09241758654450555,2.097950974374128,0.9574970187407108,1.3349104734116608,0.01052321730521301,0.009892544545591018,0.11644744383107414,2519421.2277816143,11.601923947341675
Bldg_020_5St,El_Centro_1940_NS_scaled_0.21g,5.0,431577.0521504538,15.320911780484215,0.7130741434112638,0.25501056678852646,0.16467834084054334,0.3576213906292907,0.8673366722282386,611.8190943589842,86315.41043009076,75660470.46042758,83114761.34278658,0.7757831833380477,0.058341659875327925,0.2088,0.3280233447506678,0.11186424451877919,1.1185301630938156,13.060000000000002,0.5341737574272261,0.7447272727272727,0.43805216344931164,0.6489053735600144,0.505868590072629,0.055450551926702535,2.097950974374098,0.9574970187407108,1.3349104734116606,0.006313930383127716,0.0059355267273544805,0.06986846629864259,1511652.7366689353,6.96115436840497
Bldg_020_5St,El_Centro_1940_NS_scaled_0.49g,5.0,431577.0521504538,15.320911780484215,0.7130741434112638,0.25501056678852646,0.16467834084054334,0.3576213906292907,0.8673366722282386,611.8190943589842,86315.41043009076,75660470.46042758,83114761.34278658,0.7757831833380477,0.058341659875327925,0.4871999999999999,0.7653878044182246,0.26101657054381694,6.089775332399659,13.060000000000002,0.5341737574272261,0.7447272727272727,1.0221217147150834,1.5141125383066958,1.1803600435027992,0.12938462116230878,2.0979509743741453,0.9574970187407108,1.3349104734116606,0.014732504227298335,0.013849562363827369,0.16302642136350268,3527189.718894245,16.242693526279197
Bldg_020_5St,Northridge_1994_Sylmar,5.0,431577.0521504538,15.320911780484215,0.7130741434112638,0.25501056678852646,0.16467834084054334,0.3576213906292907,0.8673366722282386,611.8190943589842,86315.41043009076,75660470.46042758,83114761.34278658,0.7757831833380477,0.058341659875327925,0.843,0.8309546252613713,0.3287478434080909,9.138133288190668,9.37,0.4931760280806555,0.8192,1.2180497548208116,1.781187102900975,1.7457456834292633,0.15398671765573785,1.4448988787909984,0.8704518352188279,1.4458815976648514,0.01755654234090845,0.017659298874313854,0.20391274677352983,4497448.785460911,19.726407091965253
Bldg_020_5St,Northridge_1994_Sylmar_scaled_0.51g,5.0,431577.0521504538,15.320911780484215,0.7130741434112638,0.25501056678852646,0.16467834084054334,0.3576213906292907,0.8673366722282386,611.8190943589842,86315.41043009076,75660470.46042758,83114761.34278658,0.7757831833380477,0.058341659875327925,0.5057999999999999,0.498572775156823,0.1972487060448539,3.289727983748639,9.37,0.49317602808065547,0.8192,0.7308298528924868,1.0687122617405829,1.0474474100575555,0.09239203059344267,1.4448988787909982,0.8704518352188279,1.4458815976648516,0.010533925404545067,0.010595579324588307,0.12234764806412098,2698469.2712765452,11.835844255179966
Bldg_020_5St,Northridge_1994_Sylmar_scaled_1.18g,5.0,431577.0521504538,15.320911780484215,0.7130741434112638,0.25501056678852646,0.16467834084054334,0.3576213906292907,0.8673366722282386,611.8190943589842,86315.41043009076,75660470.46042758,83114761.34278658,0.7757831833380477,0.058341659875327925,1.1802,1.163336475365919,0.4602469807713281,17.910741244853703,9.37,0.4931760280806554,0.8192,1.7052696567491321,2.4936619440613743,2.444043956800967,0.2155814047180324,1.4448988787909949,0.8704518352188279,1.4458815976648518,0.024579159277271768,0.024723018424039456,0.2854778454829438,6296428.299645291,27.61696992874711
Bldg_020_5St,Loma_Prieta_1989_Corralitos,5.0,431577.0521504538,15.320911780484215,0.7130741434112638,0.25501056678852646,0.16467834084054334,0.3576213906292907,0.8673366722282386,611.8190943589842,86315.41043009076,75660470.46042758,83114761.34278658,0.7757831833380477,0.058341659875327925,0.644,0.6861034364890142,0.3994006678649551,6.918654308054634,11.41,0.6811214742642783,1.0778947368421052,1.0228415911171853,1.5345066827065714,1.4146319520000334,0.12920674540029392,1.5882633402440764,0.6615433947663093,1.0469118510490358,0.01474288027350146,0.015955184246510525,0.1669716403580353,4063446.9421460503,15.002313627192716
Bldg_020_5St,Loma_Prieta_1989_Corralitos_scaled_0.39g,5.0,431577.0521504538,15.320911780484215,0.7130741434112638,0.25501056678852646,0.16467834084054334,0.3576213906292907,0.8673366722282386,611.8190943589842,86315.41043009076,75660470.46042758,83114761.34278658,0.7757831833380477,0.058341659875327925,0.3864,0.4116620618934086,0.2396404007189732,2.4907155508996683,11.41,0.6811214742642783,1.0778947368421052,0.6137049546703247,0.9207040096239483,0.8487791712000232,0.07752404724017808,1.5882633402441115,0.6615433947663093,1.0469118510490358,0.00884572816410107,0.009573110547906192,0.10018298421482001,2438068.165287599,9.001388176314816
Bldg_020_5St,Loma_Prieta_1989_Corralitos_scaled_0.90g,5.0,431577.0521504538,15.320911780484215,0.7130741434112638,0.25501056678852646,0.16467834084054334,0.3576213906292907,0.8673366722282386,611.8190943589842,86315.41043009076,75660470.46042758,83114761.34278658,0.7757831833380477,0.058341659875327925,0.9015999999999998,0.9605448110846201,0.5591609350109363,13.560562443787077,11.41,0.6811214742642782,1.0778947368421052,1.4319782275641064,2.1483093557892126,1.9804847328000457,0.1808894435604174,1.5882633402441289,0.6615433947663093,1.046911851049036,0.02064003238290272,0.02233725794511437,0.23376029650124902,5688825.719004379,21.003239078073705
Bldg_020_5St,San_Fernando_1971_Pacoima,5.0,431577.0521504538,15.320911780484215,0.7130741434112638,0.25501056678852646,0.16467834084054334,0.3576213906292907,0.8673366722282386,611.8190943589842,86315.41043009076,75660470.46042758,83114761.34278658,0.7757831833380477,0.058341659875327925,1.17,1.0361741213226916,0.47368625496262196,19.729249200797177,9.42,0.461649004640927,0.28054794520547943,1.271667515503797,3.7819418720834714,2.452800594055405,0.16067161669707872,1.0868953123964078,2.5417193588389777,1.544624024405504,0.018329369954829696,0.020192793049944417,0.22907205131749014,5142676.00451746,29.884527634751223
Bldg_020_5St,San_Fernando_1971_Pacoima_scaled_0.70g,5.0,431577.0521504538,15.320911780484215,0.7130741434112638,0.25501056678852646,0.16467834084054334,0.3576213906292907,0.8673366722282386,611.8190943589842,86315.41043009076,75660470.46042758,83114761.34278658,0.7757831833380477,0.058341659875327925,0.7020000000000001,0.621704472793615,0.284211752977573,7.102529712286988,9.42,0.46164900464092706,0.28054794520547943,0.7630005093022797,2.269165123250077,1.4716803564332457,0.09640297001824737,1.0868953123964098,2.5417193588389777,1.5446240244055038,0.01099762197289784,0.012115675829966824,0.13744323079049467,3085605.60271052,17.930716580849865
Bldg_020_5St,San_Fernando_1971_Pacoima_scaled_1.20g,5.0,431577.0521504538,15.320911780484215,0.7130741434112638,0.25501056678852646,0.16467834084054334,0.3576213906292907,0.8673366722282386,611.8190943589842,86315.41043009076,75660470.46042758,83114761.34278658,0.7757831833380477,0.058341659875327925,1.2,1.062742688536094,0.48583205637192123,20.75397680557232,9.42,0.461649004640927,0.28054794520547943,1.3042743748756922,3.878914740598456,2.515692916979903,0.1647914017405938,1.0868953123964102,2.5417193588389777,1.544624024405504,0.018799353799825374,0.020710556974301773,0.23494569365896356,5274539.49181273,30.650797574102455
Bldg_020_5St,Imperial_Valley_1979_Array6,5.0,431577.0521504538,15.320911780484215,0.7130741434112638,0.25501056678852646,0.16467834084054334,0.3576213906292907,0.8673366722282386,611.8190943589842,86315.41043009076,75660470.46042758,83114761.34278658,0.7757831833380477,0.058341659875327925,0.439,0.4470557915681539,0.20993321390578878,3.03447831967358,11.25,0.4646807553227397,0.8192,0.48189500752039965,0.888214106825301,0.9594396427794624,0.06087406876590174,1.0977107232810925,0.8704518352188279,1.5345463207659735,0.006945865774299925,0.006402816785875007,0.08011967511713484,1630661.601126628,7.406432504954449
Bldg_020_5St,Imperial_Valley_1979_Array6_scaled_0.26g,5.0,431577.0521504538,15.320911780484215,0.7130741434112638,0.25501056678852646,0.16467834084054334,0.3576213906292907,0.8673366722282386,611.8190943589842,86315.41043009076,75660470.46042758,83114761.34278658,0.7757831833380477,0.058341659875327925,0.26339999999999997,0.26823347494089234,0.1259599283434734,1.0924121950824885,11.25,0.4646807553227397,0.8192,0.28913700451224184,0.5329284640951837,0.5756637856676776,0.03652444125954128,1.0977107232811005,0.8704518352188279,1.5345463207659735,0.004167519464579985,0.003841690071525074,0.04807180507028157,978396.9606759945,4.4438595029724715
Bldg_020_5St,Imperial_Valley_1979_Array6_scaled_0.61g,5.0,431577.0521504538,15.320911780484215,0.7130741434112638,0.25501056678852646,0.16467834084054334,0.3576213906292907,0.8673366722282386,611.8190943589842,86315.41043009076,75660470.46042758,83114761.34278658,0.7757831833380477,0.058341659875327925,0.6145999999999999,0.6258781081954151,0.2939064994681046,5.947577506560213,11.25,0.46468075532273967,0.8192,0.6746530105285551,1.243499749555429,1.3432154998912478,0.08522369627226188,1.0977107232810854,0.8704518352188279,1.5345463207659737,0.009724212084019832,0.008963943500225212,0.11216754516398965,2282926.2415773305,10.369005506936595
Bldg_020_5St,Friuli_1976_Tolmezzo,5.0,431577.0521504538,15.320911780484215,0.7130741434112638,0.25501056678852646,0.16467834084054334,0.3576213906292907,0.8673366722282386,611.8190943589842,86315.41043009076,75660470.46042758,83114761.34278658,0.7757831833380477,0.058341659875327925,0.352,0.21352777719546898,0.102872191600987,1.308741949374992,10.049999999999999,0.4278323224718693,0.3250793650793651,0.4475121426653545,0.7929180777773555,0.5726356335638504,0.05644497105549873,1.2713413143902117,2.1935386247514463,1.6667140511763219,0.006450283208612257,0.006568042733656167,0.07342837420041508,1672741.144797292,7.895248928251214
Bldg_020_5St,Friuli_1976_Tolmezzo_scaled_0.21g,5.0,431577.0521504538,15.320911780484215,0.7130741434112638,0.25501056678852646,0.16467834084054334,0.3576213906292907,0.8673366722282386,611.8190943589842,86315.41043009076,75660470.46042758,83114761.34278658,0.7757831833380477,0.058341659875327925,0.2112,0.12811666631728136,0.0617233149605922,0.471147101774997,10.049999999999999,0.42783232247186925,0.3250793650793651,0.26850728559921355,0.47575084666641326,0.3435813801383108,0.033866982633299306,1.2713413143902157,2.1935386247514463,1.666714051176322,0.0038701699251673665,0.003940825640193785,0.044057024520249496,1003644.686878397,4.737149356950851
Bldg_020_5St,Friuli_1976_Tolmezzo_scaled_0.49g,5.0,431577.0521504538,15.320911780484215,0.7130741434112638,0.25501056678852646,0.16467834084054334,0.3576213906292907,0.8673366722282386,611.8190943589842,86315.41043009076,75660470.46042758,83114761.34278658,0.7757831833380477,0.058341659875327925,0.4927999999999999,0.2989388880736565,0.14402106824138175,2.5651342207749837,10.049999999999999,0.42783232247186936,0.3250793650793651,0.6265169997314862,1.1100853088882918,0.8016898869893894,0.07902295947769696,1.2713413143901915,2.1935386247514463,1.6667140511763217,0.009030396492057016,0.009195259827118775,0.10279972388057884,2341837.602716245,11.053348499551069
Bldg_021_8St,El_Centro_1940_NS,8.0,2522754.82118266,32.32951534566002,2.6102427070001735,0.9254001036349783,0.5728010687995481,0.35452645884355183,0.8357723193147679,1452.0498090500698,315344.3526478325,48088571.83372548,57616640.05790957,0.6692598452597174,0.02453858408069792,0.348,0.546705574584446,0.18644040753129837,3.1070282308161543,13.060000000000002,0.534173757427226,0.7447272727272727,0.2260727871536141,0.4391588717668707,0.9589680896431122,0.38265455031398693,0.6496344458437187,3.5049645723879284,4.88650494470572,0.01702051733825162,0.023328351500164962,0.4936568493883948,5431794.57252338,5.130265247044692
Bldg_021_8St,El_Centro_1940_NS_scaled_0.21g,8.0,2522754.82118266,32.32951534566002,2.6102427070001735,0.9254001036349783,0.5728010687995481,0.35452645884355183,0.8357723193147679,1452.0498090500698,315344.3526478325,48088571.83372548,57616640.05790957,0.6692598452597174,0.02453858408069792,0.2088,0.3280233447506678,0.11186424451877919,1.1185301630938156,13.060000000000002,0.5341737574272261,0.7447272727272727,0.13564367229219546,0.2634953230601181,0.5753808537858613,0.22959273018843748,0.6496344458438479,3.5049645723879284,4.886504944705719,0.010212310402953007,0.01399701090010536,0.29619410963310594,3259076.7435150295,3.078159148225897
Bldg_021_8St,El_Centro_1940_NS_scaled_0.49g,8.0,2522754.82118266,32.32951534566002,2.6102427070001735,0.9254001036349783,0.5728010687995481,0.35452645884355183,0.8357723193147679,1452.0498090500698,315344.3526478325,48088571.83372548,57616640.05790957,0.6692598452597174,0.02453858408069792,0.4871999999999999,0.7653878044182246,0.26101657054381694,6.089775332399659,13.060000000000002,0.5341737574272261,0.7447272727272727,0.31650190201511924,0.6148224204736533,1.3425553255003306,0.5357163704396803,0.6496344458438409,3.5049645723879284,4.886504944705719,0.02382872427355675,0.03265969210023844,0.6911195891437534,7604512.401532317,7.182371345859594
Bldg_021_8St,Northridge_1994_Sylmar,8.0,2522754.82118266,32.32951534566002,2.6102427070001735,0.9254001036349783,0.5728010687995481,0.35452645884355183,0.8357723193147679,1452.0498090500698,315344.3526478325,48088571.83372548,57616640.05790957,0.6692598452597174,0.02453858408069792,0.843,0.8309546252613713,0.3287478434080909,9.138133288190668,9.37,0.4931760280806555,0.8192,0.3853437735042631,1.4275880970161379,2.2143628987017823,0.6522157552885917,0.45711005160648055,3.186331429443571,5.29272016151865,0.02901167566735935,0.04105538166324191,0.8353354073388389,10668864.51383042,9.656593732563667
Bldg_021_8St,Northridge_1994_Sylmar_scaled_0.51g,8.0,2522754.82118266,32.32951534566002,2.6102427070001735,0.9254001036349783,0.5728010687995481,0.35452645884355183,0.8357723193147679,1452.0498090500698,315344.3526478325,48088571.83372548,57616640.05790957,0.6692598452597174,0.02453858408069792,0.5057999999999999,0.498572775156823,0.1972487060448539,3.289727983748639,9.37,0.49317602808065547,0.8192,0.23120626410254022,0.8565528582096954,1.3286177392210836,0.39132945317312523,0.45711005160644574,3.186331429443571,5.292720161518651,0.01740700540041428,0.02463322899794771,0.501201244403329,6401318.708298822,5.793956239541645
Bldg_021_8St,Northridge_1994_Sylmar_scaled_1.18g,8.0,2522754.82118266,32.32951534566002,2.6102427070001735,0.9254001036349783,0.5728010687995481,0.35452645884355183,0.8357723193147679,1452.0498090500698,315344.3526478325,48088571.83372548,57616640.05790957,0.6692598452597174,0.02453858408069792,1.1802,1.163336475365919,0.4602469807713281,17.910741244853703,9.37,0.4931760280806554,0.8192,0.5394812829058853,1.9986233358226406,3.1001080581825047,0.9131020574038882,0.45711005160641016,3.186331429443571,5.292720161518651,0.04061634593429684,0.05747753432854062,1.1694695702744666,14936410.319363203,13.519231225591579
Bldg_021_8St,Loma_Prieta_1989_Corralitos,8.0,2522754.82118266,32.32951534566002,2.6102427070001735,0.9254001036349783,0.5728010687995481,0.35452645884355183,0.8357723193147679,1452.0498090500698,315344.3526478325,48088571.83372548,57616640.05790957,0.6692598452597174,0.02453858408069792,0.644,0.6861034364890142,0.3994006678649551,6.918654308054634,11.41,0.6811214742642783,1.0778947368421052,0.7161583550225719,1.1011957522628448,1.5237285936530955,1.2116586168307373,1.112047135128217,2.4216118863771143,3.8322719303772637,0.0539179697480037,0.07206451701763757,1.560013817859863,16170916.244567009,10.440727928837582
Bldg_021_8St,Loma_Prieta_1989_Corralitos_scaled_0.39g,8.0,2522754.82118266,32.32951534566002,2.6102427070001735,0.9254001036349783,0.5728010687995481,0.35452645884355183,0.8357723193147679,1452.0498090500698,315344.3526478325,48088571.83372548,57616640.05790957,0.6692598452597174,0.02453858408069792,0.3864,0.4116620618934086,0.2396404007189732,2.4907155508996683,11.41,0.6811214742642783,1.0778947368421052,0.42969501301351287,0.6607174513577159,0.9142371561918532,0.7269951700983915,1.112047135128139,2.4216118863771143,3.8322719303772637,0.03235078184879994,0.04323871021058102,0.9360082907159116,9702549.746739177,6.264436757305147
Bldg_021_8St,Loma_Prieta_1989_Corralitos_scaled_0.90g,8.0,2522754.82118266,32.32951534566002,2.6102427070001735,0.9254001036349783,0.5728010687995481,0.35452645884355183,0.8357723193147679,1452.0498090500698,315344.3526478325,48088571.83372548,57616640.05790957,0.6692598452597174,0.02453858408069792,0.9015999999999998,0.9605448110846201,0.5591609350109363,13.560562443787077,11.41,0.6811214742642782,1.0778947368421052,1.0026216970317006,1.5416740531680502,2.1332200311143317,1.6963220635632006,1.1120471351283283,2.4216118863771143,3.8322719303772645,0.07548515764721271,0.10089032382469187,2.1840193450038345,22639282.742396634,14.617019100385555
Bldg_021_8St,San_Fernando_1971_Pacoima,8.0,2522754.82118266,32.32951534566002,2.6102427070001735,0.9254001036349783,0.5728010687995481,0.35452645884355183,0.8357723193147679,1452.0498090500698,315344.3526478325,48088571.83372548,57616640.05790957,0.6692598452597174,0.02453858408069792,1.17,1.0361741213226916,0.47368625496262196,19.729249200797177,9.42,0.461649004640927,0.28054794520547943,0.5820859308036267,1.1744507459720888,3.2182294710071235,0.9861215506201737,0.4975093425672023,9.304087773975228,5.654171634206022,0.043823955117886365,0.05911000535524152,1.316369255920108,13131292.42296345,14.413782530332918
Bldg_021_8St,San_Fernando_1971_Pacoima_scaled_0.70g,8.0,2522754.82118266,32.32951534566002,2.6102427070001735,0.9254001036349783,0.5728010687995481,0.35452645884355183,0.8357723193147679,1452.0498090500698,315344.3526478325,48088571.83372548,57616640.05790957,0.6692598452597174,0.02453858408069792,0.7020000000000001,0.621704472793615,0.284211752977573,7.102529712286988,9.42,0.46164900464092706,0.28054794520547943,0.3492515584821436,0.7046704475832616,1.9309376826042453,0.5916729303720489,0.4975093425671561,9.304087773975228,5.654171634206021,0.026294373070729384,0.035466003213138884,0.7898215535519802,7878775.453776079,8.648269518198658
Bldg_021_8St,San_Fernando_1971_Pacoima_scaled_1.20g,8.0,2522754.82118266,32.32951534566002,2.6102427070001735,0.9254001036349783,0.5728010687995481,0.35452645884355183,0.8357723193147679,1452.0498090500698,315344.3526478325,48088571.83372548,57616640.05790957,0.6692598452597174,0.02453858408069792,1.2,1.062742688536094,0.48583205637192123,20.75397680557232,9.42,0.461649004640927,0.28054794520547943,0.5970112110805758,1.2045648676636895,3.3007481753919157,1.011406718584678,0.49750934256714646,9.304087773975228,5.654171634206022,0.044947646274750196,0.06062564651819581,1.3501223137641911,13467992.228678739,14.783366697776895
Bldg_021_8St,Imperial_Valley_1979_Array6,8.0,2522754.82118266,32.32951534566002,2.6102427070001735,0.9254001036349783,0.5728010687995481,0.35452645884355183,0.8357723193147679,1452.0498090500698,315344.3526478325,48088571.83372548,57616640.05790957,0.6692598452597174,0.02453858408069792,0.439,0.4470557915681539,0.20993321390578878,3.03447831967358,11.25,0.4646807553227397,0.8192,0.25777026203656245,0.4947650419405769,1.0115697751932886,0.43622311586378326,0.5871759955274771,3.186331429443571,5.6172817081423,0.01940694972410719,0.024758889104378224,0.5500850340907166,5839295.470710092,5.389913431547199
Bldg_021_8St,Imperial_Valley_1979_Array6_scaled_0.26g,8.0,2522754.82118266,32.32951534566002,2.6102427070001735,0.9254001036349783,0.5728010687995481,0.35452645884355183,0.8357723193147679,1452.0498090500698,315344.3526478325,48088571.83372548,57616640.05790957,0.6692598452597174,0.02453858408069792,0.26339999999999997,0.26823347494089234,0.1259599283434734,1.0924121950824885,11.25,0.4646807553227397,0.8192,0.15466215722191917,0.29685902516434964,0.6069418651159707,0.26173386951823907,0.5871759955274077,3.186331429443571,5.6172817081423,0.011644169834462937,0.014855333462627116,0.3300510204544165,3503577.282426192,3.2339480589282372
Bldg_021_8St,Imperial_Valley_1979_Array6_scaled_0.61g,8.0,2522754.82118266,32.32951534566002,2.6102427070001735,0.9254001036349783,0.5728010687995481,0.35452645884355183,0.8357723193147679,1452.0498090500698,315344.3526478325,48088571.83372548,57616640.05790957,0.6692598452597174,0.02453858408069792,0.6145999999999999,0.6258781081954151,0.2939064994681046,5.947577506560213,11.25,0.46468075532273967,0.8192,0.36087836685117214,0.6926710587168073,1.4161976852706228,0.6107123622092706,0.5871759955274523,3.186331429443571,5.6172817081423005,0.027169729613748916,0.03466244474613242,0.7701190477269635,8175013.658993995,7.5458788041659615
Bldg_021_8St,Friuli_1976_Tolmezzo,8.0,2522754.82118266,32.32951534566002,2.6102427070001735,0.9254001036349783,0.5728010687995481,0.35452645884355183,0.8357723193147679,1452.0498090500698,315344.3526478325,48088571.83372548,57616640.05790957,0.6692598452597174,0.02453858408069792,0.352,0.21352777719546898,0.102872191600987,1.308741949374992,10.049999999999999,0.4278323224718693,0.3250793650793651,0.1286017368278581,0.3491226337053484,0.5416245219381239,0.2175241207030169,0.36534584326096053,8.0295552021978,6.10108813639671,0.009682138743751224,0.012559940333930542,0.30227645106599516,2863184.510753195,3.520936061682596
Bldg_021_8St,Friuli_1976_Tolmezzo_scaled_0.21g,8.0,2522754.82118266,32.32951534566002,2.6102427070001735,0.9254001036349783,0.5728010687995481,0.35452645884355183,0.8357723193147679,1452.0498090500698,315344.3526478325,48088571.83372548,57616640.05790957,0.6692598452597174,0.02453858408069792,0.2112,0.12811666631728136,0.0617233149605922,0.471147101774997,10.049999999999999,0.42783232247186925,0.3250793650793651,0.07716104209670682,0.20947358022321091,0.3249747131628795,0.1305144724217967,0.36534584326092245,8.0295552021978,6.101088136396711,0.005809283246250129,0.007535964200359347,0.18136587063959206,1717910.706451857,2.1125616370112357
Bldg_021_8St,Friuli_1976_Tolmezzo_scaled_0.49g,8.0,2522754.82118266,32.32951534566002,2.6102427070001735,0.9254001036349783,0.5728010687995481,0.35452645884355183,0.8357723193147679,1452.0498090500698,315344.3526478325,48088571.83372548,57616640.05790957,0.6692598452597174,0.02453858408069792,0.4927999999999999,0.2989388880736565,0.14402106824138175,2.5651342207749837,10.049999999999999,0.42783232247186936,0.3250793650793651,0.1800424315590218,0.48877168718745545,0.7582743307133749,0.3045337689842581,0.3653458432610021,8.0295552021978,6.10108813639671,0.013554994241253254,0.01758391646750199,0.42318703149234943,4008458.3150539617,4.929310486357066
Bldg_022_7St,El_Centro_1940_NS,7.0,1284556.1704486806,22.23148050221301,1.98084884368781,0.6726415516435851,0.4158103425373049,0.3395723776637629,0.8648236794908523,1053.9993329410158,183508.02434981152,41197991.83998627,41197991.83998628,1.0,0.040533046747695714,0.348,0.546705574584446,0.18644040753129837,3.1070282308161543,13.060000000000002,0.534173757427226,0.7447272727272727,0.3284104354321194,0.7517475845422867,0.9265794300758642,0.3202153380805907,0.9437081477934466,2.659831211006581,3.7082481423802895,0.027344620697480008,0.028399890352386287,0.4105359431870794,3715891.7686435925,7.127243077380021
Bldg_022_7St,El_Centro_1940_NS_scaled_0.21g,7.0,1284556.1704486806,22.23148050221301,1.98084884368781,0.6726415516435851,0.4158103425373049,0.3395723776637629,0.8648236794908523,1053.9993329410158,183508.02434981152,41197991.83998627,41197991.83998628,1.0,0.040533046747695714,0.2088,0.3280233447506678,0.11186424451877919,1.1185301630938156,13.060000000000002,0.5341737574272261,0.7447272727272727,0.19704626125926694,0.45104855072536776,0.5559476580455117,0.19212920284835014,0.9437081477934239,2.659831211006581,3.7082481423802887,0.016406772418487616,0.017039934211432614,0.24632156591224602,2229535.0611862657,4.276345846428458
Bldg_022_7St,El_Centro_1940_NS_scaled_0.49g,7.0,1284556.1704486806,22.23148050221301,1.98084884368781,0.6726415516435851,0.4158103425373049,0.3395723776637629,0.8648236794908523,1053.9993329410158,183508.02434981152,41197991.83998627,41197991.83998628,1.0,0.040533046747695714,0.4871999999999999,0.7653878044182246,0.26101657054381694,6.089775332399659,13.060000000000002,0.5341737574272261,0.7447272727272727,0.45977460960491945,1.0524466183591694,1.2972112021062072,0.44830147331278103,0.9437081477933488,2.659831211006581,3.7082481423802887,0.038282468976468045,0.03975984649334098,0.5747503204618992,5202248.476101053,9.97814030833608
Bldg_022_7St,Northridge_1994_Sylmar,7.0,1284556.1704486806,22.23148050221301,1.98084884368781,0.6726415516435851,0.4158103425373049,0.3395723776637629,0.8648236794908523,1053.9993329410158,183508.02434981152,41197991.83998627,41197991.83998628,1.0,0.040533046747695714,0.843,0.8309546252613713,0.3287478434080909,9.138133288190668,9.37,0.4931760280806555,0.8192,0.41855802877936515,1.2957332143816431,1.8992313151033653,0.407861030533736,0.49651011717599663,2.418028373642346,4.016514856565283,0.03485062988877631,0.03841252694818729,0.5177072898733049,5025962.809309787,9.589041560188686
Bldg_022_7St,Northridge_1994_Sylmar_scaled_0.51g,7.0,1284556.1704486806,22.23148050221301,1.98084884368781,0.6726415516435851,0.4158103425373049,0.3395723776637629,0.8648236794908523,1053.9993329410158,183508.02434981152,41197991.83998627,41197991.83998628,1.0,0.040533046747695714,0.5057999999999999,0.498572775156823,0.1972487060448539,3.289727983748639,9.37,0.49317602808065547,0.8192,0.25113481726767495,0.7774399286289658,1.139538789062029,0.2447166183202959,0.49651011717610716,2.418028373642346,4.0165148565652835,0.020910377933270434,0.023047516168911843,0.31062437392398357,3015577.6855858034,5.753424936109562
Bldg_022_7St,Northridge_1994_Sylmar_scaled_1.18g,7.0,1284556.1704486806,22.23148050221301,1.98084884368781,0.6726415516435851,0.4158103425373049,0.3395723776637629,0.8648236794908523,1053.9993329410158,183508.02434981152,41197991.83998627,41197991.83998628,1.0,0.040533046747695714,1.1802,1.163336475365919,0.4602469807713281,17.910741244853703,9.37,0.4931760280806554,0.8192,0.5859812402911798,1.8140265001342781,2.658923841144734,0.5710054427472974,0.4965101171760548,2.418028373642346,4.0165148565652835,0.04879088184429255,0.053777537727464006,0.7247902058226843,7036347.933033938,13.424658184256597
Bldg_022_7St,Loma_Prieta_1989_Corralitos,7.0,1284556.1704486806,22.23148050221301,1.98084884368781,0.6726415516435851,0.4158103425373049,0.3395723776637629,0.8648236794908523,1053.9993329410158,183508.02434981152,41197991.83998627,41197991.83998628,1.0,0.040533046747695714,0.644,0.6861034364890142,0.3994006678649551,6.918654308054634,11.41,0.6811214742642783,1.0778947368421052,0.41843012311502925,1.141919469583911,1.5185408340143,0.4078140567389158,0.6497362160171262,1.837701563968183,2.908216696335185,0.034839980008324965,0.03871867527620095,0.4997404610109797,5066019.796781726,8.892615550635062
Bldg_022_7St,Loma_Prieta_1989_Corralitos_scaled_0.39g,7.0,1284556.1704486806,22.23148050221301,1.98084884368781,0.6726415516435851,0.4158103425373049,0.3395723776637629,0.8648236794908523,1053.9993329410158,183508.02434981152,41197991.83998627,41197991.83998628,1.0,0.040533046747695714,0.3864,0.4116620618934086,0.2396404007189732,2.4907155508996683,11.41,0.6811214742642783,1.0778947368421052,0.25105807386900564,0.6851516817503572,0.9111245004085897,0.24468843404333798,0.6497362160170953,1.837701563968183,2.908216696335185,0.02090398800499399,0.02323120516572223,0.2998442766065812,3039611.8780692527,5.335569330379143
Bldg_022_7St,Loma_Prieta_1989_Corralitos_scaled_0.90g,7.0,1284556.1704486806,22.23148050221301,1.98084884368781,0.6726415516435851,0.4158103425373049,0.3395723776637629,0.8648236794908523,1053.9993329410158,183508.02434981152,41197991.83998627,41197991.83998628,1.0,0.040533046747695714,0.9015999999999998,0.9605448110846201,0.5591609350109363,13.560562443787077,11.41,0.6811214742642782,1.0778947368421052,0.5858021723610118,1.5986872574174837,2.125957167620046,0.570939679434453,0.649736216017094,1.837701563968183,2.9082166963351854,0.04877597201165254,0.05420614538668027,0.6996366454152639,7092427.715494277,12.449661770897194
Bldg_022_7St,San_Fernando_1971_Pacoima,7.0,1284556.1704486806,22.23148050221301,1.98084884368781,0.6726415516435851,0.4158103425373049,0.3395723776637629,0.8648236794908523,1053.9993329410158,183508.02434981152,41197991.83998627,41197991.83998628,1.0,0.040533046747695714,1.17,1.0361741213226916,0.47368625496262196,19.729249200797177,9.42,0.461649004640927,0.28054794520547943,0.6957894902861324,1.4691982797880556,2.1836848279038907,0.6781205779134644,0.5946918720394294,7.060642851035651,4.290811468831227,0.05793390722232342,0.06276012746693868,0.8502974557650446,8211645.825379911,12.332400571045316
Bldg_022_7St,San_Fernando_1971_Pacoima_scaled_0.70g,7.0,1284556.1704486806,22.23148050221301,1.98084884368781,0.6726415516435851,0.4158103425373049,0.3395723776637629,0.8648236794908523,1053.9993329410158,183508.02434981152,41197991.83998627,41197991.83998628,1.0,0.040533046747695714,0.7020000000000001,0.621704472793615,0.284211752977573,7.102529712286988,9.42,0.46164900464092706,0.28054794520547943,0.41747369417170593,0.8815189678728609,1.310210896742339,0.406872346748104,0.594691872039467,7.060642851035651,4.290811468831227,0.03476034433339626,0.03765607648016786,0.5101784734590298,4926987.495228555,7.399440342625926
Bldg_022_7St,San_Fernando_1971_Pacoima_scaled_1.20g,7.0,1284556.1704486806,22.23148050221301,1.98084884368781,0.6726415516435851,0.4158103425373049,0.3395723776637629,0.8648236794908523,1053.9993329410158,183508.02434981152,41197991.83998627,41197991.83998628,1.0,0.040533046747695714,1.2,1.062742688536094,0.48583205637192123,20.75397680557232,9.42,0.461649004640927,0.28054794520547943,0.7136302464474137,1.5068700305518636,2.239676746568095,0.6955082850395469,0.5946918720395115,7.060642851035651,4.290811468831227,0.05941939202290401,0.06436936150456118,0.8720999546308418,8422200.846544636,12.64861597030212
Bldg_022_7St,Imperial_Valley_1979_Array6,7.0,1284556.1704486806,22.23148050221301,1.98084884368781,0.6726415516435851,0.4158103425373049,0.3395723776637629,0.8648236794908523,1053.9993329410158,183508.02434981152,41197991.83998627,41197991.83998628,1.0,0.040533046747695714,0.439,0.4470557915681539,0.20993321390578878,3.03447831967358,11.25,0.4646807553227397,0.8192,0.2089069362625706,0.521848970448821,0.972656708516715,0.20359418424231196,0.47587001426553666,2.418028373642346,4.262816613337106,0.017394334396396986,0.019829738188325865,0.23846968307476699,2586763.45677534,4.311988285773373
Bldg_022_7St,Imperial_Valley_1979_Array6_scaled_0.26g,7.0,1284556.1704486806,22.23148050221301,1.98084884368781,0.6726415516435851,0.4158103425373049,0.3395723776637629,0.8648236794908523,1053.9993329410158,183508.02434981152,41197991.83998627,41197991.83998628,1.0,0.040533046747695714,0.26339999999999997,0.26823347494089234,0.1259599283434734,1.0924121950824885,11.25,0.4646807553227397,0.8192,0.12534416175754515,0.3131093822692917,0.5835940251100261,0.1221565105453899,0.4758700142655473,2.418028373642346,4.262816613337106,0.010436600637838422,0.011897842912995768,0.1430818098448663,1552058.0740652604,2.5871929714640243
Bldg_022_7St,Imperial_Valley_1979_Array6_scaled_0.61g,7.0,1284556.1704486806,22.23148050221301,1.98084884368781,0.6726415516435851,0.4158103425373049,0.3395723776637629,0.8648236794908523,1053.9993329410158,183508.02434981152,41197991.83998627,41197991.83998628,1.0,0.040533046747695714,0.6145999999999999,0.6258781081954151,0.2939064994681046,5.947577506560213,11.25,0.46468075532273967,0.8192,0.29246971076757877,0.7305885586283383,1.3617193919234025,0.28503185793921787,0.47587001426550407,2.418028373642346,4.262816613337107,0.02435206815495411,0.02776163346365706,0.33385755630469466,3621468.8394858213,6.036783600080889
Bldg_022_7St,Friuli_1976_Tolmezzo,7.0,1284556.1704486806,22.23148050221301,1.98084884368781,0.6726415516435851,0.4158103425373049,0.3395723776637629,0.8648236794908523,1053.9993329410158,183508.02434981152,41197991.83998627,41197991.83998628,1.0,0.040533046747695714,0.352,0.21352777719546898,0.102872191600987,1.308741949374992,10.049999999999999,0.4278323224718693,0.3250793650793651,0.09123881516150756,0.6409281514923573,0.7614113917120052,0.08894603200025405,0.25920117943610105,6.093431501578713,4.629965385137665,0.0075968681999893165,0.00953172736553283,0.12310951508490894,1247148.028357168,3.6758598608694273
Bldg_022_7St,Friuli_1976_Tolmezzo_scaled_0.21g,7.0,1284556.1704486806,22.23148050221301,1.98084884368781,0.6726415516435851,0.4158103425373049,0.3395723776637629,0.8648236794908523,1053.9993329410158,183508.02434981152,41197991.83998627,41197991.83998628,1.0,0.040533046747695714,0.2112,0.12811666631728136,0.0617233149605922,0.471147101774997,10.049999999999999,0.42783232247186925,0.3250793650793651,0.05474328909690154,0.3845568908954121,0.45684683502720136,0.05336761920014951,0.25920117943608684,6.093431501578713,4.629965385137665,0.004558120919993341,0.0057190364193198985,0.07386570905094966,748288.817014327,2.2055159165202807
Bldg_022_7St,Friuli_1976_Tolmezzo_scaled_0.49g,7.0,1284556.1704486806,22.23148050221301,1.98084884368781,0.6726415516435851,0.4158103425373049,0.3395723776637629,0.8648236794908523,1053.9993329410158,183508.02434981152,41197991.83998627,41197991.83998628,1.0,0.040533046747695714,0.4927999999999999,0.2989388880736565,0.14402106824138175,2.5651342207749837,10.049999999999999,0.42783232247186936,0.3250793650793651,0.1277343412261122,0.8972994120893271,1.0659759483968136,0.12452444480035729,0.2592011794361044,6.093431501578713,4.629965385137664,0.010635615479985181,0.013344418311746277,0.17235332111888008,1746007.2397000764,5.146203805217066
Bldg_023_4St,El_Centro_1940_NS,4.0,766198.5056578394,14.085368853543702,0.6464204299712705,0.2384130320594705,0.16037881502662232,0.3688203853180608,0.8743349213046628,818.4828099282827,191549.62641445984,132243280.43540907,155581753.84682024,0.6999844411782463,0.030147286954925547,0.348,0.546705574584446,0.18644040753129837,3.1070282308161543,13.060000000000002,0.534173757427226,0.7447272727272727,0.9957353113999692,1.423724863412681,1.2022496090298485,0.10305696566786225,2.8613083660918655,0.8679961828227509,1.2101313869941217,0.011940343301759661,0.011804876682612937,0.13358242984085134,6186353.323651649,13.666788410792694
Bldg_023_4St,El_Centro_1940_NS_scaled_0.21g,4.0,766198.5056578394,14.085368853543702,0.6464204299712705,0.2384130320594705,0.16037881502662232,0.3688203853180608,0.8743349213046628,818.4828099282827,191549.62641445984,132243280.43540907,155581753.84682024,0.6999844411782463,0.030147286954925547,0.2088,0.3280233447506678,0.11186424451877919,1.1185301630938156,13.060000000000002,0.5341737574272261,0.7447272727272727,0.5974411868399905,0.8542349180476091,0.72134976541791,0.06183417940071827,2.861308366091908,0.8679961828227509,1.2101313869941215,0.007164205981055905,0.007082926009567642,0.0801494579045106,3711811.9941909867,8.200073046475255
Bldg_023_4St,El_Centro_1940_NS_scaled_0.49g,4.0,766198.5056578394,14.085368853543702,0.6464204299712705,0.2384130320594705,0.16037881502662232,0.3688203853180608,0.8743349213046628,818.4828099282827,191549.62641445984,132243280.43540907,155581753.84682024,0.6999844411782463,0.030147286954925547,0.4871999999999999,0.7653878044182246,0.26101657054381694,6.089775332399659,13.060000000000002,0.5341737574272261,0.7447272727272727,1.3940294359599659,1.9932148087777493,1.6831494526417958,0.1442797519350081,2.8613083660918845,0.8679961828227509,1.2101313869941215,0.016716480622463635,0.016526827355657917,0.18701540177719395,8660894.653112458,19.133503775111095
Bldg_023_4St,Northridge_1994_Sylmar,4.0,766198.5056578394,14.085368853543702,0.6464204299712705,0.2384130320594705,0.16037881502662232,0.3688203853180608,0.8743349213046628,818.4828099282827,191549.62641445984,132243280.43540907,155581753.84682024,0.6999844411782463,0.030147286954925547,0.843,0.8309546252613713,0.3287478434080909,9.138133288190668,9.37,0.4931760280806555,0.8192,1.3868492613210401,1.837140061890308,2.1853063321479573,0.14404330397344645,1.6451355413060975,0.7890874389297735,1.3107296242419002,0.016630379678594504,0.016835825885447152,0.19063608427331466,9223618.284919394,21.51590126900776
Bldg_023_4St,Northridge_1994_Sylmar_scaled_0.51g,4.0,766198.5056578394,14.085368853543702,0.6464204299712705,0.2384130320594705,0.16037881502662232,0.3688203853180608,0.8743349213046628,818.4828099282827,191549.62641445984,132243280.43540907,155581753.84682024,0.6999844411782463,0.030147286954925547,0.5057999999999999,0.498572775156823,0.1972487060448539,3.289727983748639,9.37,0.49317602808065547,0.8192,0.8321095567926482,1.1022840371341849,1.3111837992887727,0.08642598238407034,1.6451355413061455,0.7890874389297735,1.3107296242419004,0.009978227807156992,0.010101495531268132,0.11438165056398639,5534170.970951549,12.909540761404164
Bldg_023_4St,Northridge_1994_Sylmar_scaled_1.18g,4.0,766198.5056578394,14.085368853543702,0.6464204299712705,0.2384130320594705,0.16037881502662232,0.3688203853180608,0.8743349213046628,818.4828099282827,191549.62641445984,132243280.43540907,155581753.84682024,0.6999844411782463,0.030147286954925547,1.1802,1.163336475365919,0.4602469807713281,17.910741244853703,9.37,0.4931760280806554,0.8192,1.941588965849483,2.571996086646421,3.0594288650071344,0.20166062556282774,1.6451355413061202,0.7890874389297735,1.3107296242419006,0.023282531550032622,0.0235701562396265,0.26689051798264013,12913065.598887417,30.122261776609108
Bldg_023_4St,Loma_Prieta_1989_Corralitos,4.0,766198.5056578394,14.085368853543702,0.6464204299712705,0.2384130320594705,0.16037881502662232,0.3688203853180608,0.8743349213046628,818.4828099282827,191549.62641445984,132243280.43540907,155581753.84682024,0.6999844411782463,0.030147286954925547,0.644,0.6861034364890142,0.3994006678649551,6.918654308054634,11.41,0.6811214742642783,1.0778947368421052,1.4213768354508483,1.893842143842709,1.652838174986035,0.14726246016959307,2.2071068873460375,0.5997064535866279,0.9490530755464867,0.01704441650521585,0.01865372386272213,0.18796340955805224,10219565.68526673,19.843623522106274
Bldg_023_4St,Loma_Prieta_1989_Corralitos_scaled_0.39g,4.0,766198.5056578394,14.085368853543702,0.6464204299712705,0.2384130320594705,0.16037881502662232,0.3688203853180608,0.8743349213046628,818.4828099282827,191549.62641445984,132243280.43540907,155581753.84682024,0.6999844411782463,0.030147286954925547,0.3864,0.4116620618934086,0.2396404007189732,2.4907155508996683,11.41,0.6811214742642783,1.0778947368421052,0.8528261012705156,1.1363052863056238,0.9917029049916234,0.08835747610175651,2.207106887346055,0.5997064535866279,0.9490530755464867,0.010226649903129591,0.011192234317633437,0.11277804573483119,6131739.4111601245,11.906174113264061
Bldg_023_4St,Loma_Prieta_1989_Corralitos_scaled_0.90g,4.0,766198.5056578394,14.085368853543702,0.6464204299712705,0.2384130320594705,0.16037881502662232,0.3688203853180608,0.8743349213046628,818.4828099282827,191549.62641445984,132243280.43540907,155581753.84682024,0.6999844411782463,0.030147286954925547,0.9015999999999998,0.9605448110846201,0.5591609350109363,13.560562443787077,11.41,0.6811214742642782,1.0778947368421052,1.9899275696312377,2.651379001379795,2.313973444980457,0.2061674442374355,2.2071068873460935,0.5997064535866279,0.9490530755464869,0.023862183107302797,0.026115213407810756,0.2631487733812692,14307391.959373295,27.781072930947687
Bldg_023_4St,San_Fernando_1971_Pacoima,4.0,766198.5056578394,14.085368853543702,0.6464204299712705,0.2384130320594705,0.16037881502662232,0.3688203853180608,0.8743349213046628,818.4828099282827,191549.62641445984,132243280.43540907,155581753.84682024,0.6999844411782463,0.030147286954925547,1.17,1.0361741213226916,0.47368625496262196,19.729249200797177,9.42,0.461649004640927,0.28054794520547943,1.6242772533082652,4.456150369598058,3.283487909836941,0.16856710726934784,1.3882711566737311,2.3041353216749387,1.400242226178002,0.0194774934660819,0.023079237608886978,0.22889194247351113,12644112.588223968,37.330460301676204
Bldg_023_4St,San_Fernando_1971_Pacoima_scaled_0.70g,4.0,766198.5056578394,14.085368853543702,0.6464204299712705,0.2384130320594705,0.16037881502662232,0.3688203853180608,0.8743349213046628,818.4828099282827,191549.62641445984,132243280.43540907,155581753.84682024,0.6999844411782463,0.030147286954925547,0.7020000000000001,0.621704472793615,0.284211752977573,7.102529712286988,9.42,0.46164900464092706,0.28054794520547943,0.9745663519849393,2.673690221758834,1.9700927459021613,0.10114026436160672,1.3882711566737027,2.3041353216749387,1.4002422261780019,0.011686496079648905,0.01384754256533245,0.1373351654841079,7586467.552934526,22.398276181005105
Bldg_023_4St,San_Fernando_1971_Pacoima_scaled_1.20g,4.0,766198.5056578394,14.085368853543702,0.6464204299712705,0.2384130320594705,0.16037881502662232,0.3688203853180608,0.8743349213046628,818.4828099282827,191549.62641445984,132243280.43540907,155581753.84682024,0.6999844411782463,0.030147286954925547,1.2,1.062742688536094,0.48583205637192123,20.75397680557232,9.42,0.461649004640927,0.28054794520547943,1.6659253880084428,4.570410635485193,3.367679907525063,0.17288934078907123,1.3882711566737025,2.3041353216749387,1.400242226178002,0.019976916375468206,0.023671012932191936,0.23476096663949972,12968320.603306724,38.28765159146153
Bldg_023_4St,Imperial_Valley_1979_Array6,4.0,766198.5056578394,14.085368853543702,0.6464204299712705,0.2384130320594705,0.16037881502662232,0.3688203853180608,0.8743349213046628,818.4828099282827,191549.62641445984,132243280.43540907,155581753.84682024,0.6999844411782463,0.030147286954925547,0.439,0.4470557915681539,0.20993321390578878,3.03447831967358,11.25,0.4646807553227397,0.8192,0.6992852458052604,1.178889117474675,1.202805331540953,0.07240763758889943,1.5929048879390897,0.7890874389297735,1.391106523278127,0.008385467307602864,0.008606190312564856,0.09802316250598975,4714958.14167842,11.113623844889451
Bldg_023_4St,Imperial_Valley_1979_Array6_scaled_0.26g,4.0,766198.5056578394,14.085368853543702,0.6464204299712705,0.2384130320594705,0.16037881502662232,0.3688203853180608,0.8743349213046628,818.4828099282827,191549.62641445984,132243280.43540907,155581753.84682024,0.6999844411782463,0.030147286954925547,0.26339999999999997,0.26823347494089234,0.1259599283434734,1.0924121950824885,11.25,0.4646807553227397,0.8192,0.41957114748315644,0.7073334704848032,0.7216831989245699,0.043444582553339675,1.5929048879390908,0.7890874389297735,1.391106523278127,0.005031280384561722,0.005163714187538781,0.05881389750359323,2828974.88500698,6.668174306932931
Bldg_023_4St,Imperial_Valley_1979_Array6_scaled_0.61g,4.0,766198.5056578394,14.085368853543702,0.6464204299712705,0.2384130320594705,0.16037881502662232,0.3688203853180608,0.8743349213046628,818.4828099282827,191549.62641445984,132243280.43540907,155581753.84682024,0.6999844411782463,0.030147286954925547,0.6145999999999999,0.6258781081954151,0.2939064994681046,5.947577506560213,11.25,0.46468075532273967,0.8192,0.9789993441273706,1.6504447644645455,1.6839274641573325,0.10137069262445982,1.5929048879390997,0.7890874389297735,1.3911065232781272,0.011739654230644084,0.012048666437590725,0.13723242750838627,6600941.398349749,15.559073382843362
Bldg_023_4St,Friuli_1976_Tolmezzo,4.0,766198.5056578394,14.085368853543702,0.6464204299712705,0.2384130320594705,0.16037881502662232,0.3688203853180608,0.8743349213046628,818.4828099282827,191549.62641445984,132243280.43540907,155581753.84682024,0.6999844411782463,0.030147286954925547,0.352,0.21352777719546898,0.102872191600987,1.308741949374992,10.049999999999999,0.4278323224718693,0.3250793650793651,0.7289874126819852,1.0765767328844396,0.6922863795676213,0.07568701603440314,2.070986967846549,1.9885003461030293,1.5109200404412495,0.008741640344005097,0.009949160718590094,0.09646551989099783,5450713.338804054,10.635860070142433
Bldg_023_4St,Friuli_1976_Tolmezzo_scaled_0.21g,4.0,766198.5056578394,14.085368853543702,0.6464204299712705,0.2384130320594705,0.16037881502662232,0.3688203853180608,0.8743349213046628,818.4828099282827,191549.62641445984,132243280.43540907,155581753.84682024,0.6999844411782463,0.030147286954925547,0.2112,0.12811666631728136,0.0617233149605922,0.471147101774997,10.049999999999999,0.42783232247186925,0.3250793650793651,0.4373924476091891,0.6459460397306593,0.41537182774057335,0.04541220962064166,2.0709869678465394,1.9885003461030293,1.5109200404412497,0.005244984206403034,0.005969496431153984,0.05787931193459589,3270428.0032823924,6.381516042084887
Bldg_023_4St,Friuli_1976_Tolmezzo_scaled_0.49g,4.0,766198.5056578394,14.085368853543702,0.6464204299712705,0.2384130320594705,0.16037881502662232,0.3688203853180608,0.8743349213046628,818.4828099282827,191549.62641445984,132243280.43540907,155581753.84682024,0.6999844411782463,0.030147286954925547,0.4927999999999999,0.2989388880736565,0.14402106824138175,2.5651342207749837,10.049999999999999,0.42783232247186936,0.3250793650793651,1.020582377754814,1.5072074260382042,0.9692009313946703,0.10596182244816799,2.0709869678466197,1.9885003461030293,1.5109200404412493,0.01223829648160755,0.013928825006025547,0.1350517278473908,7630998.674325354,14.890204098197408
Bldg_024_10St,El_Centro_1940_NS,10.0,1472843.4642766041,36.34044145556651,2.0004344400541227,0.717530599945387,0.4378108981506229,0.35868738588902416,0.8221546599291161,1100.4113401365657,147284.3464276604,58118273.295337185,70609529.29579926,0.5577347659360052,0.03745343326426224,0.348,0.546705574584446,0.18644040753129837,3.1070282308161543,13.060000000000002,0.534173757427226,0.7447272727272727,0.34540187539287365,0.9116935081524115,1.1452747951820585,0.34336769190196353,0.9925341246921657,2.686130229564862,3.7449133586961265,0.015984607120399143,0.01754859185448152,0.4933490088034893,4131272.535996327,10.47225799083521
Bldg_024_10St,El_Centro_1940_NS_scaled_0.21g,10.0,1472843.4642766041,36.34044145556651,2.0004344400541227,0.717530599945387,0.4378108981506229,0.35868738588902416,0.8221546599291161,1100.4113401365657,147284.3464276604,58118273.295337185,70609529.29579926,0.5577347659360052,0.03745343326426224,0.2088,0.3280233447506678,0.11186424451877919,1.1185301630938156,13.060000000000002,0.5341737574272261,0.7447272727272727,0.20724112523567684,0.5470161048914404,0.6871648771092371,0.20602061514113104,0.9925341246919388,2.686130229564862,3.744913358696126,0.009590764272237293,0.010529155112689375,0.29600940528211855,2478763.5215980276,6.283354794498303
Bldg_024_10St,El_Centro_1940_NS_scaled_0.49g,10.0,1472843.4642766041,36.34044145556651,2.0004344400541227,0.717530599945387,0.4378108981506229,0.35868738588902416,0.8221546599291161,1100.4113401365657,147284.3464276604,58118273.295337185,70609529.29579926,0.5577347659360052,0.03745343326426224,0.4871999999999999,0.7653878044182246,0.26101657054381694,6.089775332399659,13.060000000000002,0.5341737574272261,0.7447272727272727,0.4835626255499193,1.2763709114133444,1.6033847132548802,0.4807147686626458,0.9925341246919528,2.686130229564862,3.744913358696126,0.022378449968553996,0.024568028596277252,0.6906886123249484,5783781.550395661,14.661161187167545
Bldg_024_10St,Northridge_1994_Sylmar,10.0,1472843.4642766041,36.34044145556651,2.0004344400541227,0.717530599945387,0.4378108981506229,0.35868738588902416,0.8221546599291161,1100.4113401365657,147284.3464276604,58118273.295337185,70609529.29579926,0.5577347659360052,0.03745343326426224,0.843,0.8309546252613713,0.3287478434080909,9.138133288190668,9.37,0.4931760280806555,0.8192,0.40940773565680627,1.4369489258779984,1.6672277166536293,0.4069595223245718,0.48565567693571327,2.441936572331693,4.056228052769356,0.01894668869149196,0.025116146165296754,0.6078267726398408,5703230.720725957,12.916225936976993
Bldg_024_10St,Northridge_1994_Sylmar_scaled_0.51g,10.0,1472843.4642766041,36.34044145556651,2.0004344400541227,0.717530599945387,0.4378108981506229,0.35868738588902416,0.8221546599291161,1100.4113401365657,147284.3464276604,58118273.295337185,70609529.29579926,0.5577347659360052,0.03745343326426224,0.5057999999999999,0.498572775156823,0.1972487060448539,3.289727983748639,9.37,0.49317602808065547,0.8192,0.24564464139407283,0.8621693555267629,1.000336629992169,0.24417571339473224,0.4856556769356917,2.441936572331693,4.056228052769357,0.011368013214894671,0.015069687699176606,0.3646960635838816,3421938.4324353063,7.749735562189232
Bldg_024_10St,Northridge_1994_Sylmar_scaled_1.18g,10.0,1472843.4642766041,36.34044145556651,2.0004344400541227,0.717530599945387,0.4378108981506229,0.35868738588902416,0.8221546599291161,1100.4113401365657,147284.3464276604,58118273.295337185,70609529.29579926,0.5577347659360052,0.03745343326426224,1.1802,1.163336475365919,0.4602469807713281,17.910741244853703,9.37,0.4931760280806554,0.8192,0.5731708299195842,2.011728496229181,2.334118803315099,0.5697433312544555,0.4856556769357603,2.441936572331693,4.056228052769357,0.02652536416809131,0.03516260463141411,0.8509574816957306,7984523.009016049,18.082716311774476
Bldg_024_10St,Loma_Prieta_1989_Corralitos,10.0,1472843.4642766041,36.34044145556651,2.0004344400541227,0.717530599945387,0.4378108981506229,0.35868738588902416,0.8221546599291161,1100.4113401365657,147284.3464276604,58118273.295337185,70609529.29579926,0.5577347659360052,0.03745343326426224,0.644,0.6861034364890142,0.3994006678649551,6.918654308054634,11.41,0.6811214742642783,1.0778947368421052,0.42104433719878614,1.1993412658024736,1.439387005126754,0.41855050688466033,0.6537955546565002,1.8558717949720867,2.9369716205393708,0.019485210677377556,0.023488105974772158,0.5379539777054219,6027004.459282311,11.777948116802387
Bldg_024_10St,Loma_Prieta_1989_Corralitos_scaled_0.39g,10.0,1472843.4642766041,36.34044145556651,2.0004344400541227,0.717530599945387,0.4378108981506229,0.35868738588902416,0.8221546599291161,1100.4113401365657,147284.3464276604,58118273.295337185,70609529.29579926,0.5577347659360052,0.03745343326426224,0.3864,0.4116620618934086,0.2396404007189732,2.4907155508996683,11.41,0.6811214742642783,1.0778947368421052,0.25262660231922185,0.719604759481494,0.8636322030760719,0.2511303041307467,0.6537955546563712,1.8558717949720867,2.9369716205393708,0.011691126406424229,0.014092863584862975,0.3227723866232298,3616202.6755693043,7.066768870083167
Bldg_024_10St,Loma_Prieta_1989_Corralitos_scaled_0.90g,10.0,1472843.4642766041,36.34044145556651,2.0004344400541227,0.717530599945387,0.4378108981506229,0.35868738588902416,0.8221546599291161,1100.4113401365657,147284.3464276604,58118273.295337185,70609529.29579926,0.5577347659360052,0.03745343326426224,0.9015999999999998,0.9605448110846201,0.5591609350109363,13.560562443787077,11.41,0.6811214742642782,1.0778947368421052,0.5894620720782561,1.6790777721234844,2.0151418071774736,0.5859707096384801,0.6537955546564509,1.8558717949720867,2.936971620539371,0.02727929494832652,0.03288334836468107,0.753135568787528,8437806.242995247,16.48912736352016
Bldg_024_10St,San_Fernando_1971_Pacoima,10.0,1472843.4642766041,36.34044145556651,2.0004344400541227,0.717530599945387,0.4378108981506229,0.35868738588902416,0.8221546599291161,1100.4113401365657,147284.3464276604,58118273.295337185,70609529.29579926,0.5577347659360052,0.03745343326426224,1.17,1.0361741213226916,0.47368625496262196,19.729249200797177,9.42,0.461649004640927,0.28054794520547943,0.7029206002365496,1.4893160723232675,2.218740341305799,0.6987099041519611,0.6007868378090168,7.130454791208543,4.33323676633955,0.032529961277240386,0.03620293355443004,0.9231338254367379,8681015.89063217,13.123392652671479
Bldg_024_10St,San_Fernando_1971_Pacoima_scaled_0.70g,10.0,1472843.4642766041,36.34044145556651,2.0004344400541227,0.717530599945387,0.4378108981506229,0.35868738588902416,0.8221546599291161,1100.4113401365657,147284.3464276604,58118273.295337185,70609529.29579926,0.5577347659360052,0.03745343326426224,0.7020000000000001,0.621704472793615,0.284211752977573,7.102529712286988,9.42,0.46164900464092706,0.28054794520547943,0.4217523601418966,0.8935896433939807,1.3312442047834787,0.4192259424911437,0.6007868378089695,7.130454791208543,4.33323676633955,0.019517976766342697,0.021721760132657912,0.5538802952620382,5208609.534379679,7.874035591604636
Bldg_024_10St,San_Fernando_1971_Pacoima_scaled_1.20g,10.0,1472843.4642766041,36.34044145556651,2.0004344400541227,0.717530599945387,0.4378108981506229,0.35868738588902416,0.8221546599291161,1100.4113401365657,147284.3464276604,58118273.295337185,70609529.29579926,0.5577347659360052,0.03745343326426224,1.2,1.062742688536094,0.48583205637192123,20.75397680557232,9.42,0.461649004640927,0.28054794520547943,0.7209442053707197,1.527503663921294,2.275631119287992,0.7166255427198603,0.600786837808933,7.130454791208543,4.33323676633955,0.033364062848447035,0.037131213901980195,0.946803923524816,8903606.041674117,13.4598899001789
Bldg_024_10St,Imperial_Valley_1979_Array6,10.0,1472843.4642766041,36.34044145556651,2.0004344400541227,0.717530599945387,0.4378108981506229,0.35868738588902416,0.8221546599291161,1100.4113401365657,147284.3464276604,58118273.295337185,70609529.29579926,0.5577347659360052,0.03745343326426224,0.439,0.4470557915681539,0.20993321390578878,3.03447831967358,11.25,0.4646807553227397,0.8192,0.20971529429401625,0.5371942484312989,1.0485918748631433,0.2084716097820641,0.477711376523955,2.441936572331693,4.304965112369974,0.009705264578010154,0.012172925274729626,0.26381796016505116,2848174.7381833247,5.48898134071631
Bldg_024_10St,Imperial_Valley_1979_Array6_scaled_0.26g,10.0,1472843.4642766041,36.34044145556651,2.0004344400541227,0.717530599945387,0.4378108981506229,0.35868738588902416,0.8221546599291161,1100.4113401365657,147284.3464276604,58118273.295337185,70609529.29579926,0.5577347659360052,0.03745343326426224,0.26339999999999997,0.26823347494089234,0.1259599283434734,1.0924121950824885,11.25,0.4646807553227397,0.8192,0.12582917657643206,0.3223165490587705,0.6291551249178958,0.1250829658692606,0.4777113765240398,2.441936572331693,4.304965112369974,0.005823158746807125,0.007303755164838008,0.1582907760990446,1708904.8429102704,3.2933888044285435
Bldg_024_10St,Imperial_Valley_1979_Array6_scaled_0.61g,10.0,1472843.4642766041,36.34044145556651,2.0004344400541227,0.717530599945387,0.4378108981506229,0.35868738588902416,0.8221546599291161,1100.4113401365657,147284.3464276604,58118273.295337185,70609529.29579926,0.5577347659360052,0.03745343326426224,0.6145999999999999,0.6258781081954151,0.2939064994681046,5.947577506560213,11.25,0.46468075532273967,0.8192,0.29360141201161605,0.7520719478038115,1.4680286248084184,0.29186025369488305,0.4777113765239442,2.441936572331693,4.304965112369975,0.013587370409213904,0.017042095384620932,0.36934514423107584,3987444.633456801,7.6845738770034195
Bldg_024_10St,Friuli_1976_Tolmezzo,10.0,1472843.4642766041,36.34044145556651,2.0004344400541227,0.717530599945387,0.4378108981506229,0.35868738588902416,0.8221546599291161,1100.4113401365657,147284.3464276604,58118273.295337185,70609529.29579926,0.5577347659360052,0.03745343326426224,0.352,0.21352777719546898,0.102872191600987,1.308741949374992,10.049999999999999,0.4278323224718693,0.3250793650793651,0.09475678828009036,0.5376593962539329,0.7864830708084508,0.09419592289401345,0.26919542125025675,6.153680162275866,4.6757440590189505,0.004385181843396953,0.005918353354125216,0.13848189595140342,1403275.9304868309,4.635113635026636
Bldg_024_10St,Friuli_1976_Tolmezzo_scaled_0.21g,10.0,1472843.4642766041,36.34044145556651,2.0004344400541227,0.717530599945387,0.4378108981506229,0.35868738588902416,0.8221546599291161,1100.4113401365657,147284.3464276604,58118273.295337185,70609529.29579926,0.5577347659360052,0.03745343326426224,0.2112,0.12811666631728136,0.0617233149605922,0.471147101774997,10.049999999999999,0.42783232247186925,0.3250793650793651,0.05685407296804771,0.32259563775235506,0.4718898424850753,0.0565175537364016,0.2691954212502259,6.153680162275866,4.675744059018951,0.0026311091060378707,0.0035510120124751434,0.08308913757084463,841965.5582920314,2.7810681810162707
Bldg_024_10St,Friuli_1976_Tolmezzo_scaled_0.49g,10.0,1472843.4642766041,36.34044145556651,2.0004344400541227,0.717530599945387,0.4378108981506229,0.35868738588902416,0.8221546599291161,1100.4113401365657,147284.3464276604,58118273.295337185,70609529.29579926,0.5577347659360052,0.03745343326426224,0.4927999999999999,0.2989388880736565,0.14402106824138175,2.5651342207749837,10.049999999999999,0.42783232247186936,0.3250793650793651,0.13265950359215173,0.7527231547554982,1.1010762991318397,0.13187429205164392,0.26919542125030793,6.153680162275866,4.67574405901895,0.006139254580756901,0.008285694695776176,0.19387465433196602,1964586.3026813294,6.4891590890360895
Bldg_025_6St,El_Centro_1940_NS,6.0,1757236.410893677,25.206007389869953,1.499772555124449,0.5085192700648059,0.31318652089399057,0.33906425899533127,0.8984443167658247,1256.4947539012646,292872.7351489462,90287042.21106903,70659424.3390975,1.3333333333333333,0.058348096296313844,0.348,0.546705574584446,0.18644040753129837,3.1070282308161543,13.060000000000002,0.534173757427226,0.7447272727272727,0.30297171867823425,0.7804600463948651,0.9115798878500078,0.1692435871307612,0.8706083870064203,2.013854749312615,2.8076492606972985,0.014081214346609241,0.014119947791536231,0.2157022433004704,4703672.838130174,5.00854278337535
Bldg_025_6St,El_Centro_1940_NS_scaled_0.21g,6.0,1757236.410893677,25.206007389869953,1.499772555124449,0.5085192700648059,0.31318652089399057,0.33906425899533127,0.8984443167658247,1256.4947539012646,292872.7351489462,90287042.21106903,70659424.3390975,1.3333333333333333,0.058348096296313844,0.2088,0.3280233447506678,0.11186424451877919,1.1185301630938156,13.060000000000002,0.5341737574272261,0.7447272727272727,0.1817830312069287,0.46827602783691813,0.5469479327100015,0.10154615227845001,0.8706083870063634,2.013854749312615,2.807649260697298,0.008448728607964997,0.008471968674921893,0.12942134598028224,2822203.7028781557,3.0051256700270677
Bldg_025_6St,El_Centro_1940_NS_scaled_0.49g,6.0,1757236.410893677,25.206007389869953,1.499772555124449,0.5085192700648059,0.31318652089399057,0.33906425899533127,0.8984443167658247,1256.4947539012646,292872.7351489462,90287042.21106903,70659424.3390975,1.3333333333333333,0.058348096296313844,0.4871999999999999,0.7653878044182246,0.26101657054381694,6.089775332399659,13.060000000000002,0.5341737574272261,0.7447272727272727,0.4241604061495276,1.0926440649527929,1.276211842990005,0.23694102198306538,0.8706083870064197,2.013854749312615,2.807649260697298,0.019713700085252927,0.019767926908150657,0.30198314062066933,6585141.973382222,7.011959896728888
Bldg_025_6St,Northridge_1994_Sylmar,6.0,1757236.410893677,25.206007389869953,1.499772555124449,0.5085192700648059,0.31318652089399057,0.33906425899533127,0.8984443167658247,1256.4947539012646,292872.7351489462,90287042.21106903,70659424.3390975,1.3333333333333333,0.058348096296313844,0.843,0.8309546252613713,0.3287478434080909,9.138133288190668,9.37,0.4931760280806555,0.8192,0.6161970868198753,1.3633514197235883,1.4833762135274733,0.34451480435328213,0.7309573983628415,1.8307770448296494,3.0410491786498017,0.02863898748411529,0.031997540556140465,0.4287820134429912,10659101.904831598,10.33951312663116
Bldg_025_6St,Northridge_1994_Sylmar_scaled_0.51g,6.0,1757236.410893677,25.206007389869953,1.499772555124449,0.5085192700648059,0.31318652089399057,0.33906425899533127,0.8984443167658247,1256.4947539012646,292872.7351489462,90287042.21106903,70659424.3390975,1.3333333333333333,0.058348096296313844,0.5057999999999999,0.498572775156823,0.1972487060448539,3.289727983748639,9.37,0.49317602808065547,0.8192,0.3697182520919335,0.8180108518341609,0.8900257281164881,0.20670888261197418,0.7309573983628579,1.8307770448296494,3.0410491786498017,0.017183392490469563,0.019198524333684474,0.2572692080657921,6395461.142899024,6.20370787597999
Bldg_025_6St,Northridge_1994_Sylmar_scaled_1.18g,6.0,1757236.410893677,25.206007389869953,1.499772555124449,0.5085192700648059,0.31318652089399057,0.33906425899533127,0.8984443167658247,1256.4947539012646,292872.7351489462,90287042.21106903,70659424.3390975,1.3333333333333333,0.058348096296313844,1.1802,1.163336475365919,0.4602469807713281,17.910741244853703,9.37,0.4931760280806554,0.8192,0.862675921547855,1.908691987613057,2.076726698938483,0.48232072609461185,0.7309573983628666,1.8307770448296494,3.041049178649802,0.040094582477762784,0.04479655677859519,0.6002948188202124,14922742.66676375,14.475318377288584
Bldg_025_6St,Loma_Prieta_1989_Corralitos,6.0,1757236.410893677,25.206007389869953,1.499772555124449,0.5085192700648059,0.31318652089399057,0.33906425899533127,0.8984443167658247,1256.4947539012646,292872.7351489462,90287042.21106903,70659424.3390975,1.3333333333333333,0.058348096296313844,0.644,0.6861034364890142,0.3994006678649551,6.918654308054634,11.41,0.6811214742642783,1.0778947368421052,0.5524837792399485,0.8956902997349458,1.4852254076257645,0.3087191759026748,0.8578940671427772,1.3913905540705338,2.2019164154888036,0.02567778455508149,0.027774545376511216,0.38901736675949095,9252327.034609815,9.018609175441421
Bldg_025_6St,Loma_Prieta_1989_Corralitos_scaled_0.39g,6.0,1757236.410893677,25.206007389869953,1.499772555124449,0.5085192700648059,0.31318652089399057,0.33906425899533127,0.8984443167658247,1256.4947539012646,292872.7351489462,90287042.21106903,70659424.3390975,1.3333333333333333,0.058348096296313844,0.3864,0.4116620618934086,0.2396404007189732,2.4907155508996683,11.41,0.6811214742642783,1.0778947368421052,0.3314902675440141,0.5374141798409588,0.8911352445754552,0.18523150554162973,0.8578940671428936,1.3913905540705338,2.2019164154888036,0.015406670733050984,0.016664727225908487,0.23341042005570284,5551396.220766474,5.411165505265832
Bldg_025_6St,Loma_Prieta_1989_Corralitos_scaled_0.90g,6.0,1757236.410893677,25.206007389869953,1.499772555124449,0.5085192700648059,0.31318652089399057,0.33906425899533127,0.8984443167658247,1256.4947539012646,292872.7351489462,90287042.21106903,70659424.3390975,1.3333333333333333,0.058348096296313844,0.9015999999999998,0.9605448110846201,0.5591609350109363,13.560562443787077,11.41,0.6811214742642782,1.0778947368421052,0.773477290936078,1.2539664196289007,2.0793155706760635,0.43220684626382827,0.8578940671429438,1.3913905540705338,2.201916415488804,0.03594889837712106,0.03888436352711693,0.5446243134632955,12953257.84845415,12.626052845621745
Bldg_025_6St,San_Fernando_1971_Pacoima,6.0,1757236.410893677,25.206007389869953,1.499772555124449,0.5085192700648059,0.31318652089399057,0.33906425899533127,0.8984443167658247,1256.4947539012646,292872.7351489462,90287042.21106903,70659424.3390975,1.3333333333333333,0.058348096296313844,1.17,1.0361741213226916,0.47368625496262196,19.729249200797177,9.42,0.461649004640927,0.28054794520547943,0.5026879971437912,2.422839789998957,2.5465700639974966,0.28076453689862463,0.4296478608066592,5.345868970902577,3.2487290994832314,0.02336342635586713,0.03178752554167344,0.3632381193012694,10589141.17029261,15.091249092870436
Bldg_025_6St,San_Fernando_1971_Pacoima_scaled_0.70g,6.0,1757236.410893677,25.206007389869953,1.499772555124449,0.5085192700648059,0.31318652089399057,0.33906425899533127,0.8984443167658247,1256.4947539012646,292872.7351489462,90287042.21106903,70659424.3390975,1.3333333333333333,0.058348096296313844,0.7020000000000001,0.621704472793615,0.284211752977573,7.102529712286988,9.42,0.46164900464092706,0.28054794520547943,0.30161279828630133,1.453703873999378,1.5279420383984885,0.1684587221391897,0.42964786080669704,5.345868970902577,3.248729099483231,0.014018055813521514,0.0190725153250044,0.2179428715807606,6353484.702175678,9.05474945572213
Bldg_025_6St,San_Fernando_1971_Pacoima_scaled_1.20g,6.0,1757236.410893677,25.206007389869953,1.499772555124449,0.5085192700648059,0.31318652089399057,0.33906425899533127,0.8984443167658247,1256.4947539012646,292872.7351489462,90287042.21106903,70659424.3390975,1.3333333333333333,0.058348096296313844,1.2,1.062742688536094,0.48583205637192123,20.75397680557232,9.42,0.461649004640927,0.28054794520547943,0.5155774329679911,2.484963887178438,2.6118667323051024,0.28796362758833294,0.42964786080665923,5.345868970902577,3.2487290994832314,0.023962488570120136,0.03260259029915121,0.3725519172320875,10860657.610556178,15.478204197818961
Bldg_025_6St,Imperial_Valley_1979_Array6,6.0,1757236.410893677,25.206007389869953,1.499772555124449,0.5085192700648059,0.31318652089399057,0.33906425899533127,0.8984443167658247,1256.4947539012646,292872.7351489462,90287042.21106903,70659424.3390975,1.3333333333333333,0.058348096296313844,0.439,0.4470557915681539,0.20993321390578878,3.03447831967358,11.25,0.4646807553227397,0.8192,0.23324485052099403,0.8772874382153157,0.951508073592534,0.13037450426849964,0.5313094544897359,1.8307770448296494,3.22753317830603,0.010840519206735125,0.011851357714014332,0.17144902316965163,3947954.354887084,4.724695151582357
Bldg_025_6St,Imperial_Valley_1979_Array6_scaled_0.26g,6.0,1757236.410893677,25.206007389869953,1.499772555124449,0.5085192700648059,0.31318652089399057,0.33906425899533127,0.8984443167658247,1256.4947539012646,292872.7351489462,90287042.21106903,70659424.3390975,1.3333333333333333,0.058348096296313844,0.26339999999999997,0.26823347494089234,0.1259599283434734,1.0924121950824885,11.25,0.4646807553227397,0.8192,0.13994691031260126,0.5263724629291816,0.5709048441555187,0.07822470256110252,0.5313094544897543,1.8307770448296494,3.22753317830603,0.0065043115240412995,0.00711081462840956,0.10286941390180358,2368772.6129325703,2.834817090950995
Bldg_025_6St,Imperial_Valley_1979_Array6_scaled_0.61g,6.0,1757236.410893677,25.206007389869953,1.499772555124449,0.5085192700648059,0.31318652089399057,0.33906425899533127,0.8984443167658247,1256.4947539012646,292872.7351489462,90287042.21106903,70659424.3390975,1.3333333333333333,0.058348096296313844,0.6145999999999999,0.6258781081954151,0.2939064994681046,5.947577506560213,11.25,0.46468075532273967,0.8192,0.32654279072940146,1.2282024135014418,1.3321113030295415,0.18252430597590494,0.5313094544897519,1.8307770448296494,3.2275331783060306,0.015176726889429632,0.016591900799621483,0.24002863243752698,5527136.0968423905,6.61457321221841
Bldg_025_6St,Friuli_1976_Tolmezzo,6.0,1757236.410893677,25.206007389869953,1.499772555124449,0.5085192700648059,0.31318652089399057,0.33906425899533127,0.8984443167658247,1256.4947539012646,292872.7351489462,90287042.21106903,70659424.3390975,1.3333333333333333,0.058348096296313844,0.352,0.21352777719546898,0.102872191600987,1.308741949374992,10.049999999999999,0.4278323224718693,0.3250793650793651,0.17625391881165406,0.542210821590421,0.7583443282224983,0.09850361127013739,0.5007213602603808,4.613558152970717,3.5055148392231668,0.008191752091727707,0.008356704897934858,0.12326402541738989,2783806.741002759,3.008489788374983
Bldg_025_6St,Friuli_1976_Tolmezzo_scaled_0.21g,6.0,1757236.410893677,25.206007389869953,1.499772555124449,0.5085192700648059,0.31318652089399057,0.33906425899533127,0.8984443167658247,1256.4947539012646,292872.7351489462,90287042.21106903,70659424.3390975,1.3333333333333333,0.058348096296313844,0.2112,0.12811666631728136,0.0617233149605922,0.471147101774997,10.049999999999999,0.42783232247186925,0.3250793650793651,0.10575235128699324,0.32532649295425714,0.4550065969334945,0.059102166762082874,0.5007213602603847,4.613558152970717,3.505514839223167,0.004915051255036662,0.005014022938761038,0.07395841525043088,1670284.0446016963,1.8050938730247907
Bldg_025_6St,Friuli_1976_Tolmezzo_scaled_0.49g,6.0,1757236.410893677,25.206007389869953,1.499772555124449,0.5085192700648059,0.31318652089399057,0.33906425899533127,0.8984443167658247,1256.4947539012646,292872.7351489462,90287042.21106903,70659424.3390975,1.3333333333333333,0.058348096296313844,0.4927999999999999,0.2989388880736565,0.14402106824138175,2.5651342207749837,10.049999999999999,0.42783232247186936,0.3250793650793651,0.24675548633629743,0.759095150226591,1.0616820595114913,0.1379050557781822,0.5007213602603439,4.613558152970717,3.5055148392231663,0.011468452928417942,0.01169938685710858,0.17256963558434468,3897329.4374037883,4.211885703723983
Bldg_026_8St,El_Centro_1940_NS,8.0,1015166.0411593535,27.05742871588174,1.3951200061550888,0.48102600867032974,0.2939048899595255,0.3447918505563,0.8676064061736877,938.4905756798182,126895.75514491918,72720867.3625144,62594538.81860429,1.073553100159606,0.03644826883488745,0.348,0.546705574584446,0.18644040753129837,3.1070282308161543,13.060000000000002,0.534173757427226,0.7447272727272727,0.35989231791623655,0.9141399292127631,1.103385124571726,0.1739669406316862,1.0341733273455074,1.8733300863898898,2.6117344529886517,0.013395082939098212,0.014522880904182783,0.23052218486035092,3370237.080951853,8.209459224648436
Bldg_026_8St,El_Centro_1940_NS_scaled_0.21g,8.0,1015166.0411593535,27.05742871588174,1.3951200061550888,0.48102600867032974,0.2939048899595255,0.3447918505563,0.8676064061736877,938.4905756798182,126895.75514491918,72720867.3625144,62594538.81860429,1.073553100159606,0.03644826883488745,0.2088,0.3280233447506678,0.11186424451877919,1.1185301630938156,13.060000000000002,0.5341737574272261,0.7447272727272727,0.21593539074976595,0.5484839575276522,0.6620310747430341,0.10438016437902334,1.0341733273456224,1.8733300863898898,2.6117344529886513,0.008037049763459822,0.008713728542509513,0.13831331091621227,2022142.2485710755,4.925675534787723
Bldg_026_8St,El_Centro_1940_NS_scaled_0.49g,8.0,1015166.0411593535,27.05742871588174,1.3951200061550888,0.48102600867032974,0.2939048899595255,0.3447918505563,0.8676064061736877,938.4905756798182,126895.75514491918,72720867.3625144,62594538.81860429,1.073553100159606,0.03644826883488745,0.4871999999999999,0.7653878044182246,0.26101657054381694,6.089775332399659,13.060000000000002,0.5341737574272261,0.7447272727272727,0.5038492450826947,1.279795900897846,1.5447391744004269,0.24355371688434296,1.0341733273454325,1.8733300863898898,2.6117344529886513,0.018753116114736137,0.020332033265855632,0.3227310588045039,4718331.913332533,11.493242914508983
Bldg_026_8St,Northridge_1994_Sylmar,8.0,1015166.0411593535,27.05742871588174,1.3951200061550888,0.48102600867032974,0.2939048899595255,0.3447918505563,0.8676064061736877,938.4905756798182,126895.75514491918,72720867.3625144,62594538.81860429,1.073553100159606,0.03644826883488745,0.843,0.8309546252613713,0.3287478434080909,9.138133288190668,9.37,0.4931760280806555,0.8192,0.689173375396263,1.7128610311834254,2.1707138317220003,0.3332166146546151,0.8175247632221389,1.703027351263536,2.8288479705403007,0.025650824047319103,0.026172207876799008,0.4576593447551078,6073625.891359029,16.9260082185649
Bldg_026_8St,Northridge_1994_Sylmar_scaled_0.51g,8.0,1015166.0411593535,27.05742871588174,1.3951200061550888,0.48102600867032974,0.2939048899595255,0.3447918505563,0.8676064061736877,938.4905756798182,126895.75514491918,72720867.3625144,62594538.81860429,1.073553100159606,0.03644826883488745,0.5057999999999999,0.498572775156823,0.1972487060448539,3.289727983748639,9.37,0.49317602808065547,0.8192,0.41350402523776864,1.0277166187100657,1.3024282990331935,0.19992996879277433,0.8175247632221604,1.703027351263536,2.828847970540301,0.015390494428391861,0.01570332472607974,0.2745956068530717,3644175.534815495,10.155604931134935
Bldg_026_8St,Northridge_1994_Sylmar_scaled_1.18g,8.0,1015166.0411593535,27.05742871588174,1.3951200061550888,0.48102600867032974,0.2939048899595255,0.3447918505563,0.8676064061736877,938.4905756798182,126895.75514491918,72720867.3625144,62594538.81860429,1.073553100159606,0.03644826883488745,1.1802,1.163336475365919,0.4602469807713281,17.910741244853703,9.37,0.4931760280806554,0.8192,0.9648427255547715,2.398005443656801,3.0389993644107918,0.46650326051646274,0.8175247632221416,1.703027351263536,2.8288479705403016,0.03591115366624686,0.036641091027517565,0.6407230826571627,8503076.247902399,23.696411505981295
Bldg_026_8St,Loma_Prieta_1989_Corralitos,8.0,1015166.0411593535,27.05742871588174,1.3951200061550888,0.48102600867032974,0.2939048899595255,0.3447918505563,0.8676064061736877,938.4905756798182,126895.75514491918,72720867.3625144,62594538.81860429,1.073553100159606,0.03644826883488745,0.644,0.6861034364890142,0.3994006678649551,6.918654308054634,11.41,0.6811214742642783,1.0778947368421052,0.7167243194582313,1.133061664386397,2.0075351324400383,0.34653220988653816,1.1129259618916636,1.2943007869602874,2.0482690076128414,0.026676261830757463,0.026373922737892377,0.44895493543613824,6120436.638422315,13.151394040422318
Bldg_026_8St,Loma_Prieta_1989_Corralitos_scaled_0.39g,8.0,1015166.0411593535,27.05742871588174,1.3951200061550888,0.48102600867032974,0.2939048899595255,0.3447918505563,0.8676064061736877,938.4905756798182,126895.75514491918,72720867.3625144,62594538.81860429,1.073553100159606,0.03644826883488745,0.3864,0.4116620618934086,0.2396404007189732,2.4907155508996683,11.41,0.6811214742642783,1.0778947368421052,0.43003459167490987,0.6798369986318312,1.2045210794640147,0.20791932593190882,1.1129259618915885,1.2943007869602874,2.0482690076128414,0.0160057570984534,0.01582435364273413,0.2693729612616626,3672261.9830530877,7.890836424252464
Bldg_026_8St,Loma_Prieta_1989_Corralitos_scaled_0.90g,8.0,1015166.0411593535,27.05742871588174,1.3951200061550888,0.48102600867032974,0.2939048899595255,0.3447918505563,0.8676064061736877,938.4905756798182,126895.75514491918,72720867.3625144,62594538.81860429,1.073553100159606,0.03644826883488745,0.9015999999999998,0.9605448110846201,0.5591609350109363,13.560562443787077,11.41,0.6811214742642782,1.0778947368421052,1.0034140472414226,1.5862863301409442,2.810549185416053,0.4851450938411042,1.1129259618915515,1.2943007869602874,2.048269007612842,0.03734676656305668,0.03692349183304611,0.6285369096105737,8568611.293790493,18.41195165658939
Bldg_026_8St,San_Fernando_1971_Pacoima,8.0,1015166.0411593535,27.05742871588174,1.3951200061550888,0.48102600867032974,0.2939048899595255,0.3447918505563,0.8676064061736877,938.4905756798182,126895.75514491918,72720867.3625144,62594538.81860429,1.073553100159606,0.03644826883488745,1.17,1.0361741213226916,0.47368625496262196,19.729249200797177,9.42,0.461649004640927,0.28054794520547943,0.7618879387716897,2.8502826311125253,4.0489595486033245,0.3682657872596871,0.6511862724544357,4.972839865689526,3.0220362052772547,0.02835723804618876,0.03644809457829601,0.4325108181855098,8458288.729919571,20.629388101907654
Bldg_026_8St,San_Fernando_1971_Pacoima_scaled_0.70g,8.0,1015166.0411593535,27.05742871588174,1.3951200061550888,0.48102600867032974,0.2939048899595255,0.3447918505563,0.8676064061736877,938.4905756798182,126895.75514491918,72720867.3625144,62594538.81860429,1.073553100159606,0.03644826883488745,0.7020000000000001,0.621704472793615,0.284211752977573,7.102529712286988,9.42,0.46164900464092706,0.28054794520547943,0.45713276326307994,1.7101695786675173,2.4293757291619906,0.22095947235584423,0.6511862724545298,4.972839865689526,3.0220362052772543,0.01701434282771572,0.021868856746978853,0.25950649091130185,5074973.237952032,12.377632861146436
Bldg_026_8St,San_Fernando_1971_Pacoima_scaled_1.20g,8.0,1015166.0411593535,27.05742871588174,1.3951200061550888,0.48102600867032974,0.2939048899595255,0.3447918505563,0.8676064061736877,938.4905756798182,126895.75514491918,72720867.3625144,62594538.81860429,1.073553100159606,0.03644826883488745,1.2,1.062742688536094,0.48583205637192123,20.75397680557232,9.42,0.461649004640927,0.28054794520547943,0.7814235269453721,2.9233668011410345,4.152779024208523,0.3777084997535491,0.6511862724544768,4.972839865689526,3.0220362052772547,0.029084346714041594,0.03738266110594593,0.44360083916460474,8675167.928122941,21.15834677118952
Bldg_026_8St,Imperial_Valley_1979_Array6,8.0,1015166.0411593535,27.05742871588174,1.3951200061550888,0.48102600867032974,0.2939048899595255,0.3447918505563,0.8676064061736877,938.4905756798182,126895.75514491918,72720867.3625144,62594538.81860429,1.073553100159606,0.03644826883488745,0.439,0.4470557915681539,0.20993321390578878,3.03447831967358,11.25,0.4646807553227397,0.8192,0.23087043318493541,1.1679145742724582,1.1151095491120362,0.11162782762188056,0.5259007589634064,1.703027351263536,3.002319313151071,0.00859292751399466,0.010369593954556028,0.15326362492409307,2406408.913674518,7.916210137649256
Bldg_026_8St,Imperial_Valley_1979_Array6_scaled_0.26g,8.0,1015166.0411593535,27.05742871588174,1.3951200061550888,0.48102600867032974,0.2939048899595255,0.3447918505563,0.8676064061736877,938.4905756798182,126895.75514491918,72720867.3625144,62594538.81860429,1.073553100159606,0.03644826883488745,0.26339999999999997,0.26823347494089234,0.1259599283434734,1.0924121950824885,11.25,0.4646807553227397,0.8192,0.13852225991095507,0.7007487445634862,0.669065729467217,0.06697669657312535,0.5259007589633831,1.703027351263536,3.002319313151071,0.005155756508396565,0.006221756372733579,0.09195817495445656,1443845.348204702,4.749726082589291
Bldg_026_8St,Imperial_Valley_1979_Array6_scaled_0.61g,8.0,1015166.0411593535,27.05742871588174,1.3951200061550888,0.48102600867032974,0.2939048899595255,0.3447918505563,0.8676064061736877,938.4905756798182,126895.75514491918,72720867.3625144,62594538.81860429,1.073553100159606,0.03644826883488745,0.6145999999999999,0.6258781081954151,0.2939064994681046,5.947577506560213,11.25,0.46468075532273967,0.8192,0.3232186064589085,1.6350804039814493,1.5611533687568457,0.15627895867063224,0.5259007589634047,1.703027351263536,3.0023193131510713,0.012030098519592483,0.014517431536377981,0.21456907489372629,3368972.4791442184,11.082694192709008
Bldg_026_8St,Friuli_1976_Tolmezzo,8.0,1015166.0411593535,27.05742871588174,1.3951200061550888,0.48102600867032974,0.2939048899595255,0.3447918505563,0.8676064061736877,938.4905756798182,126895.75514491918,72720867.3625144,62594538.81860429,1.073553100159606,0.03644826883488745,0.352,0.21352777719546898,0.102872191600987,1.308741949374992,10.049999999999999,0.4278323224718693,0.3250793650793651,0.16785504592366324,0.7435429822547847,0.8336876531709982,0.08116617641565249,0.47686092591949786,4.291628925184111,3.2609037066076754,0.006247513908915727,0.006826207437073008,0.103212154221087,1584116.6486510776,4.024034861755517
Bldg_026_8St,Friuli_1976_Tolmezzo_scaled_0.21g,8.0,1015166.0411593535,27.05742871588174,1.3951200061550888,0.48102600867032974,0.2939048899595255,0.3447918505563,0.8676064061736877,938.4905756798182,126895.75514491918,72720867.3625144,62594538.81860429,1.073553100159606,0.03644826883488745,0.2112,0.12811666631728136,0.0617233149605922,0.471147101774997,10.049999999999999,0.42783232247186925,0.3250793650793651,0.10071302755419485,0.44612578935287334,0.5002125919025959,0.048699705849390006,0.4768609259194832,4.291628925184111,3.260903706607676,0.0037485083453493214,0.004095724462243632,0.061927292532651036,950469.9891906064,2.4144209170533015
Bldg_026_8St,Friuli_1976_Tolmezzo_scaled_0.49g,8.0,1015166.0411593535,27.05742871588174,1.3951200061550888,0.48102600867032974,0.2939048899595255,0.3447918505563,0.8676064061736877,938.4905756798182,126895.75514491918,72720867.3625144,62594538.81860429,1.073553100159606,0.03644826883488745,0.4927999999999999,0.2989388880736565,0.14402106824138175,2.5651342207749837,10.049999999999999,0.42783232247186936,0.3250793650793651,0.23499706429312633,1.0409601751567084,1.1671627144393837,0.11363264698191242,0.4768609259194935,4.291628925184111,3.260903706607675,0.008746519472481935,0.009556690411901936,0.1444970159095074,2217763.308111445,5.633648806458455
Bldg_027_8St,El_Centro_1940_NS,8.0,1236762.7935664188,33.45874608638884,1.9546697610790964,0.6731664591962702,0.41557814763449613,0.3443888438856502,0.8430406960968102,1021.0981179078087,154595.34919580235,44481783.16310389,50477108.5258839,0.7624536928573992,0.03506955879751763,0.348,0.546705574584446,0.18644040753129837,3.1070282308161543,13.060000000000002,0.534173757427226,0.7447272727272727,0.32457647642400633,0.756565720090222,0.9850283737585755,0.30821751782383183,0.9326910242069149,2.6246786342614823,3.6592395899294887,0.015720216569525512,0.016512361159013014,0.4059128350860558,3423079.1403378784,7.646982337916684
Bldg_027_8St,El_Centro_1940_NS_scaled_0.21g,8.0,1236762.7935664188,33.45874608638884,1.9546697610790964,0.6731664591962702,0.41557814763449613,0.3443888438856502,0.8430406960968102,1021.0981179078087,154595.34919580235,44481783.16310389,50477108.5258839,0.7624536928573992,0.03506955879751763,0.2088,0.3280233447506678,0.11186424451877919,1.1185301630938156,13.060000000000002,0.5341737574272261,0.7447272727272727,0.19474588585440183,0.4539394320541325,0.5910170242551464,0.1849305106942971,0.9326910242069053,2.6246786342614823,3.659239589929488,0.00943212994171521,0.009907416695408887,0.2435477010516556,2053847.4842028588,4.588189402750208
Bldg_027_8St,El_Centro_1940_NS_scaled_0.49g,8.0,1236762.7935664188,33.45874608638884,1.9546697610790964,0.6731664591962702,0.41557814763449613,0.3443888438856502,0.8430406960968102,1021.0981179078087,154595.34919580235,44481783.16310389,50477108.5258839,0.7624536928573992,0.03506955879751763,0.4871999999999999,0.7653878044182246,0.26101657054381694,6.089775332399659,13.060000000000002,0.5341737574272261,0.7447272727272727,0.4544070669936465,1.0591920081263,1.3790397232620029,0.4315045249534002,0.9326910242069922,2.6246786342614823,3.659239589929488,0.02200830319733754,0.023117305622618513,0.5682779691205254,4792310.796473127,10.70577527308701
Bldg_027_8St,Northridge_1994_Sylmar,8.0,1236762.7935664188,33.45874608638884,1.9546697610790964,0.6731664591962702,0.41557814763449613,0.3443888438856502,0.8430406960968102,1021.0981179078087,154595.34919580235,44481783.16310389,50477108.5258839,0.7624536928573992,0.03506955879751763,0.843,0.8309546252613713,0.3287478434080909,9.138133288190668,9.37,0.4931760280806555,0.8192,0.44090577456231783,1.3642501600924706,2.0324326854917873,0.41832574495757024,0.5230198986504363,2.386071485692256,3.963432222539867,0.021354394931010438,0.0238712017581349,0.5335242712782396,5039511.340999132,11.146085322823529
Bldg_027_8St,Northridge_1994_Sylmar_scaled_0.51g,8.0,1236762.7935664188,33.45874608638884,1.9546697610790964,0.6731664591962702,0.41557814763449613,0.3443888438856502,0.8430406960968102,1021.0981179078087,154595.34919580235,44481783.16310389,50477108.5258839,0.7624536928573992,0.03506955879751763,0.5057999999999999,0.498572775156823,0.1972487060448539,3.289727983748639,9.37,0.49317602808065547,0.8192,0.26454346473741963,0.8185500960554964,1.2194596112950846,0.2509954469745694,0.5230198986504936,2.386071485692256,3.9634322225398675,0.01281263695860766,0.014322721054881752,0.3201145627669403,3023706.8045996507,6.687651193694315
Bldg_027_8St,Northridge_1994_Sylmar_scaled_1.18g,8.0,1236762.7935664188,33.45874608638884,1.9546697610790964,0.6731664591962702,0.41557814763449613,0.3443888438856502,0.8430406960968102,1021.0981179078087,154595.34919580235,44481783.16310389,50477108.5258839,0.7624536928573992,0.03506955879751763,1.1802,1.163336475365919,0.4602469807713281,17.910741244853703,9.37,0.4931760280806554,0.8192,0.617268084387257,1.909950224129485,2.845405759688515,0.58565604294061,0.5230198986504466,2.386071485692256,3.963432222539868,0.02989615290341519,0.033419682461386435,0.7469339797895427,7055315.877398273,15.604519451950905
Bldg_027_8St,Loma_Prieta_1989_Corralitos,8.0,1236762.7935664188,33.45874608638884,1.9546697610790964,0.6731664591962702,0.41557814763449613,0.3443888438856502,0.8430406960968102,1021.0981179078087,154595.34919580235,44481783.16310389,50477108.5258839,0.7624536928573992,0.03506955879751763,0.644,0.6861034364890142,0.3994006678649551,6.918654308054634,11.41,0.6811214742642783,1.0778947368421052,0.43940105050933886,1.1672489731607547,1.6383704249833966,0.41695080087041364,0.6822997678716441,1.8134143291261149,2.8697814339071557,0.021281516612005877,0.024703100839954965,0.5105621862380825,5215135.714663953,9.81538346962699
Bldg_027_8St,Loma_Prieta_1989_Corralitos_scaled_0.39g,8.0,1236762.7935664188,33.45874608638884,1.9546697610790964,0.6731664591962702,0.41557814763449613,0.3443888438856502,0.8430406960968102,1021.0981179078087,154595.34919580235,44481783.16310389,50477108.5258839,0.7624536928573992,0.03506955879751763,0.3864,0.4116620618934086,0.2396404007189732,2.4907155508996683,11.41,0.6811214742642783,1.0778947368421052,0.26364063030561846,0.7003493838964471,0.9830222549900468,0.2501704805222625,0.6822997678716833,1.8134143291261149,2.8697814339071557,0.01276890996720426,0.014821860503972214,0.3063373117428334,3129081.4287982094,5.889230081776804
Bldg_027_8St,Loma_Prieta_1989_Corralitos_scaled_0.90g,8.0,1236762.7935664188,33.45874608638884,1.9546697610790964,0.6731664591962702,0.41557814763449613,0.3443888438856502,0.8430406960968102,1021.0981179078087,154595.34919580235,44481783.16310389,50477108.5258839,0.7624536928573992,0.03506955879751763,0.9015999999999998,0.9605448110846201,0.5591609350109363,13.560562443787077,11.41,0.6811214742642782,1.0778947368421052,0.6151614707130729,1.6341485624250724,2.2937185949767827,0.5837311212185772,0.6822997678716427,1.8134143291261149,2.869781433907156,0.029794123256808157,0.03458434117593488,0.7147870607332836,7301190.000529096,13.74153685747686
Bldg_027_8St,San_Fernando_1971_Pacoima,8.0,1236762.7935664188,33.45874608638884,1.9546697610790964,0.6731664591962702,0.41557814763449613,0.3443888438856502,0.8430406960968102,1021.0981179078087,154595.34919580235,44481783.16310389,50477108.5258839,0.7624536928573992,0.03506955879751763,1.17,1.0361741213226916,0.47368625496262196,19.729249200797177,9.42,0.461649004640927,0.28054794520547943,0.7375182500444278,1.519029894109115,2.2576963982468468,0.6999023129025809,0.6303574786704512,6.967328738221389,4.234103705258606,0.03572023069081035,0.03897465067251272,0.8698548916951282,8228039.6297464585,13.305409097763226
Bldg_027_8St,San_Fernando_1971_Pacoima_scaled_0.70g,8.0,1236762.7935664188,33.45874608638884,1.9546697610790964,0.6731664591962702,0.41557814763449613,0.3443888438856502,0.8430406960968102,1021.0981179078087,154595.34919580235,44481783.16310389,50477108.5258839,0.7624536928573992,0.03506955879751763,0.7020000000000001,0.621704472793615,0.284211752977573,7.102529712286988,9.42,0.46164900464092706,0.28054794520547943,0.44251095002662183,0.9114179364654826,1.3546178389481045,0.4199413877415162,0.6303574786704014,6.967328738221389,4.2341037052586055,0.02143213841448452,0.023384790403508528,0.5219129350170231,4936823.777848065,7.983245458657148
Bldg_027_8St,San_Fernando_1971_Pacoima_scaled_1.20g,8.0,1236762.7935664188,33.45874608638884,1.9546697610790964,0.6731664591962702,0.41557814763449613,0.3443888438856502,0.8430406960968102,1021.0981179078087,154595.34919580235,44481783.16310389,50477108.5258839,0.7624536928573992,0.03506955879751763,1.2,1.062742688536094,0.48583205637192123,20.75397680557232,9.42,0.461649004640927,0.28054794520547943,0.7564289744046351,1.5579793785734473,2.31558604948396,0.7178485260540185,0.6303574786705293,6.967328738221389,4.234103705258606,0.03663613404186131,0.039974000689756393,0.8921588632769494,8439015.00486811,13.646573433598443
Bldg_027_8St,Imperial_Valley_1979_Array6,8.0,1236762.7935664188,33.45874608638884,1.9546697610790964,0.6731664591962702,0.41557814763449613,0.3443888438856502,0.8430406960968102,1021.0981179078087,154595.34919580235,44481783.16310389,50477108.5258839,0.7624536928573992,0.03506955879751763,0.439,0.4470557915681539,0.20993321390578878,3.03447831967358,11.25,0.4646807553227397,0.8192,0.2205129517523983,0.5372967406849297,1.0485550321080086,0.20925898053859934,0.5023074071808618,2.386071485692256,4.206478832379229,0.01068010656879705,0.013009356887042151,0.2432673936387793,2561049.563688638,5.161950607196253
Bldg_027_8St,Imperial_Valley_1979_Array6_scaled_0.26g,8.0,1236762.7935664188,33.45874608638884,1.9546697610790964,0.6731664591962702,0.41557814763449613,0.3443888438856502,0.8430406960968102,1021.0981179078087,154595.34919580235,44481783.16310389,50477108.5258839,0.7624536928573992,0.03506955879751763,0.26339999999999997,0.26823347494089234,0.1259599283434734,1.0924121950824885,11.25,0.4646807553227397,0.8192,0.1323077710514458,0.3223780444109505,0.6291330192648026,0.12555538832316598,0.5023074071808877,2.386071485692256,4.206478832379229,0.0064080639412785615,0.007805614132225465,0.1459604361832775,1536629.7382130509,3.09717036431876
Bldg_027_8St,Imperial_Valley_1979_Array6_scaled_0.61g,8.0,1236762.7935664188,33.45874608638884,1.9546697610790964,0.6731664591962702,0.41557814763449613,0.3443888438856502,0.8430406960968102,1021.0981179078087,154595.34919580235,44481783.16310389,50477108.5258839,0.7624536928573992,0.03506955879751763,0.6145999999999999,0.6258781081954151,0.2939064994681046,5.947577506560213,11.25,0.46468075532273967,0.8192,0.3087181324533671,0.7522154369589051,1.4679770449512126,0.29296257275404775,0.5023074071808772,2.386071485692256,4.206478832379229,0.014952149196316331,0.01821309964185755,0.3405743510942515,3585469.3891635556,7.2267308500751355
Bldg_027_8St,Friuli_1976_Tolmezzo,8.0,1236762.7935664188,33.45874608638884,1.9546697610790964,0.6731664591962702,0.41557814763449613,0.3443888438856502,0.8430406960968102,1021.0981179078087,154595.34919580235,44481783.16310389,50477108.5258839,0.7624536928573992,0.03506955879751763,0.352,0.21352777719546898,0.102872191600987,1.308741949374992,10.049999999999999,0.4278323224718693,0.3250793650793651,0.09670360378819094,0.6836123520491559,0.7956969646779695,0.09174374107699165,0.27472614712554244,6.012900143944486,4.5687753318535655,0.00468364685991,0.006956345518693207,0.13504942691431465,1259582.613204038,4.561483523885404
Bldg_027_8St,Friuli_1976_Tolmezzo_scaled_0.21g,8.0,1236762.7935664188,33.45874608638884,1.9546697610790964,0.6731664591962702,0.41557814763449613,0.3443888438856502,0.8430406960968102,1021.0981179078087,154595.34919580235,44481783.16310389,50477108.5258839,0.7624536928573992,0.03506955879751763,0.2112,0.12811666631728136,0.0617233149605922,0.471147101774997,10.049999999999999,0.42783232247186925,0.3250793650793651,0.05802216227290646,0.41016741122949996,0.4774181788067796,0.05504624464618724,0.2747261471255041,6.012900143944486,4.568775331853566,0.0028101881159456076,0.0041738073112160675,0.08102965614858697,755749.5679224492,2.7368901143311533
Bldg_027_8St,Friuli_1976_Tolmezzo_scaled_0.49g,8.0,1236762.7935664188,33.45874608638884,1.9546697610790964,0.6731664591962702,0.41557814763449613,0.3443888438856502,0.8430406960968102,1021.0981179078087,154595.34919580235,44481783.16310389,50477108.5258839,0.7624536928573992,0.03506955879751763,0.4927999999999999,0.2989388880736565,0.14402106824138175,2.5651342207749837,10.049999999999999,0.42783232247186936,0.3250793650793651,0.1353850453034619,0.957057292868833,1.1139757505491572,0.12844123750778294,0.2747261471255315,6.012900143944486,4.568775331853565,0.006557105603873737,0.009738883726170496,0.1890691976800389,1763415.6584857234,6.386076933439246
Bldg_028_4St,El_Centro_1940_NS,4.0,1124368.770359385,16.14633182447185,0.7820760057987548,0.27845282962298024,0.18452810965809507,0.3560431819393168,0.8976479800932551,1004.6329457035733,281092.19258984627,139609134.84546733,139609134.84546733,1.0,0.03511402197103145,0.348,0.546705574584446,0.18644040753129837,3.1070282308161543,13.060000000000002,0.534173757427226,0.7447272727272727,0.8125255555819066,1.156432457047673,1.1395778116695734,0.1226265317324399,2.3348435505227205,1.0501508866926639,1.4640854121428872,0.013030286171776758,0.01345663071356749,0.15984873198335536,8305292.224457612,11.212873413377546
Bldg_028_4St,El_Centro_1940_NS_scaled_0.21g,4.0,1124368.770359385,16.14633182447185,0.7820760057987548,0.27845282962298024,0.18452810965809507,0.3560431819393168,0.8976479800932551,1004.6329457035733,281092.19258984627,139609134.84546733,139609134.84546733,1.0,0.03511402197103145,0.2088,0.3280233447506678,0.11186424451877919,1.1185301630938156,13.060000000000002,0.5341737574272261,0.7447272727272727,0.48751533334916985,0.6938594742286042,0.6837466870017458,0.07357591903946796,2.334843550522844,1.0501508866926639,1.464085412142887,0.007818171703066468,0.008073978428140678,0.09590923919001415,4983175.334674681,6.727724048026476
Bldg_028_4St,El_Centro_1940_NS_scaled_0.49g,4.0,1124368.770359385,16.14633182447185,0.7820760057987548,0.27845282962298024,0.18452810965809507,0.3560431819393168,0.8976479800932551,1004.6329457035733,281092.19258984627,139609134.84546733,139609134.84546733,1.0,0.03511402197103145,0.4871999999999999,0.7653878044182246,0.26101657054381694,6.089775332399659,13.060000000000002,0.5341737574272261,0.7447272727272727,1.1375357778147066,1.619005439866755,1.5954089363374115,0.1716771444254216,2.3348435505227974,1.0501508866926639,1.464085412142887,0.018242400640488057,0.01883928299899495,0.2237882247767037,11627409.114240944,15.69802277872647
Bldg_028_4St,Northridge_1994_Sylmar,4.0,1124368.770359385,16.14633182447185,0.7820760057987548,0.27845282962298024,0.18452810965809507,0.3560431819393168,0.8976479800932551,1004.6329457035733,281092.19258984627,139609134.84546733,139609134.84546733,1.0,0.03511402197103145,0.843,0.8309546252613713,0.3287478434080909,9.138133288190668,9.37,0.4931760280806555,0.8192,1.5105277282751677,2.472235155111188,2.1597541389694626,0.22955289377096502,1.7918478389978265,0.9546826242660581,1.5857948506589856,0.02422398709137607,0.0246246406532991,0.3065917437605542,15077498.687241716,25.271279713170372
Bldg_028_4St,Northridge_1994_Sylmar_scaled_0.51g,4.0,1124368.770359385,16.14633182447185,0.7820760057987548,0.27845282962298024,0.18452810965809507,0.3560431819393168,0.8976479800932551,1004.6329457035733,281092.19258984627,139609134.84546733,139609134.84546733,1.0,0.03511402197103145,0.5057999999999999,0.498572775156823,0.1972487060448539,3.289727983748639,9.37,0.49317602808065547,0.8192,0.9063166369651114,1.4833410930667075,1.2958524833816805,0.1377317362625807,1.791847838997848,0.9546826242660581,1.5857948506589858,0.014534392254825817,0.014774784391979755,0.1839550462563324,9046499.212345082,15.162767827900584
Bldg_028_4St,Northridge_1994_Sylmar_scaled_1.18g,4.0,1124368.770359385,16.14633182447185,0.7820760057987548,0.27845282962298024,0.18452810965809507,0.3560431819393168,0.8976479800932551,1004.6329457035733,281092.19258984627,139609134.84546733,139609134.84546733,1.0,0.03511402197103145,1.1802,1.163336475365919,0.4602469807713281,17.910741244853703,9.37,0.4931760280806554,0.8192,2.1147388195852836,3.461129217155682,3.0236557945572677,0.3213740512793588,1.791847838997868,0.9546826242660581,1.5857948506589858,0.03391358192792729,0.03447449691461821,0.42922844126476556,21108498.162138376,35.37979159843062
Bldg_028_4St,Loma_Prieta_1989_Corralitos,4.0,1124368.770359385,16.14633182447185,0.7820760057987548,0.27845282962298024,0.18452810965809507,0.3560431819393168,0.8976479800932551,1004.6329457035733,281092.19258984627,139609134.84546733,139609134.84546733,1.0,0.03511402197103145,0.644,0.6861034364890142,0.3994006678649551,6.918654308054634,11.41,0.6811214742642783,1.0778947368421052,1.0603923913850322,2.2721757338404336,1.4534073530852913,0.16098282124370925,1.6465720363121616,0.7255587944422042,1.14821810110087,0.01700526982714555,0.01752313940249749,0.2016266280510396,10815099.00401112,15.611682492666581
Bldg_028_4St,Loma_Prieta_1989_Corralitos_scaled_0.39g,4.0,1124368.770359385,16.14633182447185,0.7820760057987548,0.27845282962298024,0.18452810965809507,0.3560431819393168,0.8976479800932551,1004.6329457035733,281092.19258984627,139609134.84546733,139609134.84546733,1.0,0.03511402197103145,0.3864,0.4116620618934086,0.2396404007189732,2.4907155508996683,11.41,0.6811214742642783,1.0778947368421052,0.6362354348310107,1.3633054403042502,0.872044411851172,0.09658969274622418,1.6465720363121394,0.7255587944422042,1.14821810110087,0.010203161896287193,0.01051388364149817,0.12097597683062249,6489059.402406473,9.367009495599971
Bldg_028_4St,Loma_Prieta_1989_Corralitos_scaled_0.90g,4.0,1124368.770359385,16.14633182447185,0.7820760057987548,0.27845282962298024,0.18452810965809507,0.3560431819393168,0.8976479800932551,1004.6329457035733,281092.19258984627,139609134.84546733,139609134.84546733,1.0,0.03511402197103145,0.9015999999999998,0.9605448110846201,0.5591609350109363,13.560562443787077,11.41,0.6811214742642782,1.0778947368421052,1.484549347939064,3.1810460273765933,2.034770294319412,0.22537594974119596,1.646572036312183,0.7255587944422042,1.1482181011008703,0.023807377758004074,0.024532395163495726,0.2822772792714521,15141138.6056151,21.856355489733353
Bldg_028_4St,San_Fernando_1971_Pacoima,4.0,1124368.770359385,16.14633182447185,0.7820760057987548,0.27845282962298024,0.18452810965809507,0.3560431819393168,0.8976479800932551,1004.6329457035733,281092.19258984627,139609134.84546733,139609134.84546733,1.0,0.03511402197103145,1.17,1.0361741213226916,0.47368625496262196,19.729249200797177,9.42,0.461649004640927,0.28054794520547943,1.722980520527103,5.101056673832529,2.7410674806816697,0.2619531646654094,1.4726329235274385,2.78767326285689,1.6940922604329183,0.02763104384425957,0.03354616680089016,0.31150294617130625,20704344.51403093,34.43321250628412
Bldg_028_4St,San_Fernando_1971_Pacoima_scaled_0.70g,4.0,1124368.770359385,16.14633182447185,0.7820760057987548,0.27845282962298024,0.18452810965809507,0.3560431819393168,0.8976479800932551,1004.6329457035733,281092.19258984627,139609134.84546733,139609134.84546733,1.0,0.03511402197103145,0.7020000000000001,0.621704472793615,0.284211752977573,7.102529712286988,9.42,0.46164900464092706,0.28054794520547943,1.033788312316303,3.0606340042995033,1.6446404884090147,0.15717189879925206,1.4726329235274969,2.78767326285689,1.694092260432918,0.016578626306556404,0.02012770008053378,0.18690176770278505,12422606.70841836,20.659927503772852
Bldg_028_4St,San_Fernando_1971_Pacoima_scaled_1.20g,4.0,1124368.770359385,16.14633182447185,0.7820760057987548,0.27845282962298024,0.18452810965809507,0.3560431819393168,0.8976479800932551,1004.6329457035733,281092.19258984627,139609134.84546733,139609134.84546733,1.0,0.03511402197103145,1.2,1.062742688536094,0.48583205637192123,20.75397680557232,9.42,0.461649004640927,0.28054794520547943,1.7671595082329743,5.231852998802613,2.811351262237624,0.2686699124773505,1.4726329235274787,2.78767326285689,1.6940922604329183,0.02833953214795931,0.03440632492399005,0.319490201201353,21235225.142595913,35.316115391064336
Bldg_028_4St,Imperial_Valley_1979_Array6,4.0,1124368.770359385,16.14633182447185,0.7820760057987548,0.27845282962298024,0.18452810965809507,0.3560431819393168,0.8976479800932551,1004.6329457035733,281092.19258984627,139609134.84546733,139609134.84546733,1.0,0.03511402197103145,0.439,0.4470557915681539,0.20993321390578878,3.03447831967358,11.25,0.4646807553227397,0.8192,0.592012928213471,1.032366818934772,1.2820762337874287,0.09009712776214827,1.348548811420207,0.9546826242660581,1.6830393702351008,0.009493975689771936,0.01072144822285534,0.11285747919072693,6617166.098674835,8.775855055126925
Bldg_028_4St,Imperial_Valley_1979_Array6_scaled_0.26g,4.0,1124368.770359385,16.14633182447185,0.7820760057987548,0.27845282962298024,0.18452810965809507,0.3560431819393168,0.8976479800932551,1004.6329457035733,281092.19258984627,139609134.84546733,139609134.84546733,1.0,0.03511402197103145,0.26339999999999997,0.26823347494089234,0.1259599283434734,1.0924121950824885,11.25,0.4646807553227397,0.8192,0.3552077569280792,0.6194200913608583,0.769245740272454,0.05405827665728841,1.3485488114201947,0.9546826242660581,1.6830393702351008,0.005696385413863108,0.00643286893371318,0.06771448751443618,3970299.659204886,5.265513033075475
Bldg_028_4St,Imperial_Valley_1979_Array6_scaled_0.61g,4.0,1124368.770359385,16.14633182447185,0.7820760057987548,0.27845282962298024,0.18452810965809507,0.3560431819393168,0.8976479800932551,1004.6329457035733,281092.19258984627,139609134.84546733,139609134.84546733,1.0,0.03511402197103145,0.6145999999999999,0.6258781081954151,0.2939064994681046,5.947577506560213,11.25,0.46468075532273967,0.8192,0.8288180994988438,1.4453135465086635,1.7949067273023984,0.1261359788670051,1.348548811420182,0.9546826242660581,1.683039370235101,0.01329156596568046,0.015010027511997131,0.15800047086701455,9264032.538144555,12.286197077177176
Bldg_028_4St,Friuli_1976_Tolmezzo,4.0,1124368.770359385,16.14633182447185,0.7820760057987548,0.27845282962298024,0.18452810965809507,0.3560431819393168,0.8976479800932551,1004.6329457035733,281092.19258984627,139609134.84546733,139609134.84546733,1.0,0.03511402197103145,0.352,0.21352777719546898,0.102872191600987,1.308741949374992,10.049999999999999,0.4278323224718693,0.3250793650793651,0.4887352032588878,0.7602899445632253,0.6414411380774985,0.07427921724265239,1.3884522819854768,2.4058002131504663,1.8279965414491974,0.007837734477316173,0.007727550389688916,0.09548102002349855,4769363.559994216,7.359402588838747
Bldg_028_4St,Friuli_1976_Tolmezzo_scaled_0.21g,4.0,1124368.770359385,16.14633182447185,0.7820760057987548,0.27845282962298024,0.18452810965809507,0.3560431819393168,0.8976479800932551,1004.6329457035733,281092.19258984627,139609134.84546733,139609134.84546733,1.0,0.03511402197103145,0.2112,0.12811666631728136,0.0617233149605922,0.471147101774997,10.049999999999999,0.42783232247186925,0.3250793650793651,0.2932411219553397,0.45617396673793686,0.38486468284649716,0.044567530345592535,1.3884522819855099,2.4058002131504663,1.8279965414491977,0.004702640686389817,0.004636530233813509,0.05728861201410021,2861618.135996628,4.415641553302691
Bldg_028_4St,Friuli_1976_Tolmezzo_scaled_0.49g,4.0,1124368.770359385,16.14633182447185,0.7820760057987548,0.27845282962298024,0.18452810965809507,0.3560431819393168,0.8976479800932551,1004.6329457035733,281092.19258984627,139609134.84546733,139609134.84546733,1.0,0.03511402197103145,0.4927999999999999,0.2989388880736565,0.14402106824138175,2.5651342207749837,10.049999999999999,0.42783232247186936,0.3250793650793651,0.6842292845624399,1.0644059223885207,0.8980175933084947,0.103990904139713,1.388452281985471,2.4058002131504663,1.827996541449197,0.010972828268242595,0.010818570545564813,0.13367342803290214,6677108.983992106,10.303163624375605
Bldg_029_10St,El_Centro_1940_NS,10.0,3306559.1027033487,40.85103354718929,2.8470338124293835,1.0055703560634366,0.6133007191000883,0.35319930226096613,0.8447518426005479,1671.293479517068,330655.91027033486,66673572.54055375,62546842.54886757,0.748278909461416,0.032311089590841974,0.348,0.546705574584446,0.18644040753129837,3.1070282308161543,13.060000000000002,0.534173757427226,0.7447272727272727,0.2183755145748654,0.3259771108166891,0.961093142932597,0.440002711956893,0.6275158464794983,3.8229213789945335,5.329789741341335,0.019628975994973912,0.02215183722691707,0.5771720605646377,6750596.690489031,6.4331621884716075
Bldg_029_10St,El_Centro_1940_NS_scaled_0.21g,10.0,3306559.1027033487,40.85103354718929,2.8470338124293835,1.0055703560634366,0.6133007191000883,0.35319930226096613,0.8447518426005479,1671.293479517068,330655.91027033486,66673572.54055375,62546842.54886757,0.748278909461416,0.032311089590841974,0.2088,0.3280233447506678,0.11186424451877919,1.1185301630938156,13.060000000000002,0.5341737574272261,0.7447272727272727,0.1310253087449017,0.1955862664900089,0.5766558857595689,0.26400162717410147,0.6275158464794143,3.8229213789945335,5.329789741341334,0.01177738559698277,0.01329110233614747,0.3463032363387417,4050358.014292575,3.8598973130802863
Bldg_029_10St,El_Centro_1940_NS_scaled_0.49g,10.0,3306559.1027033487,40.85103354718929,2.8470338124293835,1.0055703560634366,0.6133007191000883,0.35319930226096613,0.8447518426005479,1671.293479517068,330655.91027033486,66673572.54055375,62546842.54886757,0.748278909461416,0.032311089590841974,0.4871999999999999,0.7653878044182246,0.26101657054381694,6.089775332399659,13.060000000000002,0.5341737574272261,0.7447272727272727,0.30572572040469564,0.4563679551433718,1.3455304001056172,0.6160037967394163,0.6275158464792605,3.8229213789945335,5.329789741341334,0.027480566392953053,0.031012572117688302,0.80804088479066,9450835.366685988,9.006427063859084
Bldg_029_10St,Northridge_1994_Sylmar,10.0,3306559.1027033487,40.85103354718929,2.8470338124293835,1.0055703560634366,0.6133007191000883,0.35319930226096613,0.8447518426005479,1671.293479517068,330655.91027033486,66673572.54055375,62546842.54886757,0.748278909461416,0.032311089590841974,0.843,0.8309546252613713,0.3287478434080909,9.138133288190668,9.37,0.4931760280806555,0.8192,0.3500718149633974,1.0791179014415497,1.5777343807729758,0.7044845305863879,0.41526905689608234,3.475383071813212,5.772855228810454,0.03146667457572361,0.03222153914937673,1.0174972824404158,9399153.168534363,11.077297029361127
Bldg_029_10St,Northridge_1994_Sylmar_scaled_0.51g,10.0,3306559.1027033487,40.85103354718929,2.8470338124293835,1.0055703560634366,0.6133007191000883,0.35319930226096613,0.8447518426005479,1671.293479517068,330655.91027033486,66673572.54055375,62546842.54886757,0.748278909461416,0.032311089590841974,0.5057999999999999,0.498572775156823,0.1972487060448539,3.289727983748639,9.37,0.49317602808065547,0.8192,0.21004308897803609,0.6474707408649373,0.9466406284637767,0.42269071835182637,0.41526905689607774,3.475383071813212,5.772855228810455,0.01888000474543395,0.019332923489627233,0.6104983694642395,5639491.901120733,6.646378217621479
Bldg_029_10St,Northridge_1994_Sylmar_scaled_1.18g,10.0,3306559.1027033487,40.85103354718929,2.8470338124293835,1.0055703560634366,0.6133007191000883,0.35319930226096613,0.8447518426005479,1671.293479517068,330655.91027033486,66673572.54055375,62546842.54886757,0.748278909461416,0.032311089590841974,1.1802,1.163336475365919,0.4602469807713281,17.910741244853703,9.37,0.4931760280806554,0.8192,0.4901005409487351,1.5107650620181656,2.208828133082151,0.9862783428208987,0.41526905689606436,3.475383071813212,5.772855228810455,0.04405334440601113,0.04511015480912729,1.4244961954164912,13158814.43594838,15.508215841103917
Bldg_029_10St,Loma_Prieta_1989_Corralitos,10.0,3306559.1027033487,40.85103354718929,2.8470338124293835,1.0055703560634366,0.6133007191000883,0.35319930226096613,0.8447518426005479,1671.293479517068,330655.91027033486,66673572.54055375,62546842.54886757,0.748278909461416,0.032311089590841974,0.644,0.6861034364890142,0.3994006678649551,6.918654308054634,11.41,0.6811214742642783,1.0778947368421052,0.541586027038198,1.0843571059755608,1.3584471850073314,1.0881354744262406,0.8409720916742205,2.6412911345780414,4.179920792402915,0.04868118637129322,0.05363910757238214,1.4577352752510089,16346092.576868484,11.176442478346353
Bldg_029_10St,Loma_Prieta_1989_Corralitos_scaled_0.39g,10.0,3306559.1027033487,40.85103354718929,2.8470338124293835,1.0055703560634366,0.6133007191000883,0.35319930226096613,0.8447518426005479,1671.293479517068,330655.91027033486,66673572.54055375,62546842.54886757,0.748278909461416,0.032311089590841974,0.3864,0.4116620618934086,0.2396404007189732,2.4907155508996683,11.41,0.6811214742642783,1.0778947368421052,0.3249516162228459,0.650614263585327,0.8150683110043914,0.6528812846555949,0.8409720916740318,2.6412911345780414,4.179920792402915,0.02920871182276938,0.03218346454342854,0.874641165150576,9807655.546120863,6.70586548701006
Bldg_029_10St,Loma_Prieta_1989_Corralitos_scaled_0.90g,10.0,3306559.1027033487,40.85103354718929,2.8470338124293835,1.0055703560634366,0.6133007191000883,0.35319930226096613,0.8447518426005479,1671.293479517068,330655.91027033486,66673572.54055375,62546842.54886757,0.748278909461416,0.032311089590841974,0.9015999999999998,0.9605448110846201,0.5591609350109363,13.560562443787077,11.41,0.6811214742642782,1.0778947368421052,0.7582204378534382,1.5180999483658921,1.901826059010223,1.5233896641966607,0.8409720916741774,2.6412911345780414,4.179920792402915,0.06815366091980699,0.07509475060133557,2.040829385351467,22884529.607616052,15.647019469684473
Bldg_029_10St,San_Fernando_1971_Pacoima,10.0,3306559.1027033487,40.85103354718929,2.8470338124293835,1.0055703560634366,0.6133007191000883,0.35319930226096613,0.8447518426005479,1671.293479517068,330655.91027033486,66673572.54055375,62546842.54886757,0.748278909461416,0.032311089590841974,1.17,1.0361741213226916,0.47368625496262196,19.729249200797177,9.42,0.461649004640927,0.28054794520547943,0.6449587124806657,1.2069567481368746,2.155472724410803,1.2994909660180411,0.5512467628039879,10.14811856969458,6.167096178716601,0.057972978837295866,0.059198282738111084,1.734977734621454,18040207.11424049,16.117758759132762
Bldg_029_10St,San_Fernando_1971_Pacoima_scaled_0.70g,10.0,3306559.1027033487,40.85103354718929,2.8470338124293835,1.0055703560634366,0.6133007191000883,0.35319930226096613,0.8447518426005479,1671.293479517068,330655.91027033486,66673572.54055375,62546842.54886757,0.748278909461416,0.032311089590841974,0.7020000000000001,0.621704472793615,0.284211752977573,7.102529712286988,9.42,0.46164900464092706,0.28054794520547943,0.3869752274884439,0.7241740488821303,1.2932836346465124,0.7796945796109116,0.551246762804051,10.14811856969458,6.1670961787166005,0.03478378730238152,0.03551896964286761,1.0409866407729604,10824124.268544588,9.67065525546855
Bldg_029_10St,San_Fernando_1971_Pacoima_scaled_1.20g,10.0,3306559.1027033487,40.85103354718929,2.8470338124293835,1.0055703560634366,0.6133007191000883,0.35319930226096613,0.8447518426005479,1671.293479517068,330655.91027033486,66673572.54055375,62546842.54886757,0.748278909461416,0.032311089590841974,1.2,1.062742688536094,0.48583205637192123,20.75397680557232,9.42,0.461649004640927,0.28054794520547943,0.661496115364794,1.2379043570634665,2.2107412558059516,1.3328112471980136,0.5512467628039951,10.14811856969458,6.167096178716601,0.059459465474150396,0.06071618742370392,1.7794643432014676,18502776.527426217,16.531034624745327
Bldg_029_10St,Imperial_Valley_1979_Array6,10.0,3306559.1027033487,40.85103354718929,2.8470338124293835,1.0055703560634366,0.6133007191000883,0.35319930226096613,0.8447518426005479,1671.293479517068,330655.91027033486,66673572.54055375,62546842.54886757,0.748278909461416,0.032311089590841974,0.439,0.4470557915681539,0.20993321390578878,3.03447831967358,11.25,0.4646807553227397,0.8192,0.21875668806859008,0.3337290678713149,0.7309007358213933,0.43996230306094364,0.49830680653437376,3.475383071813212,6.1268597414842425,0.019663238285656123,0.02165533914298356,0.5611725414578751,6599292.837544364,4.366535578035206
Bldg_029_10St,Imperial_Valley_1979_Array6_scaled_0.26g,10.0,3306559.1027033487,40.85103354718929,2.8470338124293835,1.0055703560634366,0.6133007191000883,0.35319930226096613,0.8447518426005479,1671.293479517068,330655.91027033486,66673572.54055375,62546842.54886757,0.748278909461416,0.032311089590841974,0.26339999999999997,0.26823347494089234,0.1259599283434734,1.0924121950824885,11.25,0.4646807553227397,0.8192,0.13125401284114663,0.200237440722783,0.43854044149283417,0.26397738183655134,0.49830680653434567,3.475383071813212,6.1268597414842425,0.011797942971393006,0.012993203485789726,0.3367035248747546,3959575.702526493,2.619921346816194
Bldg_029_10St,Imperial_Valley_1979_Array6_scaled_0.61g,10.0,3306559.1027033487,40.85103354718929,2.8470338124293835,1.0055703560634366,0.6133007191000883,0.35319930226096613,0.8447518426005479,1671.293479517068,330655.91027033486,66673572.54055375,62546842.54886757,0.748278909461416,0.032311089590841974,0.6145999999999999,0.6258781081954151,0.2939064994681046,5.947577506560213,11.25,0.46468075532273967,0.8192,0.3062593632959973,0.467220695019848,1.0232610301499634,0.6159472242852632,0.4983068065343269,3.475383071813212,6.1268597414842425,0.027528533599915982,0.030317474800173758,0.7856415580410196,9239009.972561127,6.113149809239211
Bldg_029_10St,Friuli_1976_Tolmezzo,10.0,3306559.1027033487,40.85103354718929,2.8470338124293835,1.0055703560634366,0.6133007191000883,0.35319930226096613,0.8447518426005479,1671.293479517068,330655.91027033486,66673572.54055375,62546842.54886757,0.748278909461416,0.032311089590841974,0.352,0.21352777719546898,0.102872191600987,1.308741949374992,10.049999999999999,0.4278323224718693,0.3250793650793651,0.10229210544628983,0.21563502177670837,0.6203551458367591,0.2058923346899232,0.2906025722905961,8.757965340969294,6.65455521448261,0.009194663083860535,0.009143744061229643,0.27664013607294957,2691149.1649570833,2.443265060327283
Bldg_029_10St,Friuli_1976_Tolmezzo_scaled_0.21g,10.0,3306559.1027033487,40.85103354718929,2.8470338124293835,1.0055703560634366,0.6133007191000883,0.35319930226096613,0.8447518426005479,1671.293479517068,330655.91027033486,66673572.54055375,62546842.54886757,0.748278909461416,0.032311089590841974,0.2112,0.12811666631728136,0.0617233149605922,0.471147101774997,10.049999999999999,0.42783232247186925,0.3250793650793651,0.0613752632677756,0.1293810130660211,0.372213087502065,0.12353540081395735,0.29060257229060416,8.757965340969294,6.654555214482611,0.005516797850316474,0.005486246436737492,0.16598408164380546,1614689.4989746003,1.4659590361964379
Bldg_029_10St,Friuli_1976_Tolmezzo_scaled_0.49g,10.0,3306559.1027033487,40.85103354718929,2.8470338124293835,1.0055703560634366,0.6133007191000883,0.35319930226096613,0.8447518426005479,1671.293479517068,330655.91027033486,66673572.54055375,62546842.54886757,0.748278909461416,0.032311089590841974,0.4927999999999999,0.2989388880736565,0.14402106824138175,2.5651342207749837,10.049999999999999,0.42783232247186936,0.3250793650793651,0.1432089476248064,0.30188903048742316,0.8684972041714859,0.2882492685658934,0.2906025722905975,8.757965340969294,6.654555214482609,0.012872528317404808,0.012801241685721115,0.3872961905021519,3767608.8309398443,3.420571084458481
Bldg_030_6St,El_Centro_1940_NS,6.0,803618.8831084707,23.230058635081644,0.9665504811036845,0.3495748231242845,0.22269020865239064,0.3616725975089393,0.8416871129757246,822.4327678639422,133936.48051807846,84360837.00216389,106695714.94751158,0.5813350525588545,0.04189785227596446,0.348,0.546705574584446,0.18644040753129837,3.1070282308161543,13.060000000000002,0.534173757427226,0.7447272727272727,0.33979115202610183,0.8773404386711866,1.082592335657552,0.07880086892890967,0.9764113563968444,1.2978583120288734,1.8094308596493793,0.005456165294518763,0.006380946587594754,0.10180998976828798,2635913.4300042526,7.538084716102807
Bldg_030_6St,El_Centro_1940_NS_scaled_0.21g,6.0,803618.8831084707,23.230058635081644,0.9665504811036845,0.3495748231242845,0.22269020865239064,0.3616725975089393,0.8416871129757246,822.4327678639422,133936.48051807846,84360837.00216389,106695714.94751158,0.5813350525588545,0.04189785227596446,0.2088,0.3280233447506678,0.11186424451877919,1.1185301630938156,13.060000000000002,0.5341737574272261,0.7447272727272727,0.20387469121566548,0.5264042632027106,0.6495554013945339,0.047280521357346825,0.9764113563968653,1.2978583120288734,1.8094308596493789,0.003273699176711329,0.0038285679525567958,0.06108599386097161,1581548.0580025283,4.522850829661535
Bldg_030_6St,El_Centro_1940_NS_scaled_0.49g,6.0,803618.8831084707,23.230058635081644,0.9665504811036845,0.3495748231242845,0.22269020865239064,0.3616725975089393,0.8416871129757246,822.4327678639422,133936.48051807846,84360837.00216389,106695714.94751158,0.5813350525588545,0.04189785227596446,0.4871999999999999,0.7653878044182246,0.26101657054381694,6.089775332399659,13.060000000000002,0.5341737574272261,0.7447272727272727,0.47570761283655627,1.2282766141396544,1.5156292699205707,0.11032121650047663,0.9764113563968727,1.2978583120288734,1.8094308596493789,0.007638631412326489,0.008933325222632339,0.1425339856755921,3690278.802005823,10.55331860254422
Bldg_030_6St,Northridge_1994_Sylmar,6.0,803618.8831084707,23.230058635081644,0.9665504811036845,0.3495748231242845,0.22269020865239064,0.3616725975089393,0.8416871129757246,822.4327678639422,133936.48051807846,84360837.00216389,106695714.94751158,0.5813350525588545,0.04189785227596446,0.843,0.8309546252613713,0.3287478434080909,9.138133288190668,9.37,0.4931760280806555,0.8192,1.1605915691490267,2.219753305035349,1.4103739254250376,0.26909944226641386,1.3767397024306367,1.179871192753521,1.9598488695107699,0.018636092796835268,0.020968191601230316,0.3805007353494253,7571710.098354521,24.084325549397366
Bldg_030_6St,Northridge_1994_Sylmar_scaled_0.51g,6.0,803618.8831084707,23.230058635081644,0.9665504811036845,0.3495748231242845,0.22269020865239064,0.3616725975089393,0.8416871129757246,822.4327678639422,133936.48051807846,84360837.00216389,106695714.94751158,0.5813350525588545,0.04189785227596446,0.5057999999999999,0.498572775156823,0.1972487060448539,3.289727983748639,9.37,0.49317602808065547,0.8192,0.6963549414894212,1.331851983021204,0.8462243552550239,0.1614596653598495,1.3767397024306471,1.179871192753521,1.95984886951077,0.011181655678101244,0.012580914960738081,0.22830044120965162,4543026.0590127045,14.450595329639649
Bldg_030_6St,Northridge_1994_Sylmar_scaled_1.18g,6.0,803618.8831084707,23.230058635081644,0.9665504811036845,0.3495748231242845,0.22269020865239064,0.3616725975089393,0.8416871129757246,822.4327678639422,133936.48051807846,84360837.00216389,106695714.94751158,0.5813350525588545,0.04189785227596446,1.1802,1.163336475365919,0.4602469807713281,17.910741244853703,9.37,0.4931760280806554,0.8192,1.6248281968086642,3.1076546270495085,1.9745234955950552,0.3767392191729858,1.3767397024306596,1.179871192753521,1.9598488695107703,0.0260905299155698,0.029355468241722516,0.5327010294891871,10600394.137696357,33.71805576915811
Bldg_030_6St,Loma_Prieta_1989_Corralitos,6.0,803618.8831084707,23.230058635081644,0.9665504811036845,0.3495748231242845,0.22269020865239064,0.3616725975089393,0.8416871129757246,822.4327678639422,133936.48051807846,84360837.00216389,106695714.94751158,0.5813350525588545,0.04189785227596446,0.644,0.6861034364890142,0.3994006678649551,6.918654308054634,11.41,0.6811214742642783,1.0778947368421052,0.9268285582811879,1.7088888749430842,1.6482305719800536,0.21523579920404287,1.4391747799397328,0.896702106492676,1.4190574187192024,0.014882464665454913,0.01569687519443129,0.28181852588994033,6484242.355913255,13.242793417662968
Bldg_030_6St,Loma_Prieta_1989_Corralitos_scaled_0.39g,6.0,803618.8831084707,23.230058635081644,0.9665504811036845,0.3495748231242845,0.22269020865239064,0.3616725975089393,0.8416871129757246,822.4327678639422,133936.48051807846,84360837.00216389,106695714.94751158,0.5813350525588545,0.04189785227596446,0.3864,0.4116620618934086,0.2396404007189732,2.4907155508996683,11.41,0.6811214742642783,1.0778947368421052,0.5560971349687133,1.0253333249658478,0.988938343188027,0.12914147952242583,1.439174779939734,0.896702106492676,1.4190574187192024,0.008929478799272956,0.00941812511665862,0.16909111553396103,3890545.413547889,7.9456760505969815
Bldg_030_6St,Loma_Prieta_1989_Corralitos_scaled_0.90g,6.0,803618.8831084707,23.230058635081644,0.9665504811036845,0.3495748231242845,0.22269020865239064,0.3616725975089393,0.8416871129757246,822.4327678639422,133936.48051807846,84360837.00216389,106695714.94751158,0.5813350525588545,0.04189785227596446,0.9015999999999998,0.9605448110846201,0.5591609350109363,13.560562443787077,11.41,0.6811214742642782,1.0778947368421052,1.2975599815936498,2.3924444249203143,2.3075228007720736,0.30133011888565686,1.4391747799397183,0.896702106492676,1.4190574187192029,0.020835450531636667,0.02197562527220375,0.39454593624591666,9077939.298278533,18.539910784731266
Bldg_030_6St,San_Fernando_1971_Pacoima,6.0,803618.8831084707,23.230058635081644,0.9665504811036845,0.3495748231242845,0.22269020865239064,0.3616725975089393,0.8416871129757246,822.4327678639422,133936.48051807846,84360837.00216389,106695714.94751158,0.5813350525588545,0.04189785227596446,1.17,1.0361741213226916,0.47368625496262196,19.729249200797177,9.42,0.461649004640927,0.28054794520547943,1.1485203712198049,3.2169755969958573,3.9984503494503185,0.26664214790089463,0.9816413429229102,3.4452238828402817,2.093691248951078,0.01844226064196024,0.02199762968576975,0.3831910430552924,7565889.317961128,28.15509567860611
Bldg_030_6St,San_Fernando_1971_Pacoima_scaled_0.70g,6.0,803618.8831084707,23.230058635081644,0.9665504811036845,0.3495748231242845,0.22269020865239064,0.3616725975089393,0.8416871129757246,822.4327678639422,133936.48051807846,84360837.00216389,106695714.94751158,0.5813350525588545,0.04189785227596446,0.7020000000000001,0.621704472793615,0.284211752977573,7.102529712286988,9.42,0.46164900464092706,0.28054794520547943,0.6891122227319172,1.9301853581975195,2.3990702096701964,0.15998528874054482,0.9816413429229589,3.4452238828402817,2.0936912489510777,0.011065356385176695,0.013198577811461549,0.22991462583317732,4539533.590776943,16.893057407165223
Bldg_030_6St,San_Fernando_1971_Pacoima_scaled_1.20g,6.0,803618.8831084707,23.230058635081644,0.9665504811036845,0.3495748231242845,0.22269020865239064,0.3616725975089393,0.8416871129757246,822.4327678639422,133936.48051807846,84360837.00216389,106695714.94751158,0.5813350525588545,0.04189785227596446,1.2,1.062742688536094,0.48583205637192123,20.75397680557232,9.42,0.461649004640927,0.28054794520547943,1.177969611507517,3.2994621507649877,4.100974717384942,0.2734791260522055,0.9816413429229308,3.4452238828402817,2.093691248951078,0.01891513911995962,0.022561671472584394,0.3930164544156888,7759886.479960292,28.877021208825088
Bldg_030_6St,Imperial_Valley_1979_Array6,6.0,803618.8831084707,23.230058635081644,0.9665504811036845,0.3495748231242845,0.22269020865239064,0.3616725975089393,0.8416871129757246,822.4327678639422,133936.48051807846,84360837.00216389,106695714.94751158,0.5813350525588545,0.04189785227596446,0.439,0.4470557915681539,0.20993321390578878,3.03447831967358,11.25,0.4646807553227397,0.8192,0.3414445229628517,0.9606435362286696,1.0362596928756813,0.07911184953189719,0.7777779566351976,1.179871192753521,2.080031225808729,0.005482714146866066,0.006277441600252148,0.11570554016070443,2231940.8618772104,10.417661227618446
Bldg_030_6St,Imperial_Valley_1979_Array6_scaled_0.26g,6.0,803618.8831084707,23.230058635081644,0.9665504811036845,0.3495748231242845,0.22269020865239064,0.3616725975089393,0.8416871129757246,822.4327678639422,133936.48051807846,84360837.00216389,106695714.94751158,0.5813350525588545,0.04189785227596446,0.26339999999999997,0.26823347494089234,0.1259599283434734,1.0924121950824885,11.25,0.4646807553227397,0.8192,0.20486671377771312,0.5763861217372038,0.6217558157254088,0.047467109719138784,0.7777779566352055,1.179871192753521,2.080031225808729,0.0032896284881196733,0.003766464960151208,0.06942332409642366,1339164.517126293,6.250596736571587
Bldg_030_6St,Imperial_Valley_1979_Array6_scaled_0.61g,6.0,803618.8831084707,23.230058635081644,0.9665504811036845,0.3495748231242845,0.22269020865239064,0.3616725975089393,0.8416871129757246,822.4327678639422,133936.48051807846,84360837.00216389,106695714.94751158,0.5813350525588545,0.04189785227596446,0.6145999999999999,0.6258781081954151,0.2939064994681046,5.947577506560213,11.25,0.46468075532273967,0.8192,0.4780223321479598,1.3449009507201377,1.4507635700259456,0.11075658934464847,0.7777779566351446,1.179871192753521,2.0800312258087295,0.007675799805611968,0.008788418240352805,0.16198775622499043,3124717.206628082,14.58472571866521
Bldg_030_6St,Friuli_1976_Tolmezzo,6.0,803618.8831084707,23.230058635081644,0.9665504811036845,0.3495748231242845,0.22269020865239064,0.3616725975089393,0.8416871129757246,822.4327678639422,133936.48051807846,84360837.00216389,106695714.94751158,0.5813350525588545,0.04189785227596446,0.352,0.21352777719546898,0.102872191600987,1.308741949374992,10.049999999999999,0.4278323224718693,0.3250793650793651,0.24544494228709446,0.755412946843946,0.8803082987508514,0.056889408462785986,0.6972867678610638,2.9732754057388733,2.2591805956111153,0.003941209674933304,0.004413608789183322,0.0839346551223455,1767406.0929898368,6.9011008681757
Bldg_030_6St,Friuli_1976_Tolmezzo_scaled_0.21g,6.0,803618.8831084707,23.230058635081644,0.9665504811036845,0.3495748231242845,0.22269020865239064,0.3616725975089393,0.8416871129757246,822.4327678639422,133936.48051807846,84360837.00216389,106695714.94751158,0.5813350525588545,0.04189785227596446,0.2112,0.12811666631728136,0.0617233149605922,0.471147101774997,10.049999999999999,0.42783232247186925,0.3250793650793651,0.14726696537226222,0.45324776810636697,0.5281849792505118,0.034133645077672865,0.6972867678610901,2.9732754057388733,2.2591805956111157,0.0023647258049600715,0.00264816527350998,0.05036079307340857,1060443.65579387,4.140660520905801
Bldg_030_6St,Friuli_1976_Tolmezzo_scaled_0.49g,6.0,803618.8831084707,23.230058635081644,0.9665504811036845,0.3495748231242845,0.22269020865239064,0.3616725975089393,0.8416871129757246,822.4327678639422,133936.48051807846,84360837.00216389,106695714.94751158,0.5813350525588545,0.04189785227596446,0.4927999999999999,0.2989388880736565,0.14402106824138175,2.5651342207749837,10.049999999999999,0.42783232247186936,0.3250793650793651,0.3436229192019499,1.0575781255815195,1.232431618251192,0.0796451718479045,0.6972867678610997,2.9732754057388733,2.259180595611115,0.005517693544906909,0.006179052304856569,0.1175085171712811,2474368.530185693,9.661541215444549
Bldg_031_7St,El_Centro_1940_NS,7.0,856890.734760222,22.75669864505952,1.4911929430096265,0.5226822901820123,0.3255666176728036,0.3505128512257438,0.8443472679464323,850.595879853297,122412.96210860314,46041581.58392334,53788220.09784441,0.7119578041500756,0.04318599737886953,0.348,0.546705574584446,0.18644040753129837,3.1070282308161543,13.060000000000002,0.534173757427226,0.7447272727272727,0.33454985558360945,0.8456216178784499,0.9709380592374471,0.1847645373092924,0.9613501597230157,2.002334274060778,2.791587797558141,0.013574682483106048,0.013651938208223954,0.2452038390427347,2373851.367465843,6.6481490189601775
Bldg_031_7St,El_Centro_1940_NS_scaled_0.21g,7.0,856890.734760222,22.75669864505952,1.4911929430096265,0.5226822901820123,0.3255666176728036,0.3505128512257438,0.8443472679464323,850.595879853297,122412.96210860314,46041581.58392334,53788220.09784441,0.7119578041500756,0.04318599737886953,0.2088,0.3280233447506678,0.11186424451877919,1.1185301630938156,13.060000000000002,0.5341737574272261,0.7447272727272727,0.20072991335016904,0.5073729707270661,0.5825628355424699,0.11085872238557735,0.9613501597230317,2.002334274060778,2.7915877975581407,0.008144809489863767,0.008191162924934289,0.147122303425638,1424310.8204794435,3.988889411376659
Bldg_031_7St,El_Centro_1940_NS_scaled_0.49g,7.0,856890.734760222,22.75669864505952,1.4911929430096265,0.5226822901820123,0.3255666176728036,0.3505128512257438,0.8443472679464323,850.595879853297,122412.96210860314,46041581.58392334,53788220.09784441,0.7119578041500756,0.04318599737886953,0.4871999999999999,0.7653878044182246,0.26101657054381694,6.089775332399659,13.060000000000002,0.5341737574272261,0.7447272727272727,0.4683697978170603,1.1838702650298292,1.3593132829324288,0.25867035223301343,0.9613501597230303,2.002334274060778,2.7915877975581407,0.019004555476348755,0.019112713491514454,0.34328537465984194,3323391.914452189,9.307408626546119
Bldg_031_7St,Northridge_1994_Sylmar,7.0,856890.734760222,22.75669864505952,1.4911929430096265,0.5226822901820123,0.3255666176728036,0.3505128512257438,0.8443472679464323,850.595879853297,122412.96210860314,46041581.58392334,53788220.09784441,0.7119578041500756,0.04318599737886953,0.843,0.8309546252613713,0.3287478434080909,9.138133288190668,9.37,0.4931760280806555,0.8192,0.6643273578438988,1.5065729245519834,1.8983808732268463,0.36706908388000603,0.7880514327922881,1.820303885509798,3.0236525258801756,0.026955722135464932,0.03131319793171626,0.47707368055925986,5467479.840802481,12.765126685293263
Bldg_031_7St,Northridge_1994_Sylmar_scaled_0.51g,7.0,856890.734760222,22.75669864505952,1.4911929430096265,0.5226822901820123,0.3255666176728036,0.3505128512257438,0.8443472679464323,850.595879853297,122412.96210860314,46041581.58392334,53788220.09784441,0.7119578041500756,0.04318599737886953,0.5057999999999999,0.498572775156823,0.1972487060448539,3.289727983748639,9.37,0.49317602808065547,0.8192,0.3985964147063626,0.9039437547311914,1.1390285239360998,0.2202414503280165,0.7880514327923342,1.820303885509798,3.023652525880176,0.016173433281279903,0.018787918759029156,0.28624420833556785,3280487.9044812904,7.659076011176117
Bldg_031_7St,Northridge_1994_Sylmar_scaled_1.18g,7.0,856890.734760222,22.75669864505952,1.4911929430096265,0.5226822901820123,0.3255666176728036,0.3505128512257438,0.8443472679464323,850.595879853297,122412.96210860314,46041581.58392334,53788220.09784441,0.7119578041500756,0.04318599737886953,1.1802,1.163336475365919,0.4602469807713281,17.910741244853703,9.37,0.4931760280806554,0.8192,0.9300583009815001,2.10920209437277,2.657733222517565,0.5138967174320316,0.7880514327923235,1.820303885509798,3.023652525880176,0.0377380109896526,0.043838477104399504,0.6679031527829946,7654471.777122853,17.87117735941345
Bldg_031_7St,Loma_Prieta_1989_Corralitos,7.0,856890.734760222,22.75669864505952,1.4911929430096265,0.5226822901820123,0.3255666176728036,0.3505128512257438,0.8443472679464323,850.595879853297,122412.96210860314,46041581.58392334,53788220.09784441,0.7119578041500756,0.04318599737886953,0.644,0.6861034364890142,0.3994006678649551,6.918654308054634,11.41,0.6811214742642783,1.0778947368421052,0.6254548323666191,1.033466489362278,1.6517058594790501,0.3454786681912414,0.9712031558487875,1.3834309529874464,2.1893201130097344,0.02537843198912785,0.026859665022832643,0.45310267245959646,4696766.6522820825,12.027501164952625
Bldg_031_7St,Loma_Prieta_1989_Corralitos_scaled_0.39g,7.0,856890.734760222,22.75669864505952,1.4911929430096265,0.5226822901820123,0.3255666176728036,0.3505128512257438,0.8443472679464323,850.595879853297,122412.96210860314,46041581.58392334,53788220.09784441,0.7119578041500756,0.04318599737886953,0.3864,0.4116620618934086,0.2396404007189732,2.4907155508996683,11.41,0.6811214742642783,1.0778947368421052,0.37527289941999625,0.6200798936173687,0.9910235156874373,0.2072872009147584,0.9712031558488515,1.3834309529874464,2.1893201130097344,0.015227059193477712,0.016115799013698806,0.2718616034757618,2818059.991369113,7.216500698970339
Bldg_031_7St,Loma_Prieta_1989_Corralitos_scaled_0.90g,7.0,856890.734760222,22.75669864505952,1.4911929430096265,0.5226822901820123,0.3255666176728036,0.3505128512257438,0.8443472679464323,850.595879853297,122412.96210860314,46041581.58392334,53788220.09784441,0.7119578041500756,0.04318599737886953,0.9015999999999998,0.9605448110846201,0.5591609350109363,13.560562443787077,11.41,0.6811214742642782,1.0778947368421052,0.8756367653132684,1.4468530851071821,2.3123882032706686,0.4836701354677386,0.9712031558487895,1.3834309529874464,2.1893201130097344,0.03552980478477905,0.037603531031966175,0.6343437414434586,6575473.313194999,16.83850163093361
Bldg_031_7St,San_Fernando_1971_Pacoima,7.0,856890.734760222,22.75669864505952,1.4911929430096265,0.5226822901820123,0.3255666176728036,0.3505128512257438,0.8443472679464323,850.595879853297,122412.96210860314,46041581.58392334,53788220.09784441,0.7119578041500756,0.04318599737886953,1.17,1.0361741213226916,0.47368625496262196,19.729249200797177,9.42,0.461649004640927,0.28054794520547943,0.5126212322034358,2.740439757525276,3.0739682564279858,0.28308275611881684,0.4381378053020819,5.315287345688611,3.230144391125643,0.02080010003029618,0.031466298811020914,0.3744533168232967,5502297.322052021,21.032068334847725
Bldg_031_7St,San_Fernando_1971_Pacoima_scaled_0.70g,7.0,856890.734760222,22.75669864505952,1.4911929430096265,0.5226822901820123,0.3255666176728036,0.3505128512257438,0.8443472679464323,850.595879853297,122412.96210860314,46041581.58392334,53788220.09784441,0.7119578041500756,0.04318599737886953,0.7020000000000001,0.621704472793615,0.284211752977573,7.102529712286988,9.42,0.46164900464092706,0.28054794520547943,0.30757273932206064,1.6442638545151782,1.8443809538567935,0.16984965367128962,0.43813780530208063,5.315287345688611,3.230144391125643,0.012480060018177676,0.018879779286612455,0.22467199009397185,3301378.3932311963,12.619241000907504
Bldg_031_7St,San_Fernando_1971_Pacoima_scaled_1.20g,7.0,856890.734760222,22.75669864505952,1.4911929430096265,0.5226822901820123,0.3255666176728036,0.3505128512257438,0.8443472679464323,850.595879853297,122412.96210860314,46041581.58392334,53788220.09784441,0.7119578041500756,0.04318599737886953,1.2,1.062742688536094,0.48583205637192123,20.75397680557232,9.42,0.461649004640927,0.28054794520547943,0.5257653663624923,2.8107074436156685,3.1527879553107554,0.29034128832698824,0.4381378053020769,5.315287345688611,3.230144391125643,0.021333435928508664,0.032273126985661045,0.38405468392133507,5643381.868771053,21.5713521383016
Bldg_031_7St,Imperial_Valley_1979_Array6,7.0,856890.734760222,22.75669864505952,1.4911929430096265,0.5226822901820123,0.3255666176728036,0.3505128512257438,0.8443472679464323,850.595879853297,122412.96210860314,46041581.58392334,53788220.09784441,0.7119578041500756,0.04318599737886953,0.439,0.4470557915681539,0.20993321390578878,3.03447831967358,11.25,0.4646807553227397,0.8192,0.25586683235150426,0.842892054468827,1.0027964569740069,0.14136921714308462,0.5828401648098047,1.820303885509798,3.209069723522189,0.01038204306222383,0.011018581644372747,0.19063586489661827,1883120.7393724604,6.560676246362903
Bldg_031_7St,Imperial_Valley_1979_Array6_scaled_0.26g,7.0,856890.734760222,22.75669864505952,1.4911929430096265,0.5226822901820123,0.3255666176728036,0.3505128512257438,0.8443472679464323,850.595879853297,122412.96210860314,46041581.58392334,53788220.09784441,0.7119578041500756,0.04318599737886953,0.26339999999999997,0.26823347494089234,0.1259599283434734,1.0924121950824885,11.25,0.4646807553227397,0.8192,0.153520099410924,0.5057352326812825,0.6016778741844003,0.08482153028586253,0.5828401648098862,1.820303885509798,3.209069723522189,0.006229225837335169,0.006611148986623407,0.11438151893797031,1129872.44362347,3.9364057478176653
Bldg_031_7St,Imperial_Valley_1979_Array6_scaled_0.61g,7.0,856890.734760222,22.75669864505952,1.4911929430096265,0.5226822901820123,0.3255666176728036,0.3505128512257438,0.8443472679464323,850.595879853297,122412.96210860314,46041581.58392334,53788220.09784441,0.7119578041500756,0.04318599737886953,0.6145999999999999,0.6258781081954151,0.2939064994681046,5.947577506560213,11.25,0.46468075532273967,0.8192,0.35821356529212284,1.1800488762563417,1.4039150397636042,0.19791690400032774,0.5828401648098323,1.820303885509798,3.2090697235221897,0.014534860287114048,0.015426014302122364,0.2668902108552747,2636369.035121523,9.184946744910208
Bldg_031_7St,Friuli_1976_Tolmezzo,7.0,856890.734760222,22.75669864505952,1.4911929430096265,0.5226822901820123,0.3255666176728036,0.3505128512257438,0.8443472679464323,850.595879853297,122412.96210860314,46041581.58392334,53788220.09784441,0.7119578041500756,0.04318599737886953,0.352,0.21352777719546898,0.102872191600987,1.308741949374992,10.049999999999999,0.4278323224718693,0.3250793650793651,0.2009687342794383,0.5302709230904049,0.8211138372428767,0.11102585900473803,0.5709339042029498,4.587165791484691,3.4854611600966052,0.008154499878997233,0.00888333891107488,0.14128258925651177,1553368.9613399424,4.118175746440629
Bldg_031_7St,Friuli_1976_Tolmezzo_scaled_0.21g,7.0,856890.734760222,22.75669864505952,1.4911929430096265,0.5226822901820123,0.3255666176728036,0.3505128512257438,0.8443472679464323,850.595879853297,122412.96210860314,46041581.58392334,53788220.09784441,0.7119578041500756,0.04318599737886953,0.2112,0.12811666631728136,0.0617233149605922,0.471147101774997,10.049999999999999,0.42783232247186925,0.3250793650793651,0.12058124056766488,0.3181625538542388,0.4926683023457235,0.0666155154028439,0.5709339042029588,4.587165791484691,3.4854611600966057,0.004892699927398417,0.005330003346644944,0.08476955355390785,932021.3768039683,2.4709054478640833
Bldg_031_7St,Friuli_1976_Tolmezzo_scaled_0.49g,7.0,856890.734760222,22.75669864505952,1.4911929430096265,0.5226822901820123,0.3255666176728036,0.3505128512257438,0.8443472679464323,850.595879853297,122412.96210860314,46041581.58392334,53788220.09784441,0.7119578041500756,0.04318599737886953,0.4927999999999999,0.2989388880736565,0.14402106824138175,2.5651342207749837,10.049999999999999,0.42783232247186936,0.3250793650793651,0.281356227991186,0.7423792923265488,1.149559372140034,0.1554362026066181,0.5709339042028937,4.587165791484691,3.485461160096605,0.011416299830595006,0.012436674475504617,0.1977956249591139,2174716.545875882,5.765446045016342
Bldg_032_3St,El_Centro_1940_NS,3.0,889774.2410912409,11.958446292640017,0.3812673573069689,0.14020888130339432,0.10215875831193638,0.3677442577139072,0.9141135992098178,901.8618153620312,296591.4136970803,373326647.5121846,395291334.35178196,0.8888683614801923,0.03380330511289547,0.348,0.546705574584446,0.18644040753129837,3.1070282308161543,13.060000000000002,0.534173757427226,0.7447272727272727,0.7844105832085964,0.8003019642433353,0.8319371983180817,0.028288598955632946,2.254053400024702,0.5119556799776195,0.7137515686717566,0.003970757111798891,0.003594787625847393,0.03297060134748622,5664271.1439884,9.426734800388182
Bldg_032_3St,El_Centro_1940_NS_scaled_0.21g,3.0,889774.2410912409,11.958446292640017,0.3812673573069689,0.14020888130339432,0.10215875831193638,0.3677442577139072,0.9141135992098178,901.8618153620312,296591.4136970803,373326647.5121846,395291334.35178196,0.8888683614801923,0.03380330511289547,0.2088,0.3280233447506678,0.11186424451877919,1.1185301630938156,13.060000000000002,0.5341737574272261,0.7447272727272727,0.4706463499251517,0.48018117854600123,0.4991623189908485,0.01697315937337954,2.254053400024673,0.5119556799776195,0.7137515686717565,0.0023824542670793035,0.0021568725755084423,0.019782360808491845,3398562.68639305,5.656040880232861
Bldg_032_3St,El_Centro_1940_NS_scaled_0.49g,3.0,889774.2410912409,11.958446292640017,0.3812673573069689,0.14020888130339432,0.10215875831193638,0.3677442577139072,0.9141135992098178,901.8618153620312,296591.4136970803,373326647.5121846,395291334.35178196,0.8888683614801923,0.03380330511289547,0.4871999999999999,0.7653878044182246,0.26101657054381694,6.089775332399659,13.060000000000002,0.5341737574272261,0.7447272727272727,1.0981748164920258,1.1204227499406711,1.164712077645315,0.03960403853788579,2.254053400024684,0.5119556799776195,0.7137515686717565,0.005559059956518401,0.005032702676186468,0.04615884188648075,7929979.601583946,13.197428720543133
Bldg_032_3St,Northridge_1994_Sylmar,3.0,889774.2410912409,11.958446292640017,0.3812673573069689,0.14020888130339432,0.10215875831193638,0.3677442577139072,0.9141135992098178,901.8618153620312,296591.4136970803,373326647.5121846,395291334.35178196,0.8888683614801923,0.03380330511289547,0.843,0.8309546252613713,0.3287478434080909,9.138133288190668,9.37,0.4931760280806555,0.8192,2.557612354454095,1.9108525968244114,1.5332668759058354,0.09203687743550784,3.0339411084864714,0.46541425452510854,0.773085745450335,0.012946864388458455,0.01339656999840331,0.11753289303379955,21108842.23723484,31.191696247680287
Bldg_032_3St,Northridge_1994_Sylmar_scaled_0.51g,3.0,889774.2410912409,11.958446292640017,0.3812673573069689,0.14020888130339432,0.10215875831193638,0.3677442577139072,0.9141135992098178,901.8618153620312,296591.4136970803,373326647.5121846,395291334.35178196,0.8888683614801923,0.03380330511289547,0.5057999999999999,0.498572775156823,0.1972487060448539,3.289727983748639,9.37,0.49317602808065547,0.8192,1.5345674126724944,1.1465115580946448,0.9199601255435023,0.05522212646130597,3.0339411084865455,0.46541425452510854,0.773085745450335,0.007768118633075262,0.008037941999041957,0.07051973582027897,12665305.342340855,18.71501774860833
Bldg_032_3St,Northridge_1994_Sylmar_scaled_1.18g,3.0,889774.2410912409,11.958446292640017,0.3812673573069689,0.14020888130339432,0.10215875831193638,0.3677442577139072,0.9141135992098178,901.8618153620312,296591.4136970803,373326647.5121846,395291334.35178196,0.8888683614801923,0.03380330511289547,1.1802,1.163336475365919,0.4602469807713281,17.910741244853703,9.37,0.4931760280806554,0.8192,3.5806572962357803,2.675193635554171,2.1465736262681703,0.1288516284097126,3.0339411084865113,0.46541425452510854,0.7730857454503351,0.018125610143842077,0.01875519799776471,0.1645460502473181,29552379.132128887,43.66837474675314
Bldg_032_3St,Loma_Prieta_1989_Corralitos,3.0,889774.2410912409,11.958446292640017,0.3812673573069689,0.14020888130339432,0.10215875831193638,0.3677442577139072,0.9141135992098178,901.8618153620312,296591.4136970803,373326647.5121846,395291334.35178196,0.8888683614801923,0.03380330511289547,0.644,0.6861034364890142,0.3994006678649551,6.918654308054634,11.41,0.6811214742642783,1.0778947368421052,1.8394442977310064,1.0876294226625844,1.3807425421551047,0.06640157647497962,2.8562799654208173,0.3537148334390825,0.559764112148717,0.009311432919602743,0.008688085854888158,0.08062123201711474,13689730.556123244,23.556081711252492
Bldg_032_3St,Loma_Prieta_1989_Corralitos_scaled_0.39g,3.0,889774.2410912409,11.958446292640017,0.3812673573069689,0.14020888130339432,0.10215875831193638,0.3677442577139072,0.9141135992098178,901.8618153620312,296591.4136970803,373326647.5121846,395291334.35178196,0.8888683614801923,0.03380330511289547,0.3864,0.4116620618934086,0.2396404007189732,2.4907155508996683,11.41,0.6811214742642783,1.0778947368421052,1.1036665786386153,0.6525776535975523,0.8284455252930628,0.03984094588498816,2.856279965420847,0.3537148334390825,0.559764112148717,0.005586859751761704,0.005212851512932836,0.048372739210268655,8213838.333673853,14.133649026751929
Bldg_032_3St,Loma_Prieta_1989_Corralitos_scaled_0.90g,3.0,889774.2410912409,11.958446292640017,0.3812673573069689,0.14020888130339432,0.10215875831193638,0.3677442577139072,0.9141135992098178,901.8618153620312,296591.4136970803,373326647.5121846,395291334.35178196,0.8888683614801923,0.03380330511289547,0.9015999999999998,0.9605448110846201,0.5591609350109363,13.560562443787077,11.41,0.6811214742642782,1.0778947368421052,2.575222016823441,1.5226811917276148,1.9330395590171483,0.09296220706497259,2.8562799654208533,0.3537148334390825,0.5597641121487171,0.013036006087444003,0.012163320196843352,0.11286972482395981,19165622.778572433,32.978514395754424
Bldg_032_3St,San_Fernando_1971_Pacoima,3.0,889774.2410912409,11.958446292640017,0.3812673573069689,0.14020888130339432,0.10215875831193638,0.3677442577139072,0.9141135992098178,901.8618153620312,296591.4136970803,373326647.5121846,395291334.35178196,0.8888683614801923,0.03380330511289547,1.17,1.0361741213226916,0.47368625496262196,19.729249200797177,9.42,0.461649004640927,0.28054794520547943,2.6067651742394844,2.9554973218880383,2.754701833744091,0.0937508669365186,2.2280044224269098,1.359009623213317,0.8258814672491727,0.01319568039490428,0.013016760520804168,0.10912633641779808,20510380.217195198,32.04632442694794
Bldg_032_3St,San_Fernando_1971_Pacoima_scaled_0.70g,3.0,889774.2410912409,11.958446292640017,0.3812673573069689,0.14020888130339432,0.10215875831193638,0.3677442577139072,0.9141135992098178,901.8618153620312,296591.4136970803,373326647.5121846,395291334.35178196,0.8888683614801923,0.03380330511289547,0.7020000000000001,0.621704472793615,0.284211752977573,7.102529712286988,9.42,0.46164900464092706,0.28054794520547943,1.5640591045437076,1.7732983931328241,1.6528211002464526,0.056250520161911746,2.2280044224269338,1.359009623213317,0.8258814672491726,0.007917408236942654,0.007810056312482531,0.06547580185067896,12306228.130317166,19.22779465616828
Bldg_032_3St,San_Fernando_1971_Pacoima_scaled_1.20g,3.0,889774.2410912409,11.958446292640017,0.3812673573069689,0.14020888130339432,0.10215875831193638,0.3677442577139072,0.9141135992098178,901.8618153620312,296591.4136970803,373326647.5121846,395291334.35178196,0.8888683614801923,0.03380330511289547,1.2,1.062742688536094,0.48583205637192123,20.75397680557232,9.42,0.461649004640927,0.28054794520547943,2.67360530691228,3.0312793045005484,2.825335214096502,0.09615473531950584,2.2280044224269,1.359009623213317,0.8258814672491727,0.013534031174260743,0.013350523611081135,0.11192444760799695,21036287.402251385,32.86802505327896
Bldg_032_3St,Imperial_Valley_1979_Array6,3.0,889774.2410912409,11.958446292640017,0.3812673573069689,0.14020888130339432,0.10215875831193638,0.3677442577139072,0.9141135992098178,901.8618153620312,296591.4136970803,373326647.5121846,395291334.35178196,0.8888683614801923,0.03380330511289547,0.439,0.4470557915681539,0.20993321390578878,3.03447831967358,11.25,0.4646807553227397,0.8192,1.16446949770122,0.9383317034065073,0.9178577703576477,0.04186019054279035,2.6525501086588155,0.46541425452510854,0.8204931083108084,0.00589464961137629,0.005659836275995734,0.051004300203721674,8918147.783560432,14.605369386034722
Bldg_032_3St,Imperial_Valley_1979_Array6_scaled_0.26g,3.0,889774.2410912409,11.958446292640017,0.3812673573069689,0.14020888130339432,0.10215875831193638,0.3677442577139072,0.9141135992098178,901.8618153620312,296591.4136970803,373326647.5121846,395291334.35178196,0.8888683614801923,0.03380330511289547,0.26339999999999997,0.26823347494089234,0.1259599283434734,1.0924121950824885,11.25,0.4646807553227397,0.8192,0.6986816986207292,0.5629990220439028,0.5507146622145883,0.025116114325674108,2.652550108658805,0.46541425452510854,0.8204931083108084,0.00353678976682576,0.0033959017655974437,0.030602580122233068,5350888.670136265,8.763221631621441
Bldg_032_3St,Imperial_Valley_1979_Array6_scaled_0.61g,3.0,889774.2410912409,11.958446292640017,0.3812673573069689,0.14020888130339432,0.10215875831193638,0.3677442577139072,0.9141135992098178,901.8618153620312,296591.4136970803,373326647.5121846,395291334.35178196,0.8888683614801923,0.03380330511289547,0.6145999999999999,0.6258781081954151,0.2939064994681046,5.947577506560213,11.25,0.46468075532273967,0.8192,1.630257296781711,1.3136643847691074,1.285000878500704,0.058604266759906605,2.652550108658821,0.46541425452510854,0.8204931083108085,0.008252509455926822,0.007923770786393978,0.07140602028521086,12485406.896984529,20.44751714044926
Bldg_032_3St,Friuli_1976_Tolmezzo,3.0,889774.2410912409,11.958446292640017,0.3812673573069689,0.14020888130339432,0.10215875831193638,0.3677442577139072,0.9141135992098178,901.8618153620312,296591.4136970803,373326647.5121846,395291334.35178196,0.8888683614801923,0.03380330511289547,0.352,0.21352777719546898,0.102872191600987,1.308741949374992,10.049999999999999,0.4278323224718693,0.3250793650793651,0.8085066228582555,0.6363167929294586,0.8131323605118262,0.029196979850208558,2.296893814938226,1.1728439214032735,0.8911607124588813,0.004092733437530881,0.0034770274172349195,0.0315760301414107,5478717.553351331,9.423980270481389
Bldg_032_3St,Friuli_1976_Tolmezzo_scaled_0.21g,3.0,889774.2410912409,11.958446292640017,0.3812673573069689,0.14020888130339432,0.10215875831193638,0.3677442577139072,0.9141135992098178,901.8618153620312,296591.4136970803,373326647.5121846,395291334.35178196,0.8888683614801923,0.03380330511289547,0.2112,0.12811666631728136,0.0617233149605922,0.471147101774997,10.049999999999999,0.42783232247186925,0.3250793650793651,0.48510397371495323,0.38179007575767465,0.48787941630709575,0.01751818791012514,2.2968938149382256,1.1728439214032735,0.8911607124588815,0.0024556400625185284,0.0020862164503409678,0.018945618084846953,3287230.532010824,5.654388162289103
Bldg_032_3St,Friuli_1976_Tolmezzo_scaled_0.49g,3.0,889774.2410912409,11.958446292640017,0.3812673573069689,0.14020888130339432,0.10215875831193638,0.3677442577139072,0.9141135992098178,901.8618153620312,296591.4136970803,373326647.5121846,395291334.35178196,0.8888683614801923,0.03380330511289547,0.4927999999999999,0.2989388880736565,0.14402106824138175,2.5651342207749837,10.049999999999999,0.42783232247186936,0.3250793650793651,1.131909272001555,0.8908435101012422,1.1383853047165577,0.040875771790291913,2.2968938149382208,1.1728439214032735,0.8911607124588812,0.00572982681254322,0.0048678383841288895,0.044206442197975794,7670204.5746918665,13.193572378674448
Bldg_033_6St,El_Centro_1940_NS,6.0,470835.12233445,22.287920016752828,0.9424337011627946,0.3261489219395039,0.2033903163261337,0.34607094540135236,0.865772791165726,638.4639676930507,78472.520389075,56818952.49859368,61590430.563559696,0.8450578110493322,0.04751138868384332,0.348,0.546705574584446,0.18644040753129837,3.1070282308161543,13.060000000000002,0.534173757427226,0.7447272727272727,0.34604045008591283,0.9331659260446117,0.9856209989986312,0.07633641261749317,0.9943691094422783,1.2654749405262136,1.764283040975087,0.005103299041051341,0.006666594548620494,0.09358502148498171,1581668.4773041424,7.930468260774431
Bldg_033_6St,El_Centro_1940_NS_scaled_0.21g,6.0,470835.12233445,22.287920016752828,0.9424337011627946,0.3261489219395039,0.2033903163261337,0.34607094540135236,0.865772791165726,638.4639676930507,78472.520389075,56818952.49859368,61590430.563559696,0.8450578110493322,0.04751138868384332,0.2088,0.3280233447506678,0.11186424451877919,1.1185301630938156,13.060000000000002,0.5341737574272261,0.7447272727272727,0.2076242700515484,0.5598995556267671,0.5913725993991772,0.045801847570496046,0.9943691094422815,1.2654749405262136,1.7642830409750865,0.0030619794246308147,0.00399995672917217,0.056151012890985445,949001.0863824523,4.758280956463759
Bldg_033_6St,El_Centro_1940_NS_scaled_0.49g,6.0,470835.12233445,22.287920016752828,0.9424337011627946,0.3261489219395039,0.2033903163261337,0.34607094540135236,0.865772791165726,638.4639676930507,78472.520389075,56818952.49859368,61590430.563559696,0.8450578110493322,0.04751138868384332,0.4871999999999999,0.7653878044182246,0.26101657054381694,6.089775332399659,13.060000000000002,0.5341737574272261,0.7447272727272727,0.48445663012028395,1.306432296462466,1.3798693985980808,0.10687097766449179,0.9943691094422907,1.2654749405262136,1.7642830409750865,0.007144618657471966,0.009333232368068519,0.13101903007897012,2214335.8682257175,11.102655565083936
Bldg_033_6St,Northridge_1994_Sylmar,6.0,470835.12233445,22.287920016752828,0.9424337011627946,0.3261489219395039,0.2033903163261337,0.34607094540135236,0.865772791165726,638.4639676930507,78472.520389075,56818952.49859368,61590430.563559696,0.8450578110493322,0.04751138868384332,0.843,0.8309546252613713,0.3287478434080909,9.138133288190668,9.37,0.4931760280806555,0.8192,1.2036016198725847,1.8146916641716915,1.627167121721305,0.2655028651430113,1.4277599286744778,1.1504317641147395,1.9109479121087087,0.017750349680156232,0.02069308884259893,0.3475895238253837,4583146.8151340615,21.381181618997477
Bldg_033_6St,Northridge_1994_Sylmar_scaled_0.51g,6.0,470835.12233445,22.287920016752828,0.9424337011627946,0.3261489219395039,0.2033903163261337,0.34607094540135236,0.865772791165726,638.4639676930507,78472.520389075,56818952.49859368,61590430.563559696,0.8450578110493322,0.04751138868384332,0.5057999999999999,0.498572775156823,0.1972487060448539,3.289727983748639,9.37,0.49317602808065547,0.8192,0.7221609719235151,1.0888149985030118,0.97630027303278,0.1593017190857989,1.4277599286744074,1.1504317641147395,1.910947912108709,0.010650209808093215,0.012415853305559077,0.20855371429522512,2749888.089080354,12.828708971397628
Bldg_033_6St,Northridge_1994_Sylmar_scaled_1.18g,6.0,470835.12233445,22.287920016752828,0.9424337011627946,0.3261489219395039,0.2033903163261337,0.34607094540135236,0.865772791165726,638.4639676930507,78472.520389075,56818952.49859368,61590430.563559696,0.8450578110493322,0.04751138868384332,1.1802,1.163336475365919,0.4602469807713281,17.910741244853703,9.37,0.4931760280806554,0.8192,1.6850422678215613,2.5405683298403683,2.2780339704098216,0.37170401120020313,1.4277599286744294,1.1504317641147395,1.9109479121087092,0.024850489552217886,0.028970324379637712,0.48662533335552405,6416405.541187604,29.933654266597003
Bldg_033_6St,Loma_Prieta_1989_Corralitos,6.0,470835.12233445,22.287920016752828,0.9424337011627946,0.3261489219395039,0.2033903163261337,0.34607094540135236,0.865772791165726,638.4639676930507,78472.520389075,56818952.49859368,61590430.563559696,0.8450578110493322,0.04751138868384332,0.644,0.6861034364890142,0.3994006678649551,6.918654308054634,11.41,0.6811214742642783,1.0778947368421052,0.8700905256757833,1.6035096353917426,1.3830669934384971,0.19193746738068238,1.3510722448381727,0.874328140727202,1.3836499607955774,0.012831829759228043,0.01601150749389743,0.24497346604779105,3878022.719578894,12.860541179027699
Bldg_033_6St,Loma_Prieta_1989_Corralitos_scaled_0.39g,6.0,470835.12233445,22.287920016752828,0.9424337011627946,0.3261489219395039,0.2033903163261337,0.34607094540135236,0.865772791165726,638.4639676930507,78472.520389075,56818952.49859368,61590430.563559696,0.8450578110493322,0.04751138868384332,0.3864,0.4116620618934086,0.2396404007189732,2.4907155508996683,11.41,0.6811214742642783,1.0778947368421052,0.5220543154054718,0.9621057812350403,0.8298401960631036,0.11516248042840982,1.3510722448381773,0.874328140727202,1.3836499607955774,0.0076990978555368525,0.009606904496338399,0.14698407962866925,2326813.631747318,7.7163247074164145
Bldg_033_6St,Loma_Prieta_1989_Corralitos_scaled_0.90g,6.0,470835.12233445,22.287920016752828,0.9424337011627946,0.3261489219395039,0.2033903163261337,0.34607094540135236,0.865772791165726,638.4639676930507,78472.520389075,56818952.49859368,61590430.563559696,0.8450578110493322,0.04751138868384332,0.9015999999999998,0.9605448110846201,0.5591609350109363,13.560562443787077,11.41,0.6811214742642782,1.0778947368421052,1.2181267359460521,2.244913489548444,1.9362937908138953,0.26871245433294544,1.3510722448381238,0.874328140727202,1.3836499607955777,0.017964561662918602,0.02241611049145603,0.34296285246689645,5429231.807410395,18.004757650635913
Bldg_033_6St,San_Fernando_1971_Pacoima,6.0,470835.12233445,22.287920016752828,0.9424337011627946,0.3261489219395039,0.2033903163261337,0.34607094540135236,0.865772791165726,638.4639676930507,78472.520389075,56818952.49859368,61590430.563559696,0.8450578110493322,0.04751138868384332,1.17,1.0361741213226916,0.47368625496262196,19.729249200797177,9.42,0.461649004640927,0.28054794520547943,1.1144208086530696,2.959248346802953,3.2831901598812836,0.24590335577424394,0.9524964176521963,3.3592607512150394,2.041450737873516,0.016435138269860882,0.019383529104056836,0.32079024518062077,4761038.672654998,25.341157375596303
Bldg_033_6St,San_Fernando_1971_Pacoima_scaled_0.70g,6.0,470835.12233445,22.287920016752828,0.9424337011627946,0.3261489219395039,0.2033903163261337,0.34607094540135236,0.865772791165726,638.4639676930507,78472.520389075,56818952.49859368,61590430.563559696,0.8450578110493322,0.04751138868384332,0.7020000000000001,0.621704472793615,0.284211752977573,7.102529712286988,9.42,0.46164900464092706,0.28054794520547943,0.6686524851918381,1.7755490080817733,1.9699140959287729,0.14754201346454554,0.9524964176521908,3.3592607512150394,2.0414507378735154,0.009861082961916475,0.01163011746243397,0.19247414710837446,2856623.203593025,15.204694425358188
Bldg_033_6St,San_Fernando_1971_Pacoima_scaled_1.20g,6.0,470835.12233445,22.287920016752828,0.9424337011627946,0.3261489219395039,0.2033903163261337,0.34607094540135236,0.865772791165726,638.4639676930507,78472.520389075,56818952.49859368,61590430.563559696,0.8450578110493322,0.04751138868384332,1.2,1.062742688536094,0.48583205637192123,20.75397680557232,9.42,0.461649004640927,0.28054794520547943,1.1429957011825969,3.035126509541478,3.367374522955166,0.252208570024857,0.9524964176521641,3.3592607512150394,2.041450737873516,0.016856552071651616,0.019880542670826905,0.32901563608268886,4883116.587338456,25.990930641639174
Bldg_033_6St,Imperial_Valley_1979_Array6,6.0,470835.12233445,22.287920016752828,0.9424337011627946,0.3261489219395039,0.2033903163261337,0.34607094540135236,0.865772791165726,638.4639676930507,78472.520389075,56818952.49859368,61590430.563559696,0.8450578110493322,0.04751138868384332,0.439,0.4470557915681539,0.20993321390578878,3.03447831967358,11.25,0.4646807553227397,0.8192,0.3603739026958813,0.9668997431218015,0.9054924034634118,0.07950684844401096,0.8208972726557661,1.1504317641147395,2.028131551323308,0.005314684429497247,0.005992748557050759,0.10751760964031537,1289103.2962211494,7.336744128678825
Bldg_033_6St,Imperial_Valley_1979_Array6_scaled_0.26g,6.0,470835.12233445,22.287920016752828,0.9424337011627946,0.3261489219395039,0.2033903163261337,0.34607094540135236,0.865772791165726,638.4639676930507,78472.520389075,56818952.49859368,61590430.563559696,0.8450578110493322,0.04751138868384332,0.26339999999999997,0.26823347494089234,0.1259599283434734,1.0924121950824885,11.25,0.4646807553227397,0.8192,0.21622434161753926,0.5801398458730768,0.543295442078046,0.047704109066408894,0.8208972726558059,1.1504317641147395,2.028131551323308,0.0031888106576985027,0.0035956491342305466,0.06451056578419266,773461.9777326698,4.402046477207648
Bldg_033_6St,Imperial_Valley_1979_Array6_scaled_0.61g,6.0,470835.12233445,22.287920016752828,0.9424337011627946,0.3261489219395039,0.2033903163261337,0.34607094540135236,0.865772791165726,638.4639676930507,78472.520389075,56818952.49859368,61590430.563559696,0.8450578110493322,0.04751138868384332,0.6145999999999999,0.6258781081954151,0.2939064994681046,5.947577506560213,11.25,0.46468075532273967,0.8192,0.5045234637742312,1.3536596403705068,1.2676893648487746,0.11130958782161476,0.8208972726557618,1.1504317641147395,2.028131551323308,0.007440558201296108,0.008389847979871013,0.1505246534964429,1804744.6147095952,10.271441780150573
Bldg_033_6St,Friuli_1976_Tolmezzo,6.0,470835.12233445,22.287920016752828,0.9424337011627946,0.3261489219395039,0.2033903163261337,0.34607094540135236,0.865772791165726,638.4639676930507,78472.520389075,56818952.49859368,61590430.563559696,0.8450578110493322,0.04751138868384332,0.352,0.21352777719546898,0.102872191600987,1.308741949374992,10.049999999999999,0.4278323224718693,0.3250793650793651,0.25419805996903805,0.7834254186665016,0.6563984558214795,0.05606018661117169,0.7221535794574945,2.8990880455691435,2.202810894973372,0.0037488354767629913,0.004996148669814133,0.08082254933212243,1088909.3888559374,6.919894230045433
Bldg_033_6St,Friuli_1976_Tolmezzo_scaled_0.21g,6.0,470835.12233445,22.287920016752828,0.9424337011627946,0.3261489219395039,0.2033903163261337,0.34607094540135236,0.865772791165726,638.4639676930507,78472.520389075,56818952.49859368,61590430.563559696,0.8450578110493322,0.04751138868384332,0.2112,0.12811666631728136,0.0617233149605922,0.471147101774997,10.049999999999999,0.42783232247186925,0.3250793650793651,0.1525188359814236,0.47005525119989944,0.3938390734928886,0.03363611196670318,0.7221535794574981,2.8990880455691435,2.202810894973372,0.0022493012860578063,0.002997689201888338,0.048493529599272764,653345.6333135618,4.151936538027027
Bldg_033_6St,Friuli_1976_Tolmezzo_scaled_0.49g,6.0,470835.12233445,22.287920016752828,0.9424337011627946,0.3261489219395039,0.2033903163261337,0.34607094540135236,0.865772791165726,638.4639676930507,78472.520389075,56818952.49859368,61590430.563559696,0.8450578110493322,0.04751138868384332,0.4927999999999999,0.2989388880736565,0.14402106824138175,2.5651342207749837,10.049999999999999,0.42783232247186936,0.3250793650793651,0.35587728395664775,1.0967955861331047,0.9189578381500705,0.07848426125563915,0.7221535794574834,2.8990880455691435,2.2028108949733713,0.005248369667468106,0.006994608137739572,0.11315156906497265,1524473.1443983212,9.68785192206351
Bldg_034_4St,El_Centro_1940_NS,4.0,666777.4275900043,12.29923854005396,0.7869876091101675,0.2751374623816294,0.18176931440458607,0.3496083790858185,0.901114411902358,775.1404708390176,166694.35689750107,83823096.24972795,83823096.24972795,1.0,0.025909563676249067,0.348,0.546705574584446,0.18644040753129837,3.1070282308161543,13.060000000000002,0.534173757427226,0.7447272727272727,0.8396708663919148,1.383736887839065,1.3678636113245919,0.12840066563844535,2.412847317218146,1.056746057154766,1.4732801792820833,0.019195907715118265,0.0205371773665712,0.16440732320873458,5293253.408538063,12.53103002152293
Bldg_034_4St,El_Centro_1940_NS_scaled_0.21g,4.0,666777.4275900043,12.29923854005396,0.7869876091101675,0.2751374623816294,0.18176931440458607,0.3496083790858185,0.901114411902358,775.1404708390176,166694.35689750107,83823096.24972795,83823096.24972795,1.0,0.025909563676249067,0.2088,0.3280233447506678,0.11186424451877919,1.1185301630938156,13.060000000000002,0.5341737574272261,0.7447272727272727,0.5038025198351499,0.8302421327034418,0.8207181667947554,0.0770403993830673,2.4128473172181506,1.056746057154766,1.4732801792820829,0.011517544629070982,0.012322306419942562,0.09864439392523935,3175952.045122797,7.518618012914379
Bldg_034_4St,El_Centro_1940_NS_scaled_0.49g,4.0,666777.4275900043,12.29923854005396,0.7869876091101675,0.2751374623816294,0.18176931440458607,0.3496083790858185,0.901114411902358,775.1404708390176,166694.35689750107,83823096.24972795,83823096.24972795,1.0,0.025909563676249067,0.4871999999999999,0.7653878044182246,0.26101657054381694,6.089775332399659,13.060000000000002,0.5341737574272261,0.7447272727272727,1.175539212948668,1.9372316429746892,1.9150090558544224,0.17976093189382136,2.41284731721812,1.056746057154766,1.4732801792820829,0.02687427080116528,0.028752048313198022,0.23017025249221643,7410554.771952861,17.54344203013437
Bldg_034_4St,Northridge_1994_Sylmar,4.0,666777.4275900043,12.29923854005396,0.7869876091101675,0.2751374623816294,0.18176931440458607,0.3496083790858185,0.901114411902358,775.1404708390176,166694.35689750107,83823096.24972795,83823096.24972795,1.0,0.025909563676249067,0.843,0.8309546252613713,0.3287478434080909,9.138133288190668,9.37,0.4931760280806555,0.8192,1.707648747506623,2.7689700386339307,2.4539723433260368,0.2627359566986441,2.025680602024464,0.96067823377706,1.595753978904792,0.0390389485678243,0.03710080322594937,0.34756597470524586,9562363.397363205,28.493768472987824
Bldg_034_4St,Northridge_1994_Sylmar_scaled_0.51g,4.0,666777.4275900043,12.29923854005396,0.7869876091101675,0.2751374623816294,0.18176931440458607,0.3496083790858185,0.901114411902358,775.1404708390176,166694.35689750107,83823096.24972795,83823096.24972795,1.0,0.025909563676249067,0.5057999999999999,0.498572775156823,0.1972487060448539,3.289727983748639,9.37,0.49317602808065547,0.8192,1.024589248503956,1.6613820231803411,1.4723834059956247,0.15764157401918363,2.025680602024429,0.96067823377706,1.5957539789047923,0.02342336914069417,0.02226048193557054,0.20853958482315182,5737418.038418158,17.096261083792147
Bldg_034_4St,Northridge_1994_Sylmar_scaled_1.18g,4.0,666777.4275900043,12.29923854005396,0.7869876091101675,0.2751374623816294,0.18176931440458607,0.3496083790858185,0.901114411902358,775.1404708390176,166694.35689750107,83823096.24972795,83823096.24972795,1.0,0.025909563676249067,1.1802,1.163336475365919,0.4602469807713281,17.910741244853703,9.37,0.4931760280806554,0.8192,2.3907082465093517,3.8765580540874804,3.4355612806564535,0.36783033937811394,2.0256806020245315,0.96067823377706,1.5957539789047925,0.05465452799495583,0.051941124516328756,0.48659236458734556,13387308.756308392,39.891275862183804
Bldg_034_4St,Loma_Prieta_1989_Corralitos,4.0,666777.4275900043,12.29923854005396,0.7869876091101675,0.2751374623816294,0.18176931440458607,0.3496083790858185,0.901114411902358,775.1404708390176,166694.35689750107,83823096.24972795,83823096.24972795,1.0,0.025909563676249067,0.644,0.6861034364890142,0.3994006678649551,6.918654308054634,11.41,0.6811214742642783,1.0778947368421052,1.1198090090079411,2.444000220366648,1.65559771239088,0.17221035827775089,1.7388338649191633,0.7301154576705656,1.1554291544841422,0.025600209862993356,0.026573759098239436,0.21524100498472126,6849122.370310888,17.10655526490332
Bldg_034_4St,Loma_Prieta_1989_Corralitos_scaled_0.39g,4.0,666777.4275900043,12.29923854005396,0.7869876091101675,0.2751374623816294,0.18176931440458607,0.3496083790858185,0.901114411902358,775.1404708390176,166694.35689750107,83823096.24972795,83823096.24972795,1.0,0.025909563676249067,0.3864,0.4116620618934086,0.2396404007189732,2.4907155508996683,11.41,0.6811214742642783,1.0778947368421052,0.6718854054047574,1.4664001322199869,0.9933586274345264,0.10332621496664944,1.7388338649191444,0.7301154576705656,1.1554291544841422,0.015360125917795849,0.01594425545894322,0.12914460299083128,4109473.4221864194,10.263933158942649
Bldg_034_4St,Loma_Prieta_1989_Corralitos_scaled_0.90g,4.0,666777.4275900043,12.29923854005396,0.7869876091101675,0.2751374623816294,0.18176931440458607,0.3496083790858185,0.901114411902358,775.1404708390176,166694.35689750107,83823096.24972795,83823096.24972795,1.0,0.025909563676249067,0.9015999999999998,0.9605448110846201,0.5591609350109363,13.560562443787077,11.41,0.6811214742642782,1.0778947368421052,1.5677326126111157,3.4216003085133044,2.3178367973472414,0.24109450158885118,1.7388338649191615,0.7301154576705656,1.1554291544841424,0.03584029380819066,0.037203262737534507,0.30133740697861394,9588771.318435062,23.9491773708651
Bldg_034_4St,San_Fernando_1971_Pacoima,4.0,666777.4275900043,12.29923854005396,0.7869876091101675,0.2751374623816294,0.18176931440458607,0.3496083790858185,0.901114411902358,775.1404708390176,166694.35689750107,83823096.24972795,83823096.24972795,1.0,0.025909563676249067,1.17,1.0361741213226916,0.47368625496262196,19.729249200797177,9.42,0.461649004640927,0.28054794520547943,1.8987074143860032,5.719841831451099,2.8886354308630193,0.29226332445565584,1.6228268499025669,2.8051804426290152,1.7047315193981423,0.04340678444779192,0.05324522168659152,0.34726825624464114,13723426.844415,36.396310427553956
Bldg_034_4St,San_Fernando_1971_Pacoima_scaled_0.70g,4.0,666777.4275900043,12.29923854005396,0.7869876091101675,0.2751374623816294,0.18176931440458607,0.3496083790858185,0.901114411902358,775.1404708390176,166694.35689750107,83823096.24972795,83823096.24972795,1.0,0.025909563676249067,0.7020000000000001,0.621704472793615,0.284211752977573,7.102529712286988,9.42,0.46164900464092706,0.28054794520547943,1.139224448631582,3.4319050988706477,1.7331812585178232,0.17535799467339042,1.6228268499025382,2.8051804426290152,1.704731519398142,0.026044070668674695,0.03194713301195549,0.20836095374678026,8234056.106649147,21.83778625653469
Bldg_034_4St,San_Fernando_1971_Pacoima_scaled_1.20g,4.0,666777.4275900043,12.29923854005396,0.7869876091101675,0.2751374623816294,0.18176931440458607,0.3496083790858185,0.901114411902358,775.1404708390176,166694.35689750107,83823096.24972795,83823096.24972795,1.0,0.025909563676249067,1.2,1.062742688536094,0.48583205637192123,20.75397680557232,9.42,0.461649004640927,0.28054794520547943,1.947392219883074,5.8665044425139445,2.9627030060133737,0.29975725585195373,1.6228268499025618,2.8051804426290152,1.7047315193981423,0.04451977892081208,0.05461048378112072,0.3561725705073236,14075309.584015697,37.32954915646798
Bldg_034_4St,Imperial_Valley_1979_Array6,4.0,666777.4275900043,12.29923854005396,0.7869876091101675,0.2751374623816294,0.18176931440458607,0.3496083790858185,0.901114411902358,775.1404708390176,166694.35689750107,83823096.24972795,83823096.24972795,1.0,0.025909563676249067,0.439,0.4470557915681539,0.20993321390578878,3.03447831967358,11.25,0.4646807553227397,0.8192,0.6973366666420706,1.157076031849899,1.5508325110341477,0.107454856135562,1.5884662110297736,0.96067823377706,1.6936092147039155,0.015941973021821484,0.016871648987017793,0.12992244828716196,4348499.889451938,10.645972407719748
Bldg_034_4St,Imperial_Valley_1979_Array6_scaled_0.26g,4.0,666777.4275900043,12.29923854005396,0.7869876091101675,0.2751374623816294,0.18176931440458607,0.3496083790858185,0.901114411902358,775.1404708390176,166694.35689750107,83823096.24972795,83823096.24972795,1.0,0.025909563676249067,0.26339999999999997,0.26823347494089234,0.1259599283434734,1.0924121950824885,11.25,0.4646807553227397,0.8192,0.4184019999852519,0.6942456191099355,0.9304995066204855,0.06447291368133866,1.58846621102981,0.96067823377706,1.6936092147039155,0.009565183813093108,0.010122989392210716,0.07795346897229675,2609099.9336711727,6.3875834446324005
Bldg_034_4St,Imperial_Valley_1979_Array6_scaled_0.61g,4.0,666777.4275900043,12.29923854005396,0.7869876091101675,0.2751374623816294,0.18176931440458607,0.3496083790858185,0.901114411902358,775.1404708390176,166694.35689750107,83823096.24972795,83823096.24972795,1.0,0.025909563676249067,0.6145999999999999,0.6258781081954151,0.2939064994681046,5.947577506560213,11.25,0.46468075532273967,0.8192,0.9762713332989212,1.6199064445898528,2.1711655154478016,0.1504367985897903,1.5884662110298102,0.96067823377706,1.6936092147039157,0.022318762230550588,0.023620308581824543,0.18189142760202343,6087899.845232617,14.904361370809664
Bldg_034_4St,Friuli_1976_Tolmezzo,4.0,666777.4275900043,12.29923854005396,0.7869876091101675,0.2751374623816294,0.18176931440458607,0.3496083790858185,0.901114411902358,775.1404708390176,166694.35689750107,83823096.24972795,83823096.24972795,1.0,0.025909563676249067,0.352,0.21352777719546898,0.102872191600987,1.308741949374992,10.049999999999999,0.4278323224718693,0.3250793650793651,0.5301987088877593,0.8869918978174786,0.7754889318910091,0.08158122705044858,1.5062463320674981,2.420909149118191,1.8394767477202785,0.01212099394399363,0.011722738790655255,0.10457793326474497,3021419.4459867557,8.323671631821618
Bldg_034_4St,Friuli_1976_Tolmezzo_scaled_0.21g,4.0,666777.4275900043,12.29923854005396,0.7869876091101675,0.2751374623816294,0.18176931440458607,0.3496083790858185,0.901114411902358,775.1404708390176,166694.35689750107,83823096.24972795,83823096.24972795,1.0,0.025909563676249067,0.2112,0.12811666631728136,0.0617233149605922,0.471147101774997,10.049999999999999,0.42783232247186925,0.3250793650793651,0.31811922533266224,0.5321951386904856,0.46529335913460473,0.0489487362302702,1.5062463320675294,2.420909149118191,1.8394767477202787,0.007272596366396329,0.007033643274393292,0.06274675995884861,1812851.6675920894,4.994202979093133
Bldg_034_4St,Friuli_1976_Tolmezzo_scaled_0.49g,4.0,666777.4275900043,12.29923854005396,0.7869876091101675,0.2751374623816294,0.18176931440458607,0.3496083790858185,0.901114411902358,775.1404708390176,166694.35689750107,83823096.24972795,83823096.24972795,1.0,0.025909563676249067,0.4927999999999999,0.2989388880736565,0.14402106824138175,2.5651342207749837,10.049999999999999,0.42783232247186936,0.3250793650793651,0.7422781924428733,1.241788656944471,1.0856845046474093,0.11421371787062963,1.5062463320675192,2.420909149118191,1.839476747720278,0.016969391521591312,0.016411834306917634,0.14640910657064352,4229987.22438153,11.653140284548522
Bldg_035_8St,El_Centro_1940_NS,8.0,2170485.1346629397,29.41406488338083,1.5058458369512058,0.5067389805174635,0.3116778724217766,0.3365145143565473,0.8582462946298408,1364.8482788843671,271310.64183286746,136007095.16231158,136007095.16231158,1.0,0.05362839943511724,0.348,0.546705574584446,0.18644040753129837,3.1070282308161543,13.060000000000002,0.534173757427226,0.7447272727272727,0.30863622757781534,0.8052018712573392,0.9501601363687456,0.17380315447813913,0.8868857114305039,2.0220097908280352,2.8190187481390026,0.011274822313211703,0.011397771619587715,0.22422262295759082,5699628.832954011,5.762740740106495
Bldg_035_8St,El_Centro_1940_NS_scaled_0.21g,8.0,2170485.1346629397,29.41406488338083,1.5058458369512058,0.5067389805174635,0.3116778724217766,0.3365145143565473,0.8582462946298408,1364.8482788843671,271310.64183286746,136007095.16231158,136007095.16231158,1.0,0.05362839943511724,0.2088,0.3280233447506678,0.11186424451877919,1.1185301630938156,13.060000000000002,0.5341737574272261,0.7447272727272727,0.18518173654669082,0.4831211227544057,0.5700960818212456,0.1042818926868845,0.8868857114305115,2.0220097908280352,2.819018748139002,0.006764893387927081,0.006838662971752144,0.13453357377454772,3419777.299772164,3.4576444440635594
Bldg_035_8St,El_Centro_1940_NS_scaled_0.49g,8.0,2170485.1346629397,29.41406488338083,1.5058458369512058,0.5067389805174635,0.3116778724217766,0.3365145143565473,0.8582462946298408,1364.8482788843671,271310.64183286746,136007095.16231158,136007095.16231158,1.0,0.05362839943511724,0.4871999999999999,0.7653878044182246,0.26101657054381694,6.089775332399659,13.060000000000002,0.5341737574272261,0.7447272727272727,0.43209071860896014,1.127282619760281,1.3302241909162387,0.24332441626940557,0.8868857114305423,2.0220097908280352,2.819018748139002,0.015784751238497065,0.015956880267422792,0.31391167214062105,7979480.366135611,8.067837036149736
Bldg_035_8St,Northridge_1994_Sylmar,8.0,2170485.1346629397,29.41406488338083,1.5058458369512058,0.5067389805174635,0.3116778724217766,0.3365145143565473,0.8582462946298408,1364.8482788843671,271310.64183286746,136007095.16231158,136007095.16231158,1.0,0.05362839943511724,0.843,0.8309546252613713,0.3287478434080909,9.138133288190668,9.37,0.4931760280806555,0.8192,0.6402759289147779,1.4229968632771381,1.5356445903626013,0.36087246083201857,0.7595206748692502,1.8381907189345772,3.0533638117239046,0.02338998693249835,0.027005261996751892,0.4539372181348021,13504391.477158932,12.027841324038455
Bldg_035_8St,Northridge_1994_Sylmar_scaled_0.51g,8.0,2170485.1346629397,29.41406488338083,1.5058458369512058,0.5067389805174635,0.3116778724217766,0.3365145143565473,0.8582462946298408,1364.8482788843671,271310.64183286746,136007095.16231158,136007095.16231158,1.0,0.05362839943511724,0.5057999999999999,0.498572775156823,0.1972487060448539,3.289727983748639,9.37,0.49317602808065547,0.8192,0.3841655573488524,0.8537981179662718,0.9213867542175613,0.21652347649920298,0.7595206748692219,1.8381907189345772,3.053363811723905,0.014033992159498486,0.016203157198050884,0.2723623308808913,8102634.886295233,7.216704794423759
Bldg_035_8St,Northridge_1994_Sylmar_scaled_1.18g,8.0,2170485.1346629397,29.41406488338083,1.5058458369512058,0.5067389805174635,0.3116778724217766,0.3365145143565473,0.8582462946298408,1364.8482788843671,271310.64183286746,136007095.16231158,136007095.16231158,1.0,0.05362839943511724,1.1802,1.163336475365919,0.4602469807713281,17.910741244853703,9.37,0.4931760280806554,0.8192,0.8963863004806907,1.992195608587969,2.149902426507636,0.505221445164827,0.7595206748692516,1.8381907189345772,3.0533638117239055,0.03274598170549775,0.03780736679545236,0.6355121053887404,18906148.06802236,16.83897785365393
Bldg_035_8St,Loma_Prieta_1989_Corralitos,8.0,2170485.1346629397,29.41406488338083,1.5058458369512058,0.5067389805174635,0.3116778724217766,0.3365145143565473,0.8582462946298408,1364.8482788843671,271310.64183286746,136007095.16231158,136007095.16231158,1.0,0.05362839943511724,0.644,0.6861034364890142,0.3994006678649551,6.918654308054634,11.41,0.6811214742642783,1.0778947368421052,0.5724584744462027,0.9240103455561401,1.5131697205480399,0.32246778959314465,0.8889106746059048,1.3970249463902789,2.2108330068109563,0.02091254040955338,0.02377663078202612,0.4012457098085287,11889865.394639306,9.801780355459544
Bldg_035_8St,Loma_Prieta_1989_Corralitos_scaled_0.39g,8.0,2170485.1346629397,29.41406488338083,1.5058458369512058,0.5067389805174635,0.3116778724217766,0.3365145143565473,0.8582462946298408,1364.8482788843671,271310.64183286746,136007095.16231158,136007095.16231158,1.0,0.05362839943511724,0.3864,0.4116620618934086,0.2396404007189732,2.4907155508996683,11.41,0.6811214742642783,1.0778947368421052,0.343475084667722,0.5544062073336746,0.9079018323288135,0.19348067375588682,0.8889106746059057,1.3970249463902789,2.2108330068109563,0.012547524245732043,0.014265978469214742,0.24074742588510875,7133919.236783117,5.881068213278792
Bldg_035_8St,Loma_Prieta_1989_Corralitos_scaled_0.90g,8.0,2170485.1346629397,29.41406488338083,1.5058458369512058,0.5067389805174635,0.3116778724217766,0.3365145143565473,0.8582462946298408,1364.8482788843671,271310.64183286746,136007095.16231158,136007095.16231158,1.0,0.05362839943511724,0.9015999999999998,0.9605448110846201,0.5591609350109363,13.560562443787077,11.41,0.6811214742642782,1.0778947368421052,0.8014418642246849,1.2936144837785823,2.1184376087672523,0.4514549054304024,0.8889106746059062,1.3970249463902789,2.2108330068109567,0.029277556573374778,0.033287283094832316,0.5617439937319022,16645811.5524929,13.722492497642678
Bldg_035_8St,San_Fernando_1971_Pacoima,8.0,2170485.1346629397,29.41406488338083,1.5058458369512058,0.5067389805174635,0.3116778724217766,0.3365145143565473,0.8582462946298408,1364.8482788843671,271310.64183286746,136007095.16231158,136007095.16231158,1.0,0.05362839943511724,1.17,1.0361741213226916,0.47368625496262196,19.729249200797177,9.42,0.461649004640927,0.28054794520547943,0.4971870186341572,2.5300844234074438,2.592297515549131,0.2799340001939162,0.424946169772784,5.367516899288966,3.261884725869734,0.01816279098383632,0.026552659426278616,0.36849374509585814,13278060.686664298,17.435251640124203
Bldg_035_8St,San_Fernando_1971_Pacoima_scaled_0.70g,8.0,2170485.1346629397,29.41406488338083,1.5058458369512058,0.5067389805174635,0.3116778724217766,0.3365145143565473,0.8582462946298408,1364.8482788843671,271310.64183286746,136007095.16231158,136007095.16231158,1.0,0.05362839943511724,0.7020000000000001,0.621704472793615,0.284211752977573,7.102529712286988,9.42,0.46164900464092706,0.28054794520547943,0.29831221118051127,1.5180506540444787,1.5553785093294776,0.1679604001163593,0.424946169772808,5.367516899288966,3.2618847258697334,0.010897674590302409,0.015931595655767374,0.22109624705750872,7966836.411998681,10.461150984075102
Bldg_035_8St,San_Fernando_1971_Pacoima_scaled_1.20g,8.0,2170485.1346629397,29.41406488338083,1.5058458369512058,0.5067389805174635,0.3116778724217766,0.3365145143565473,0.8582462946298408,1364.8482788843671,271310.64183286746,136007095.16231158,136007095.16231158,1.0,0.05362839943511724,1.2,1.062742688536094,0.48583205637192123,20.75397680557232,9.42,0.461649004640927,0.28054794520547943,0.5099354037273303,2.5949583829819947,2.658766682614494,0.2871117950706772,0.4249461697727752,5.367516899288966,3.261884725869734,0.018628503573165072,0.027233496847465836,0.37794230266239426,13618523.781194447,17.88230937448969
Bldg_035_8St,Imperial_Valley_1979_Array6,8.0,2170485.1346629397,29.41406488338083,1.5058458369512058,0.5067389805174635,0.3116778724217766,0.3365145143565473,0.8582462946298408,1364.8482788843671,271310.64183286746,136007095.16231158,136007095.16231158,1.0,0.05362839943511724,0.439,0.4470557915681539,0.20993321390578878,3.03447831967358,11.25,0.4646807553227397,0.8192,0.2422787719110884,0.9110105030292743,0.9818224075402092,0.13652426795868522,0.5518878631232083,1.8381907189345772,3.2406029724758763,0.008850711159213957,0.010468272027383093,0.1810976784603466,5234818.442575256,5.674595833686823
Bldg_035_8St,Imperial_Valley_1979_Array6_scaled_0.26g,8.0,2170485.1346629397,29.41406488338083,1.5058458369512058,0.5067389805174635,0.3116778724217766,0.3365145143565473,0.8582462946298408,1364.8482788843671,271310.64183286746,136007095.16231158,136007095.16231158,1.0,0.05362839943511724,0.26339999999999997,0.26823347494089234,0.1259599283434734,1.0924121950824885,11.25,0.4646807553227397,0.8192,0.14536726314665907,0.5466063018175659,0.5890934445241258,0.08191456077521464,0.5518878631232311,1.8381907189345772,3.2406029724758763,0.005310426695528594,0.0062809632164293324,0.10865860707620116,3140891.0655448916,3.404757500211961
Bldg_035_8St,Imperial_Valley_1979_Array6_scaled_0.61g,8.0,2170485.1346629397,29.41406488338083,1.5058458369512058,0.5067389805174635,0.3116778724217766,0.3365145143565473,0.8582462946298408,1364.8482788843671,271310.64183286746,136007095.16231158,136007095.16231158,1.0,0.05362839943511724,0.6145999999999999,0.6258781081954151,0.2939064994681046,5.947577506560213,11.25,0.46468075532273967,0.8192,0.3391902806755417,1.2754147042409976,1.3745513705562853,0.19113397514216948,0.5518878631232375,1.8381907189345772,3.2406029724758767,0.012390995622900193,0.014655580838336044,0.25353674984448143,7328745.819605215,7.944434167163556
Bldg_035_8St,Friuli_1976_Tolmezzo,8.0,2170485.1346629397,29.41406488338083,1.5058458369512058,0.5067389805174635,0.3116778724217766,0.3365145143565473,0.8582462946298408,1364.8482788843671,271310.64183286746,136007095.16231158,136007095.16231158,1.0,0.05362839943511724,0.352,0.21352777719546898,0.102872191600987,1.308741949374992,10.049999999999999,0.4278323224718693,0.3250793650793651,0.18431111653166565,0.5662571106236614,0.7994291559495874,0.10384408741139348,0.5236111265104139,4.632240611715135,3.519710311392421,0.00673308867709073,0.006880872789916038,0.13149672035122262,3440884.9605211494,3.6765395203474354
Bldg_035_8St,Friuli_1976_Tolmezzo_scaled_0.21g,8.0,2170485.1346629397,29.41406488338083,1.5058458369512058,0.5067389805174635,0.3116778724217766,0.3365145143565473,0.8582462946298408,1364.8482788843671,271310.64183286746,136007095.16231158,136007095.16231158,1.0,0.05362839943511724,0.2112,0.12811666631728136,0.0617233149605922,0.471147101774997,10.049999999999999,0.42783232247186925,0.3250793650793651,0.11058666991898944,0.33975426637419687,0.4796574935697519,0.06230645244683053,0.5236111265103667,4.632240611715135,3.5197103113924215,0.004039853206254075,0.004128523673949728,0.0788980322107349,2064530.9763127426,2.2059237122079374
Bldg_035_8St,Friuli_1976_Tolmezzo_scaled_0.49g,8.0,2170485.1346629397,29.41406488338083,1.5058458369512058,0.5067389805174635,0.3116778724217766,0.3365145143565473,0.8582462946298408,1364.8482788843671,271310.64183286746,136007095.16231158,136007095.16231158,1.0,0.05362839943511724,0.4927999999999999,0.2989388880736565,0.14402106824138175,2.5651342207749837,10.049999999999999,0.42783232247186936,0.3250793650793651,0.25803556314431886,0.7927599548731449,1.119200818329419,0.14538172237594368,0.5236111265103874,4.632240611715135,3.5197103113924206,0.009426324147926546,0.009633221905882415,0.18409540849171652,4817238.944729591,5.147155328487006
Bldg_036_7St,El_Centro_1940_NS,7.0,1602726.511347166,28.557038136018107,1.3803364142962382,0.464490019337446,0.28960026023929597,0.33650493787361635,0.866819142413017,1178.6746879816149,228960.9301924523,105817892.48660325,105817892.48660325,1.0,0.04430220889174291,0.348,0.546705574584446,0.18644040753129837,3.1070282308161543,13.060000000000002,0.534173757427226,0.7447272727272727,0.3514215076370284,0.8854839354020185,1.006579280982532,0.16619126314897803,1.0098319184972082,1.853479071930984,2.5840588293675033,0.011090795519677711,0.01177179804226988,0.221062077989756,5081793.716383281,7.934396716269524
Bldg_036_7St,El_Centro_1940_NS_scaled_0.21g,7.0,1602726.511347166,28.557038136018107,1.3803364142962382,0.464490019337446,0.28960026023929597,0.33650493787361635,0.866819142413017,1178.6746879816149,228960.9301924523,105817892.48660325,105817892.48660325,1.0,0.04430220889174291,0.2088,0.3280233447506678,0.11186424451877919,1.1185301630938156,13.060000000000002,0.5341737574272261,0.7447272727272727,0.2108529045822231,0.5312903612412077,0.6039475685895205,0.09971475788938966,1.009831918497237,1.853479071930984,2.584058829367503,0.006654477311806819,0.007063078825361636,0.13263724679384575,3049076.2298298427,4.760638029762158
Bldg_036_7St,El_Centro_1940_NS_scaled_0.49g,7.0,1602726.511347166,28.557038136018107,1.3803364142962382,0.464490019337446,0.28960026023929597,0.33650493787361635,0.866819142413017,1178.6746879816149,228960.9301924523,105817892.48660325,105817892.48660325,1.0,0.04430220889174291,0.4871999999999999,0.7653878044182246,0.26101657054381694,6.089775332399659,13.060000000000002,0.5341737574272261,0.7447272727272727,0.49199011069184445,1.2396775095628285,1.4092109933755397,0.2326677684085713,1.0098319184972178,1.853479071930984,2.584058829367503,0.015527113727548947,0.016480517259177527,0.30948690918565014,7114511.202936463,11.108155402778987
Bldg_036_7St,Northridge_1994_Sylmar,7.0,1602726.511347166,28.557038136018107,1.3803364142962382,0.464490019337446,0.28960026023929597,0.33650493787361635,0.866819142413017,1178.6746879816149,228960.9301924523,105817892.48660325,105817892.48660325,1.0,0.04430220889174291,0.843,0.8309546252613713,0.3287478434080909,9.138133288190668,9.37,0.4931760280806555,0.8192,0.6572480526287929,1.459831388655705,2.050007890994406,0.311126718651623,0.7796536804612016,1.6849809744827127,2.7988716719834033,0.020742622745052078,0.02068423204252053,0.4154145413124009,8929222.200759595,15.619653509570737
Bldg_036_7St,Northridge_1994_Sylmar_scaled_0.51g,7.0,1602726.511347166,28.557038136018107,1.3803364142962382,0.464490019337446,0.28960026023929597,0.33650493787361635,0.866819142413017,1178.6746879816149,228960.9301924523,105817892.48660325,105817892.48660325,1.0,0.04430220889174291,0.5057999999999999,0.498572775156823,0.1972487060448539,3.289727983748639,9.37,0.49317602808065547,0.8192,0.394348831577271,0.8758988331934264,1.2300047345966516,0.18667603119097187,0.7796536804611923,1.6849809744827127,2.7988716719834037,0.012445573647031095,0.012410539225512413,0.24924872478744797,5357533.320455798,9.371792105742804
Bldg_036_7St,Northridge_1994_Sylmar_scaled_1.18g,7.0,1602726.511347166,28.557038136018107,1.3803364142962382,0.464490019337446,0.28960026023929597,0.33650493787361635,0.866819142413017,1178.6746879816149,228960.9301924523,105817892.48660325,105817892.48660325,1.0,0.04430220889174291,1.1802,1.163336475365919,0.4602469807713281,17.910741244853703,9.37,0.4931760280806554,0.8192,0.9201472736803119,2.0437639441180147,2.8700110473921785,0.4355774061122732,0.7796536804612032,1.6849809744827127,2.798871671983404,0.02903967184307297,0.02895792485952704,0.581580357837336,12500911.081062699,21.867514913399447
Bldg_036_7St,Loma_Prieta_1989_Corralitos,7.0,1602726.511347166,28.557038136018107,1.3803364142962382,0.464490019337446,0.28960026023929597,0.33650493787361635,0.866819142413017,1178.6746879816149,228960.9301924523,105817892.48660325,105817892.48660325,1.0,0.04430220889174291,0.644,0.6861034364890142,0.3994006678649551,6.918654308054634,11.41,0.6811214742642783,1.0778947368421052,0.6728502186267697,1.229067002095935,1.9516300789889687,0.31849402206783856,1.0447984761285245,1.2805855406068616,2.026564227456234,0.02123502411772605,0.02197216398442142,0.403879599697352,9485212.409390394,13.786620572810111
Bldg_036_7St,Loma_Prieta_1989_Corralitos_scaled_0.39g,7.0,1602726.511347166,28.557038136018107,1.3803364142962382,0.464490019337446,0.28960026023929597,0.33650493787361635,0.866819142413017,1178.6746879816149,228960.9301924523,105817892.48660325,105817892.48660325,1.0,0.04430220889174291,0.3864,0.4116620618934086,0.2396404007189732,2.4907155508996683,11.41,0.6811214742642783,1.0778947368421052,0.4037101311760423,0.737440201257559,1.1709780473933789,0.19109641324069399,1.0447984761284739,1.2805855406068616,2.026564227456234,0.012741014470635014,0.013183298390654019,0.24232775981842106,5691127.44563474,8.271972343689047
Bldg_036_7St,Loma_Prieta_1989_Corralitos_scaled_0.90g,7.0,1602726.511347166,28.557038136018107,1.3803364142962382,0.464490019337446,0.28960026023929597,0.33650493787361635,0.866819142413017,1178.6746879816149,228960.9301924523,105817892.48660325,105817892.48660325,1.0,0.04430220889174291,0.9015999999999998,0.9605448110846201,0.5591609350109363,13.560562443787077,11.41,0.6811214742642782,1.0778947368421052,0.941990306077498,1.720693802934311,2.7322821105845563,0.4458916308949837,1.0447984761285471,1.2805855406068616,2.0265642274562343,0.02972903376481711,0.03076102957819227,0.565431439576317,13279297.373147538,19.30126880193947
Bldg_036_7St,San_Fernando_1971_Pacoima,7.0,1602726.511347166,28.557038136018107,1.3803364142962382,0.464490019337446,0.28960026023929597,0.33650493787361635,0.866819142413017,1178.6746879816149,228960.9301924523,105817892.48660325,105817892.48660325,1.0,0.04430220889174291,1.17,1.0361741213226916,0.47368625496262196,19.729249200797177,9.42,0.461649004640927,0.28054794520547943,0.769394064045429,2.3736812048471148,3.9995454445238003,0.36373422513686277,0.6576017641413924,4.920144445489521,2.990012759520344,0.024281929400847373,0.031956924781653906,0.4270769019953968,13795556.03716658,16.80178558819403
Bldg_036_7St,San_Fernando_1971_Pacoima_scaled_0.70g,7.0,1602726.511347166,28.557038136018107,1.3803364142962382,0.464490019337446,0.28960026023929597,0.33650493787361635,0.866819142413017,1178.6746879816149,228960.9301924523,105817892.48660325,105817892.48660325,1.0,0.04430220889174291,0.7020000000000001,0.621704472793615,0.284211752977573,7.102529712286988,9.42,0.46164900464092706,0.28054794520547943,0.461636438427283,1.4242087229082618,2.3997272667142746,0.2182405350821301,0.6576017641414288,4.920144445489521,2.9900127595203436,0.014569157640509235,0.019174154868992183,0.2562461411972447,8277333.622299879,10.081071352919075
Bldg_036_7St,San_Fernando_1971_Pacoima_scaled_1.20g,7.0,1602726.511347166,28.557038136018107,1.3803364142962382,0.464490019337446,0.28960026023929597,0.33650493787361635,0.866819142413017,1178.6746879816149,228960.9301924523,105817892.48660325,105817892.48660325,1.0,0.04430220889174291,1.2,1.062742688536094,0.48583205637192123,20.75397680557232,9.42,0.461649004640927,0.28054794520547943,0.7891221169697378,2.4345448254842195,4.102097891819237,0.37306074373014714,0.6576017641414482,4.920144445489521,2.990012759520344,0.024904542975230197,0.03277633310938794,0.43802759179016104,14149288.243247481,17.232600603274022
Bldg_036_7St,Imperial_Valley_1979_Array6,7.0,1602726.511347166,28.557038136018107,1.3803364142962382,0.464490019337446,0.28960026023929597,0.33650493787361635,0.866819142413017,1178.6746879816149,228960.9301924523,105817892.48660325,105817892.48660325,1.0,0.04430220889174291,0.439,0.4470557915681539,0.20993321390578878,3.03447831967358,11.25,0.4646807553227397,0.8192,0.22478949720605937,1.048073146127443,0.990195463726381,0.10641576661577427,0.512048968578723,1.6849809744827127,2.9705048003064776,0.0070943135075802,0.007678636399843609,0.13455856430339175,3314807.6501992876,6.599315007667543
Bldg_036_7St,Imperial_Valley_1979_Array6_scaled_0.26g,7.0,1602726.511347166,28.557038136018107,1.3803364142962382,0.464490019337446,0.28960026023929597,0.33650493787361635,0.866819142413017,1178.6746879816149,228960.9301924523,105817892.48660325,105817892.48660325,1.0,0.04430220889174291,0.26339999999999997,0.26823347494089234,0.1259599283434734,1.0924121950824885,11.25,0.4646807553227397,0.8192,0.13487369832363852,0.6288438876764684,0.5941172782358324,0.06384945996946595,0.512048968578734,1.6849809744827127,2.9705048003064776,0.004256588104548212,0.004607181839906589,0.08073513858204046,1988884.5901197554,3.9595890046005424
Bldg_036_7St,Imperial_Valley_1979_Array6_scaled_0.61g,7.0,1602726.511347166,28.557038136018107,1.3803364142962382,0.464490019337446,0.28960026023929597,0.33650493787361635,0.866819142413017,1178.6746879816149,228960.9301924523,105817892.48660325,105817892.48660325,1.0,0.04430220889174291,0.6145999999999999,0.6258781081954151,0.2939064994681046,5.947577506560213,11.25,0.46468075532273967,0.8192,0.31470529608849707,1.467302404578423,1.386273649216948,0.14898207326209054,0.5120489685787457,1.6849809744827127,2.970504800306478,0.00993203891061272,0.010750090959783036,0.18838199002477418,4640730.71027986,9.23904101073448
Bldg_036_7St,Friuli_1976_Tolmezzo,7.0,1602726.511347166,28.557038136018107,1.3803364142962382,0.464490019337446,0.28960026023929597,0.33650493787361635,0.866819142413017,1178.6746879816149,228960.9301924523,105817892.48660325,105817892.48660325,1.0,0.04430220889174291,0.352,0.21352777719546898,0.102872191600987,1.308741949374992,10.049999999999999,0.4278323224718693,0.3250793650793651,0.1553257473485822,0.6885717895164627,0.7464536171841635,0.07357332857833464,0.4412663276948358,4.246152055696436,3.2263490666650076,0.004902050857295715,0.005377910610804932,0.09242925581024249,2321602.2098854934,3.9864546970280186
Bldg_036_7St,Friuli_1976_Tolmezzo_scaled_0.21g,7.0,1602726.511347166,28.557038136018107,1.3803364142962382,0.464490019337446,0.28960026023929597,0.33650493787361635,0.866819142413017,1178.6746879816149,228960.9301924523,105817892.48660325,105817892.48660325,1.0,0.04430220889174291,0.2112,0.12811666631728136,0.0617233149605922,0.471147101774997,10.049999999999999,0.42783232247186925,0.3250793650793651,0.0931954484091487,0.4131430737098819,0.44787217031049503,0.04414399714700058,0.44126632769483287,4.246152055696436,3.226349066665008,0.0029412305143774096,0.003226746366482827,0.05545755348614483,1392961.325931239,2.3918728182167066
Bldg_036_7St,Friuli_1976_Tolmezzo_scaled_0.49g,7.0,1602726.511347166,28.557038136018107,1.3803364142962382,0.464490019337446,0.28960026023929597,0.33650493787361635,0.866819142413017,1178.6746879816149,228960.9301924523,105817892.48660325,105817892.48660325,1.0,0.04430220889174291,0.4927999999999999,0.2989388880736565,0.14402106824138175,2.5651342207749837,10.049999999999999,0.42783232247186936,0.3250793650793651,0.21745604628800747,0.9640005053230671,1.0450350640578259,0.10300266000966474,0.44126632769482044,4.246152055696436,3.2263490666650076,0.006862871200213761,0.007529074855126781,0.12940095813434457,3250243.0938396375,5.581036575839177
Bldg_037_6St,El_Centro_1940_NS,6.0,1519801.1629553218,18.1313458662842,0.9220273617851668,0.32867711576859315,0.20663916498060184,0.3564721931160815,0.8535992240019256,1138.9912613079553,253300.19382588696,185099389.56536832,214716992.93877366,0.7241242719727287,0.047878458494656856,0.348,0.546705574584446,0.18644040753129837,3.1070282308161543,13.060000000000002,0.534173757427226,0.7447272727272727,0.358399782289847,0.9193763080581757,0.9905587767062524,0.07564858856762569,1.0298844318673765,1.2380738500533246,1.72608135267817,0.007027227092982019,0.0076500930512974795,0.1011247300818602,4963773.155944699,8.267579818687546
Bldg_037_6St,El_Centro_1940_NS_scaled_0.21g,6.0,1519801.1629553218,18.1313458662842,0.9220273617851668,0.32867711576859315,0.20663916498060184,0.3564721931160815,0.8535992240019256,1138.9912613079553,253300.19382588696,185099389.56536832,214716992.93877366,0.7241242719727287,0.047878458494656856,0.2088,0.3280233447506678,0.11186424451877919,1.1185301630938156,13.060000000000002,0.5341737574272261,0.7447272727272727,0.2150398693739165,0.551625784834903,0.5943352660237499,0.04538915314057714,1.029884431867416,1.2380738500533246,1.7260813526781695,0.004216336255789375,0.004590055830778471,0.06067483804911531,2978263.893566809,4.960547891212126
Bldg_037_6St,El_Centro_1940_NS_scaled_0.49g,6.0,1519801.1629553218,18.1313458662842,0.9220273617851668,0.32867711576859315,0.20663916498060184,0.3564721931160815,0.8535992240019256,1138.9912613079553,253300.19382588696,185099389.56536832,214716992.93877366,0.7241242719727287,0.047878458494656856,0.4871999999999999,0.7653878044182246,0.26101657054381694,6.089775332399659,13.060000000000002,0.5341737574272261,0.7447272727272727,0.5017596952057941,1.287126831281451,1.3867822873887492,0.10590802399467772,1.0298844318673936,1.2380738500533246,1.7260813526781695,0.009838117930174993,0.010710130271816559,0.141574622114603,6949282.418322636,11.57461174616244
Bldg_037_6St,Northridge_1994_Sylmar,6.0,1519801.1629553218,18.1313458662842,0.9220273617851668,0.32867711576859315,0.20663916498060184,0.3564721931160815,0.8535992240019256,1138.9912613079553,253300.19382588696,185099389.56536832,214716992.93877366,0.7241242719727287,0.047878458494656856,0.843,0.8309546252613713,0.3287478434080909,9.138133288190668,9.37,0.4931760280806555,0.8192,1.25841467950021,1.8388104103344058,1.5672927958067087,0.26557324563829854,1.4927813517202966,1.1255216818666587,1.8695705169886634,0.02467402651165248,0.02525273420816057,0.3595705991682742,14698332.63721695,23.48087195358183
Bldg_037_6St,Northridge_1994_Sylmar_scaled_0.51g,6.0,1519801.1629553218,18.1313458662842,0.9220273617851668,0.32867711576859315,0.20663916498060184,0.3564721931160815,0.8535992240019256,1138.9912613079553,253300.19382588696,185099389.56536832,214716992.93877366,0.7241242719727287,0.047878458494656856,0.5057999999999999,0.498572775156823,0.1972487060448539,3.289727983748639,9.37,0.49317602808065547,0.8192,0.7550488077001204,1.1032862462006565,0.9403756774840237,0.15934394738297789,1.4927813517202857,1.1255216818666587,1.8695705169886636,0.01480441590699138,0.01515164052489605,0.21574235950096243,8818999.582330188,14.088523172149372
Bldg_037_6St,Northridge_1994_Sylmar_scaled_1.18g,6.0,1519801.1629553218,18.1313458662842,0.9220273617851668,0.32867711576859315,0.20663916498060184,0.3564721931160815,0.8535992240019256,1138.9912613079553,253300.19382588696,185099389.56536832,214716992.93877366,0.7241242719727287,0.047878458494656856,1.1802,1.163336475365919,0.4602469807713281,17.910741244853703,9.37,0.4931760280806554,0.8192,1.7617805513003193,2.5743345744681587,2.1942099141293783,0.37180254389362305,1.4927813517203181,1.1255216818666587,1.8695705169886638,0.03454363711631397,0.035353827891423655,0.5033988388355866,20577665.692103826,32.87322073501105
Bldg_037_6St,Loma_Prieta_1989_Corralitos,6.0,1519801.1629553218,18.1313458662842,0.9220273617851668,0.32867711576859315,0.20663916498060184,0.3564721931160815,0.8535992240019256,1138.9912613079553,253300.19382588696,185099389.56536832,214716992.93877366,0.7241242719727287,0.047878458494656856,0.644,0.6861034364890142,0.3994006678649551,6.918654308054634,11.41,0.6811214742642783,1.0778947368421052,0.9052525626326722,1.6066716049077998,1.4185736343906885,0.19105940299244822,1.4056716811066339,0.8553964782186606,1.353690048872862,0.017749495531163798,0.018731795258892407,0.24938288525245034,12154150.524087096,12.85116083467355
Bldg_037_6St,Loma_Prieta_1989_Corralitos_scaled_0.39g,6.0,1519801.1629553218,18.1313458662842,0.9220273617851668,0.32867711576859315,0.20663916498060184,0.3564721931160815,0.8535992240019256,1138.9912613079553,253300.19382588696,185099389.56536832,214716992.93877366,0.7241242719727287,0.047878458494656856,0.3864,0.4116620618934086,0.2396404007189732,2.4907155508996683,11.41,0.6811214742642783,1.0778947368421052,0.5431515375795946,0.9640029629446795,0.8511441806344134,0.11463564179546715,1.405671681106611,0.8553964782186606,1.353690048872862,0.010649697318698107,0.011239077155335267,0.14962973115146702,7292490.314452142,7.7106965008050645
Bldg_037_6St,Loma_Prieta_1989_Corralitos_scaled_0.90g,6.0,1519801.1629553218,18.1313458662842,0.9220273617851668,0.32867711576859315,0.20663916498060184,0.3564721931160815,0.8535992240019256,1138.9912613079553,253300.19382588696,185099389.56536832,214716992.93877366,0.7241242719727287,0.047878458494656856,0.9015999999999998,0.9605448110846201,0.5591609350109363,13.560562443787077,11.41,0.6811214742642782,1.0778947368421052,1.2673535876857573,2.249340246870923,1.9860030881469677,0.2674831641894308,1.405671681106652,0.8553964782186606,1.3536900488728623,0.024849293743629635,0.026224513362449207,0.3491360393534205,17015810.73372183,17.99162516854045
Bldg_037_6St,San_Fernando_1971_Pacoima,6.0,1519801.1629553218,18.1313458662842,0.9220273617851668,0.32867711576859315,0.20663916498060184,0.3564721931160815,0.8535992240019256,1138.9912613079553,253300.19382588696,185099389.56536832,214716992.93877366,0.7241242719727287,0.047878458494656856,1.17,1.0361741213226916,0.47368625496262196,19.729249200797177,9.42,0.461649004640927,0.28054794520547943,1.0974793941654633,2.9972570216873438,3.3871798511132636,0.2318767611965635,0.9380165762097977,3.2865233110506433,1.9972475896537987,0.021518531298749383,0.022881359361083632,0.31449434642911056,14707356.172118723,26.698210932515398
Bldg_037_6St,San_Fernando_1971_Pacoima_scaled_0.70g,6.0,1519801.1629553218,18.1313458662842,0.9220273617851668,0.32867711576859315,0.20663916498060184,0.3564721931160815,0.8535992240019256,1138.9912613079553,253300.19382588696,185099389.56536832,214716992.93877366,0.7241242719727287,0.047878458494656856,0.7020000000000001,0.621704472793615,0.284211752977573,7.102529712286988,9.42,0.46164900464092706,0.28054794520547943,0.6584876364992764,1.7983542130123997,2.032307910667957,0.13912605671793787,0.9380165762097954,3.2865233110506433,1.9972475896537984,0.012911118779249598,0.013728815616650084,0.18869660785746667,8824413.7032713,16.01892655951049
Bldg_037_6St,San_Fernando_1971_Pacoima_scaled_1.20g,6.0,1519801.1629553218,18.1313458662842,0.9220273617851668,0.32867711576859315,0.20663916498060184,0.3564721931160815,0.8535992240019256,1138.9912613079553,253300.19382588696,185099389.56536832,214716992.93877366,0.7241242719727287,0.047878458494656856,1.2,1.062742688536094,0.48583205637192123,20.75397680557232,9.42,0.461649004640927,0.28054794520547943,1.125619891451749,3.074109765833172,3.474030616526419,0.23782231917596067,0.9380165762097908,3.2865233110506433,1.9972475896537987,0.02207028851153767,0.023468060883162296,0.3225583040298573,15084467.86884023,27.382780443605224
Bldg_037_6St,Imperial_Valley_1979_Array6,6.0,1519801.1629553218,18.1313458662842,0.9220273617851668,0.32867711576859315,0.20663916498060184,0.3564721931160815,0.8535992240019256,1138.9912613079553,253300.19382588696,185099389.56536832,214716992.93877366,0.7241242719727287,0.047878458494656856,0.439,0.4470557915681539,0.20993321390578878,3.03447831967358,11.25,0.4646807553227397,0.8192,0.3647072502036846,0.9496947345667617,0.9117569081252958,0.07701175392200502,0.8307682236985982,1.1255216818666587,1.9842168009406398,0.007150899069368402,0.007040770418141925,0.10649203787832291,4533970.366715031,7.403345850434141
Bldg_037_6St,Imperial_Valley_1979_Array6_scaled_0.26g,6.0,1519801.1629553218,18.1313458662842,0.9220273617851668,0.32867711576859315,0.20663916498060184,0.3564721931160815,0.8535992240019256,1138.9912613079553,253300.19382588696,185099389.56536832,214716992.93877366,0.7241242719727287,0.047878458494656856,0.26339999999999997,0.26823347494089234,0.1259599283434734,1.0924121950824885,11.25,0.4646807553227397,0.8192,0.21882435012221924,0.5698168407400581,0.5470541448751755,0.04620705235320479,0.8307682236986305,1.1255216818666587,1.9842168009406398,0.004290539441621207,0.004224462250885029,0.0638952227269941,2720382.2200290915,4.442007510260748
Bldg_037_6St,Imperial_Valley_1979_Array6_scaled_0.61g,6.0,1519801.1629553218,18.1313458662842,0.9220273617851668,0.32867711576859315,0.20663916498060184,0.3564721931160815,0.8535992240019256,1138.9912613079553,253300.19382588696,185099389.56536832,214716992.93877366,0.7241242719727287,0.047878458494656856,0.6145999999999999,0.6258781081954151,0.2939064994681046,5.947577506560213,11.25,0.46468075532273967,0.8192,0.5105901502851732,1.3295726283934703,1.2764596713754075,0.10781645549081009,0.8307682236986222,1.1255216818666587,1.98421680094064,0.010011258697116051,0.009857078585398664,0.14908885302965239,6347558.513401219,10.364684190607072
Bldg_037_6St,Friuli_1976_Tolmezzo,6.0,1519801.1629553218,18.1313458662842,0.9220273617851668,0.32867711576859315,0.20663916498060184,0.3564721931160815,0.8535992240019256,1138.9912613079553,253300.19382588696,185099389.56536832,214716992.93877366,0.7241242719727287,0.047878458494656856,0.352,0.21352777719546898,0.102872191600987,1.308741949374992,10.049999999999999,0.4278323224718693,0.3250793650793651,0.2783186127685516,0.7690755682862418,0.6888741099652416,0.058685693958825134,0.7906778771833852,2.8363146383039797,2.1551138456720778,0.005457057154534278,0.006109621969534956,0.08230401355646266,3964236.4245757875,7.057901071602637
Bldg_037_6St,Friuli_1976_Tolmezzo_scaled_0.21g,6.0,1519801.1629553218,18.1313458662842,0.9220273617851668,0.32867711576859315,0.20663916498060184,0.3564721931160815,0.8535992240019256,1138.9912613079553,253300.19382588696,185099389.56536832,214716992.93877366,0.7241242719727287,0.047878458494656856,0.2112,0.12811666631728136,0.0617233149605922,0.471147101774997,10.049999999999999,0.42783232247186925,0.3250793650793651,0.16699116766112787,0.4614453409717411,0.4133244659791441,0.035211416375294444,0.7906778771833706,2.8363146383039797,2.155113845672078,0.003274234292720507,0.0036657731817211574,0.049382408133879035,2378541.854745592,4.234740642961766
Bldg_037_6St,Friuli_1976_Tolmezzo_scaled_0.49g,6.0,1519801.1629553218,18.1313458662842,0.9220273617851668,0.32867711576859315,0.20663916498060184,0.3564721931160815,0.8535992240019256,1138.9912613079553,253300.19382588696,185099389.56536832,214716992.93877366,0.7241242719727287,0.047878458494656856,0.4927999999999999,0.2989388880736565,0.14402106824138175,2.5651342207749837,10.049999999999999,0.42783232247186936,0.3250793650793651,0.3896460578759761,1.0767057956007315,0.9644237539513394,0.08215997154235608,0.7906778771833932,2.8363146383039797,2.1551138456720773,0.007639880016348068,0.008553470757349245,0.11522561897905335,5549930.9944063015,9.881061500244265
Bldg_038_3St,El_Centro_1940_NS,3.0,670960.952016786,9.738279216538054,0.5814586032302643,0.21822895584713087,0.15751830854494958,0.37531297092307303,0.9074263975091055,780.28692130387,223653.65067226198,118926299.32987614,129961841.76984638,0.8301725754315881,0.058719762660169365,0.348,0.546705574584446,0.18644040753129837,3.1070282308161543,13.060000000000002,0.534173757427226,0.7447272727272727,0.7153357002660262,0.9581444357918047,0.7995851439746058,0.060076622253553334,2.0555623570862824,0.7807671674234506,1.088519597126559,0.010124239388410158,0.010765075679448483,0.07304134782008415,4541443.468098798,10.315996985582519
Bldg_038_3St,El_Centro_1940_NS_scaled_0.21g,3.0,670960.952016786,9.738279216538054,0.5814586032302643,0.21822895584713087,0.15751830854494958,0.37531297092307303,0.9074263975091055,780.28692130387,223653.65067226198,118926299.32987614,129961841.76984638,0.8301725754315881,0.058719762660169365,0.2088,0.3280233447506678,0.11186424451877919,1.1185301630938156,13.060000000000002,0.5341737574272261,0.7447272727272727,0.4292014201596237,0.5748866614750822,0.4797510863847625,0.036045973352132665,2.05556235708632,0.7807671674234506,1.0885195971265589,0.006074543633046207,0.006459045407669075,0.04382480869204995,2724866.0808592727,6.189598191349332
Bldg_038_3St,El_Centro_1940_NS_scaled_0.49g,3.0,670960.952016786,9.738279216538054,0.5814586032302643,0.21822895584713087,0.15751830854494958,0.37531297092307303,0.9074263975091055,780.28692130387,223653.65067226198,118926299.32987614,129961841.76984638,0.8301725754315881,0.058719762660169365,0.4871999999999999,0.7653878044182246,0.26101657054381694,6.089775332399659,13.060000000000002,0.5341737574272261,0.7447272727272727,1.001469980372448,1.3414022101085314,1.1194192015644473,0.08410727115497561,2.055562357086306,0.7807671674234506,1.0885195971265589,0.01417393514377438,0.015071105951227633,0.10225788694811581,6358020.855338215,14.442395779815733
Bldg_038_3St,Northridge_1994_Sylmar,3.0,670960.952016786,9.738279216538054,0.5814586032302643,0.21822895584713087,0.15751830854494958,0.37531297092307303,0.9074263975091055,780.28692130387,223653.65067226198,118926299.32987614,129961841.76984638,0.8301725754315881,0.058719762660169365,0.843,0.8309546252613713,0.3287478434080909,9.138133288190668,9.37,0.4931760280806555,0.8192,1.3652884343244673,1.328222223229485,1.6932743045908258,0.11465158394800577,1.6195592340741012,0.7097883340213187,1.1790082447705077,0.019323105135376516,0.018836731255926956,0.14523813586520212,7946618.553353695,17.118992239589293
Bldg_038_3St,Northridge_1994_Sylmar_scaled_0.51g,3.0,670960.952016786,9.738279216538054,0.5814586032302643,0.21822895584713087,0.15751830854494958,0.37531297092307303,0.9074263975091055,780.28692130387,223653.65067226198,118926299.32987614,129961841.76984638,0.8301725754315881,0.058719762660169365,0.5057999999999999,0.498572775156823,0.1972487060448539,3.289727983748639,9.37,0.49317602808065547,0.8192,0.8191730605946738,0.7969333339376926,1.015964582754493,0.06879095036880291,1.6195592340740883,0.7097883340213187,1.179008244770508,0.011593863081225815,0.011302038753556246,0.08714288151912072,4767971.132012248,10.271395343752848
Bldg_038_3St,Northridge_1994_Sylmar_scaled_1.18g,3.0,670960.952016786,9.738279216538054,0.5814586032302643,0.21822895584713087,0.15751830854494958,0.37531297092307303,0.9074263975091055,780.28692130387,223653.65067226198,118926299.32987614,129961841.76984638,0.8301725754315881,0.058719762660169365,1.1802,1.163336475365919,0.4602469807713281,17.910741244853703,9.37,0.4931760280806554,0.8192,1.9114038080542626,1.8595111125212882,2.370584026427152,0.16051221752720882,1.6195592340741083,0.7097883340213187,1.1790082447705081,0.02705234718952724,0.026371423758297142,0.20333339021127933,11125265.97469492,23.96658913542544
Bldg_038_3St,Loma_Prieta_1989_Corralitos,3.0,670960.952016786,9.738279216538054,0.5814586032302643,0.21822895584713087,0.15751830854494958,0.37531297092307303,0.9074263975091055,780.28692130387,223653.65067226198,118926299.32987614,129961841.76984638,0.8301725754315881,0.058719762660169365,0.644,0.6861034364890142,0.3994006678649551,6.918654308054634,11.41,0.6811214742642783,1.0778947368421052,0.9905187513155864,1.4627649407567376,1.3029802792790384,0.08319983801248856,1.5380725952105379,0.5394391338562022,0.8536782720855102,0.0140189409717685,0.015640314922274384,0.10036228420980269,6598152.038854052,13.415299501340517
Bldg_038_3St,Loma_Prieta_1989_Corralitos_scaled_0.39g,3.0,670960.952016786,9.738279216538054,0.5814586032302643,0.21822895584713087,0.15751830854494958,0.37531297092307303,0.9074263975091055,780.28692130387,223653.65067226198,118926299.32987614,129961841.76984638,0.8301725754315881,0.058719762660169365,0.3864,0.4116620618934086,0.2396404007189732,2.4907155508996683,11.41,0.6811214742642783,1.0778947368421052,0.5943112507893432,0.8776589644540423,0.7817881675674244,0.04991990280749241,1.5380725952105154,0.5394391338562022,0.8536782720855102,0.008411364583060976,0.009384188953364587,0.06021737052588105,3958891.223312413,8.049179700803618
Bldg_038_3St,Loma_Prieta_1989_Corralitos_scaled_0.90g,3.0,670960.952016786,9.738279216538054,0.5814586032302643,0.21822895584713087,0.15751830854494958,0.37531297092307303,0.9074263975091055,780.28692130387,223653.65067226198,118926299.32987614,129961841.76984638,0.8301725754315881,0.058719762660169365,0.9015999999999998,0.9605448110846201,0.5591609350109363,13.560562443787077,11.41,0.6811214742642782,1.0778947368421052,1.3867262518418229,2.047870917059428,1.824172390990655,0.11647977321748415,1.5380725952105403,0.5394391338562022,0.8536782720855103,0.019626517360475923,0.021896440891183987,0.14050719789372368,9237412.85439561,18.781419301877264
Bldg_038_3St,San_Fernando_1971_Pacoima,3.0,670960.952016786,9.738279216538054,0.5814586032302643,0.21822895584713087,0.15751830854494958,0.37531297092307303,0.9074263975091055,780.28692130387,223653.65067226198,118926299.32987614,129961841.76984638,0.8301725754315881,0.058719762660169365,1.17,1.0361741213226916,0.47368625496262196,19.729249200797177,9.42,0.461649004640927,0.28054794520547943,2.2346047534451685,3.536962415730716,2.420706414856396,0.18768433415716818,1.9099185926881783,2.0725819353422508,1.259525304690142,0.031626652289190406,0.029663433348993767,0.24834460573006592,12147088.807811068,37.3881609141528
Bldg_038_3St,San_Fernando_1971_Pacoima_scaled_0.70g,3.0,670960.952016786,9.738279216538054,0.5814586032302643,0.21822895584713087,0.15751830854494958,0.37531297092307303,0.9074263975091055,780.28692130387,223653.65067226198,118926299.32987614,129961841.76984638,0.8301725754315881,0.058719762660169365,0.7020000000000001,0.621704472793615,0.284211752977573,7.102529712286988,9.42,0.46164900464092706,0.28054794520547943,1.3407628520671102,2.1221774494384245,1.452423848913841,0.11261060049430167,1.909918592688191,2.0725819353422508,1.2595253046901418,0.018975991373514377,0.017798060009396547,0.14900676343804092,7288253.284686674,22.432896548491392
Bldg_038_3St,San_Fernando_1971_Pacoima_scaled_1.20g,3.0,670960.952016786,9.738279216538054,0.5814586032302643,0.21822895584713087,0.15751830854494958,0.37531297092307303,0.9074263975091055,780.28692130387,223653.65067226198,118926299.32987614,129961841.76984638,0.8301725754315881,0.058719762660169365,1.2,1.062742688536094,0.48583205637192123,20.75397680557232,9.42,0.461649004640927,0.28054794520547943,2.291902311225793,3.627653759723793,2.4827758101091235,0.1924967529817092,1.909918592688161,2.0725819353422508,1.259525304690142,0.03243759209147705,0.030424034204097016,0.25471241613340684,12458552.62339595,38.34683170682476
Bldg_038_3St,Imperial_Valley_1979_Array6,3.0,670960.952016786,9.738279216538054,0.5814586032302643,0.21822895584713087,0.15751830854494958,0.37531297092307303,0.9074263975091055,780.28692130387,223653.65067226198,118926299.32987614,129961841.76984638,0.8301725754315881,0.058719762660169365,0.439,0.4470557915681539,0.20993321390578878,3.03447831967358,11.25,0.4646807553227397,0.8192,0.7425359375865193,0.8988038059112028,0.933928870833296,0.06235464366702927,1.6914258259374015,0.7097883340213187,1.2513076915062205,0.010509207891941893,0.010796578579136847,0.07991312507272257,4554733.540763036,10.859179809220816
Bldg_038_3St,Imperial_Valley_1979_Array6_scaled_0.26g,3.0,670960.952016786,9.738279216538054,0.5814586032302643,0.21822895584713087,0.15751830854494958,0.37531297092307303,0.9074263975091055,780.28692130387,223653.65067226198,118926299.32987614,129961841.76984638,0.8301725754315881,0.058719762660169365,0.26339999999999997,0.26823347494089234,0.1259599283434734,1.0924121950824885,11.25,0.4646807553227397,0.8192,0.445521562551905,0.53928228354672,0.5603573224999765,0.03741278620021701,1.691425825937377,0.7097883340213187,1.2513076915062205,0.006305524735165043,0.006477947147482177,0.047947875043633154,2732840.124457851,6.515507885533504
Bldg_038_3St,Imperial_Valley_1979_Array6_scaled_0.61g,3.0,670960.952016786,9.738279216538054,0.5814586032302643,0.21822895584713087,0.15751830854494958,0.37531297092307303,0.9074263975091055,780.28692130387,223653.65067226198,118926299.32987614,129961841.76984638,0.8301725754315881,0.058719762660169365,0.6145999999999999,0.6258781081954151,0.2939064994681046,5.947577506560213,11.25,0.46468075532273967,0.8192,1.0395503126211094,1.2583253282756828,1.3075004191666122,0.08729650113383952,1.6914258259373731,0.7097883340213187,1.2513076915062207,0.014712891048718407,0.015115210010791712,0.11187837510181102,6376626.9570683045,15.202851732910272
Bldg_038_3St,Friuli_1976_Tolmezzo,3.0,670960.952016786,9.738279216538054,0.5814586032302643,0.21822895584713087,0.15751830854494958,0.37531297092307303,0.9074263975091055,780.28692130387,223653.65067226198,118926299.32987614,129961841.76984638,0.8301725754315881,0.058719762660169365,0.352,0.21352777719546898,0.102872191600987,1.308741949374992,10.049999999999999,0.4278323224718693,0.3250793650793651,0.42808403917332616,0.7411955665820527,0.5872320339209331,0.0359569776172056,1.2161478385605857,1.7886666017337232,1.359080585288168,0.0060587291943300535,0.006555970657096813,0.04532460119864791,2765755.7646863726,6.748574503729652
Bldg_038_3St,Friuli_1976_Tolmezzo_scaled_0.21g,3.0,670960.952016786,9.738279216538054,0.5814586032302643,0.21822895584713087,0.15751830854494958,0.37531297092307303,0.9074263975091055,780.28692130387,223653.65067226198,118926299.32987614,129961841.76984638,0.8301725754315881,0.058719762660169365,0.2112,0.12811666631728136,0.0617233149605922,0.471147101774997,10.049999999999999,0.42783232247186925,0.3250793650793651,0.2568504235039986,0.4447173399492295,0.35233922035256,0.021574186570323606,1.2161478385605995,1.7886666017337232,1.359080585288168,0.0036352375165980733,0.00393358239425813,0.027194760719189196,1659453.4588118414,4.0491447022382605
Bldg_038_3St,Friuli_1976_Tolmezzo_scaled_0.49g,3.0,670960.952016786,9.738279216538054,0.5814586032302643,0.21822895584713087,0.15751830854494958,0.37531297092307303,0.9074263975091055,780.28692130387,223653.65067226198,118926299.32987614,129961841.76984638,0.8301725754315881,0.058719762660169365,0.4927999999999999,0.2989388880736565,0.14402106824138175,2.5651342207749837,10.049999999999999,0.42783232247186936,0.3250793650793651,0.5993176548426556,1.0376737932148745,0.8221248474893043,0.05033976866408775,1.216147838560584,1.7886666017337232,1.3590805852881678,0.00848222087206206,0.009178358919935565,0.06345444167810765,3872058.0705609326,9.448004305220916
Bldg_039_3St,El_Centro_1940_NS,3.0,532860.2944545313,11.890482304305188,0.4107129396322553,0.15876053972412202,0.11447839721976313,0.3865486679486486,0.8958001841302572,690.8953248416667,177620.09815151044,183096848.05044726,214400511.75447863,0.7079889087216464,0.03476921926039584,0.348,0.546705574584446,0.18644040753129837,3.1070282308161543,13.060000000000002,0.534173757427226,0.7447272727272727,0.9056478208063039,1.0757412356017566,0.9805595940936602,0.0386948097792916,2.6024362666847813,0.5514944257757335,0.7688751720234206,0.0044283445846232,0.004676607123416199,0.044287877202657436,4477071.283323639,11.491642551570619
Bldg_039_3St,El_Centro_1940_NS_scaled_0.21g,3.0,532860.2944545313,11.890482304305188,0.4107129396322553,0.15876053972412202,0.11447839721976313,0.3865486679486486,0.8958001841302572,690.8953248416667,177620.09815151044,183096848.05044726,214400511.75447863,0.7079889087216464,0.03476921926039584,0.2088,0.3280233447506678,0.11186424451877919,1.1185301630938156,13.060000000000002,0.5341737574272261,0.7447272727272727,0.5433886924837861,0.6454447413610541,0.5883357564561955,0.023216885867575098,2.602436266684799,0.5514944257757335,0.7688751720234205,0.002657006750773938,0.0028059642740497566,0.026572726321594436,2686242.769994219,6.894985530942761
Bldg_039_3St,El_Centro_1940_NS_scaled_0.49g,3.0,532860.2944545313,11.890482304305188,0.4107129396322553,0.15876053972412202,0.11447839721976313,0.3865486679486486,0.8958001841302572,690.8953248416667,177620.09815151044,183096848.05044726,214400511.75447863,0.7079889087216464,0.03476921926039584,0.4871999999999999,0.7653878044182246,0.26101657054381694,6.089775332399659,13.060000000000002,0.5341737574272261,0.7447272727272727,1.267906949128841,1.5060377298424519,1.3727834317311187,0.05417273369100885,2.6024362666848138,0.5514944257757335,0.7688751720234205,0.006199682418472556,0.006547249972782702,0.06200302808372019,6267899.796653117,16.08829957219905
Bldg_039_3St,Northridge_1994_Sylmar,3.0,532860.2944545313,11.890482304305188,0.4107129396322553,0.15876053972412202,0.11447839721976313,0.3865486679486486,0.8958001841302572,690.8953248416667,177620.09815151044,183096848.05044726,214400511.75447863,0.7079889087216464,0.03476921926039584,0.843,0.8309546252613713,0.3287478434080909,9.138133288190668,9.37,0.4931760280806555,0.8192,2.128408770374989,2.0382763606238528,1.7986263976447145,0.08854357540961638,2.524802811832727,0.5013585688870303,0.8327917746340381,0.010407276687049473,0.011987685155464441,0.11636987505603812,10405849.921809034,32.58882644239041
Bldg_039_3St,Northridge_1994_Sylmar_scaled_0.51g,3.0,532860.2944545313,11.890482304305188,0.4107129396322553,0.15876053972412202,0.11447839721976313,0.3865486679486486,0.8958001841302572,690.8953248416667,177620.09815151044,183096848.05044726,214400511.75447863,0.7079889087216464,0.03476921926039584,0.5057999999999999,0.498572775156823,0.1972487060448539,3.289727983748639,9.37,0.49317602808065547,0.8192,1.2770452622249757,1.222965816374312,1.0791758385868284,0.053126145245769064,2.524802811832693,0.5013585688870303,0.8327917746340382,0.006244366012229598,0.007192611093278628,0.069821925033623,6243509.953085411,19.553295865434755
Bldg_039_3St,Northridge_1994_Sylmar_scaled_1.18g,3.0,532860.2944545313,11.890482304305188,0.4107129396322553,0.15876053972412202,0.11447839721976313,0.3865486679486486,0.8958001841302572,690.8953248416667,177620.09815151044,183096848.05044726,214400511.75447863,0.7079889087216464,0.03476921926039584,1.1802,1.163336475365919,0.4602469807713281,17.910741244853703,9.37,0.4931760280806554,0.8192,2.9797722785249867,2.8535869048733904,2.5180769567025996,0.12396100557346289,2.5248028118327293,0.5013585688870303,0.8327917746340382,0.014570187361869274,0.016782759217649972,0.1629178250784524,14568189.89053275,45.624357019347954
Bldg_039_3St,Loma_Prieta_1989_Corralitos,3.0,532860.2944545313,11.890482304305188,0.4107129396322553,0.15876053972412202,0.11447839721976313,0.3865486679486486,0.8958001841302572,690.8953248416667,177620.09815151044,183096848.05044726,214400511.75447863,0.7079889087216464,0.03476921926039584,0.644,0.6861034364890142,0.3994006678649551,6.918654308054634,11.41,0.6811214742642783,1.0778947368421052,1.6832335722027922,1.5395342163014005,1.358665003223069,0.07029539160248699,2.613716727022969,0.3810325123541431,0.6029951413232008,0.008230504289718171,0.008506731246380633,0.08460856539972879,7602937.572385229,22.953043710923872
Bldg_039_3St,Loma_Prieta_1989_Corralitos_scaled_0.39g,3.0,532860.2944545313,11.890482304305188,0.4107129396322553,0.15876053972412202,0.11447839721976313,0.3865486679486486,0.8958001841302572,690.8953248416667,177620.09815151044,183096848.05044726,214400511.75447863,0.7079889087216464,0.03476921926039584,0.3864,0.4116620618934086,0.2396404007189732,2.4907155508996683,11.41,0.6811214742642783,1.0778947368421052,1.00994014332167,0.9237205297808396,0.815199001933843,0.04217723496149199,2.6137167270229553,0.3810325123541431,0.6029951413232008,0.004938302573830876,0.0051040387478284,0.050765139239837005,4561762.543431145,13.771826226554582
Bldg_039_3St,Loma_Prieta_1989_Corralitos_scaled_0.90g,3.0,532860.2944545313,11.890482304305188,0.4107129396322553,0.15876053972412202,0.11447839721976313,0.3865486679486486,0.8958001841302572,690.8953248416667,177620.09815151044,183096848.05044726,214400511.75447863,0.7079889087216464,0.03476921926039584,0.9015999999999998,0.9605448110846201,0.5591609350109363,13.560562443787077,11.41,0.6811214742642782,1.0778947368421052,2.356527001083917,2.15534790282196,1.9021310045122992,0.09841354824348214,2.613716727022979,0.3810325123541431,0.6029951413232009,0.011522706005605479,0.011909423744932961,0.11845199155962108,10644112.601339411,32.134261195294265
Bldg_039_3St,San_Fernando_1971_Pacoima,3.0,532860.2944545313,11.890482304305188,0.4107129396322553,0.15876053972412202,0.11447839721976313,0.3865486679486486,0.8958001841302572,690.8953248416667,177620.09815151044,183096848.05044726,214400511.75447863,0.7079889087216464,0.03476921926039584,1.17,1.0361741213226916,0.47368625496262196,19.729249200797177,9.42,0.461649004640927,0.28054794520547943,2.2868806373933794,3.048756947147494,2.7709040660735575,0.09572734709674327,1.954598835378957,1.4639670211501288,0.889664952167957,0.011182156301402464,0.010729856946159386,0.10781232520198994,9809040.795334226,27.48806187120079
Bldg_039_3St,San_Fernando_1971_Pacoima_scaled_0.70g,3.0,532860.2944545313,11.890482304305188,0.4107129396322553,0.15876053972412202,0.11447839721976313,0.3865486679486486,0.8958001841302572,690.8953248416667,177620.09815151044,183096848.05044726,214400511.75447863,0.7079889087216464,0.03476921926039584,0.7020000000000001,0.621704472793615,0.284211752977573,7.102529712286988,9.42,0.46164900464092706,0.28054794520547943,1.3721283824360186,1.8292541682885024,1.662542439644136,0.05743640825804558,1.9545988353789439,1.4639670211501288,0.8896649521679569,0.006709293780841436,0.006437914167695676,0.06468739512119426,5885424.477200549,16.492837122721326
Bldg_039_3St,San_Fernando_1971_Pacoima_scaled_1.20g,3.0,532860.2944545313,11.890482304305188,0.4107129396322553,0.15876053972412202,0.11447839721976313,0.3865486679486486,0.8958001841302572,690.8953248416667,177620.09815151044,183096848.05044726,214400511.75447863,0.7079889087216464,0.03476921926039584,1.2,1.062742688536094,0.48583205637192123,20.75397680557232,9.42,0.461649004640927,0.28054794520547943,2.345518602454715,3.126930202202559,2.8419528882805767,0.09818189445819685,1.9545988353789294,1.4639670211501288,0.889664952167957,0.01146887825784852,0.01100498148324063,0.11057674379691423,10060554.661881397,28.1928839704647
Bldg_039_3St,Imperial_Valley_1979_Array6,3.0,532860.2944545313,11.890482304305188,0.4107129396322553,0.15876053972412202,0.11447839721976313,0.3865486679486486,0.8958001841302572,690.8953248416667,177620.09815151044,183096848.05044726,214400511.75447863,0.7079889087216464,0.03476921926039584,0.439,0.4470557915681539,0.20993321390578878,3.03447831967358,11.25,0.4646807553227397,0.8192,1.0447742506216429,1.136536278720071,0.8937523885376396,0.043899568349351006,2.379895787293036,0.5013585688870303,0.8838604459678956,0.005108630848109372,0.005178605748330934,0.05028149653807476,4332537.219682999,13.11286279013362
Bldg_039_3St,Imperial_Valley_1979_Array6_scaled_0.26g,3.0,532860.2944545313,11.890482304305188,0.4107129396322553,0.15876053972412202,0.11447839721976313,0.3865486679486486,0.8958001841302572,690.8953248416667,177620.09815151044,183096848.05044726,214400511.75447863,0.7079889087216464,0.03476921926039584,0.26339999999999997,0.26823347494089234,0.1259599283434734,1.0924121950824885,11.25,0.4646807553227397,0.8192,0.6268645503729919,0.6819217672320426,0.5362514331225829,0.02633974100961086,2.37989578729306,0.5013585688870303,0.8838604459678956,0.003065178508865654,0.003107163448998527,0.030168897922844617,2599522.3318097675,7.867717674080337
Bldg_039_3St,Imperial_Valley_1979_Array6_scaled_0.61g,3.0,532860.2944545313,11.890482304305188,0.4107129396322553,0.15876053972412202,0.11447839721976313,0.3865486679486486,0.8958001841302572,690.8953248416667,177620.09815151044,183096848.05044726,214400511.75447863,0.7079889087216464,0.03476921926039584,0.6145999999999999,0.6258781081954151,0.2939064994681046,5.947577506560213,11.25,0.46468075532273967,0.8192,1.4626839508702905,1.5911507902080964,1.251253343952695,0.06145939568909104,2.379895787293021,0.5013585688870303,0.8838604459678957,0.007152083187353075,0.007250048047663255,0.07039409515330422,6065552.10755614,18.35800790618665
Bldg_039_3St,Friuli_1976_Tolmezzo,3.0,532860.2944545313,11.890482304305188,0.4107129396322553,0.15876053972412202,0.11447839721976313,0.3865486679486486,0.8958001841302572,690.8953248416667,177620.09815151044,183096848.05044726,214400511.75447863,0.7079889087216464,0.03476921926039584,0.352,0.21352777719546898,0.102872191600987,1.308741949374992,10.049999999999999,0.4278323224718693,0.3250793650793651,0.792679353312647,0.6872946642082421,0.8387860693315689,0.03329634338535529,2.2519299810018385,1.2634235935953166,0.9599857655898834,0.0038759628643057703,0.0045745567664657845,0.04476999690562314,3792684.077436564,11.091584039847701
Bldg_039_3St,Friuli_1976_Tolmezzo_scaled_0.21g,3.0,532860.2944545313,11.890482304305188,0.4107129396322553,0.15876053972412202,0.11447839721976313,0.3865486679486486,0.8958001841302572,690.8953248416667,177620.09815151044,183096848.05044726,214400511.75447863,0.7079889087216464,0.03476921926039584,0.2112,0.12811666631728136,0.0617233149605922,0.471147101774997,10.049999999999999,0.42783232247186925,0.3250793650793651,0.4756076119875872,0.4123767985249447,0.503271641598943,0.019977806031213127,2.2519299810018336,1.2634235935953166,0.9599857655898835,0.0023255777185834567,0.002744734059879472,0.026861998143373755,2275610.446461905,6.6549504239084785
Bldg_039_3St,Friuli_1976_Tolmezzo_scaled_0.49g,3.0,532860.2944545313,11.890482304305188,0.4107129396322553,0.15876053972412202,0.11447839721976313,0.3865486679486486,0.8958001841302572,690.8953248416667,177620.09815151044,183096848.05044726,214400511.75447863,0.7079889087216464,0.03476921926039584,0.4927999999999999,0.2989388880736565,0.14402106824138175,2.5651342207749837,10.049999999999999,0.42783232247186936,0.3250793650793651,1.1097510946377056,0.9622125298915365,1.174300497064198,0.04661488073949739,2.251929981001838,1.2634235935953166,0.9599857655898832,0.005426348010028077,0.006404379473052046,0.06267799566787194,5309757.708411152,15.528217655786712
Bldg_040_5St,El_Centro_1940_NS,5.0,886610.9492362948,19.765736699798776,1.0612910403555909,0.38285605262008715,0.2551718244840761,0.36074558067672874,0.8574015036543967,871.8839148829684,177322.18984725897,67561726.4654356,78967512.31225075,0.6389089160579486,0.024267970004537443,0.348,0.546705574584446,0.18644040753129837,3.1070282308161543,13.060000000000002,0.534173757427226,0.7447272727272727,0.3188572788172695,0.854890731378988,1.702207349611132,0.08920483014356775,0.9162565483254871,1.4250734184462281,1.9867899266844415,0.0076145261747070595,0.009292577326506827,0.11648313331578126,2900865.8269835105,8.99755681875739
Bldg_040_5St,El_Centro_1940_NS_scaled_0.21g,5.0,886610.9492362948,19.765736699798776,1.0612910403555909,0.38285605262008715,0.2551718244840761,0.36074558067672874,0.8574015036543967,871.8839148829684,177322.18984725897,67561726.4654356,78967512.31225075,0.6389089160579486,0.024267970004537443,0.2088,0.3280233447506678,0.11186424451877919,1.1185301630938156,13.060000000000002,0.5341737574272261,0.7447272727272727,0.1913143672903616,0.5129344388273965,1.0213244097666845,0.05352289808614066,0.9162565483254865,1.4250734184462281,1.986789926684441,0.004568715704824234,0.005575546395904209,0.06988987998946748,1740519.496190142,5.39853409125447
Bldg_040_5St,El_Centro_1940_NS_scaled_0.49g,5.0,886610.9492362948,19.765736699798776,1.0612910403555909,0.38285605262008715,0.2551718244840761,0.36074558067672874,0.8574015036543967,871.8839148829684,177322.18984725897,67561726.4654356,78967512.31225075,0.6389089160579486,0.024267970004537443,0.4871999999999999,0.7653878044182246,0.26101657054381694,6.089775332399659,13.060000000000002,0.5341737574272261,0.7447272727272727,0.4464001903441696,1.1968470239306028,2.383090289455593,0.12488676220099264,0.9162565483254714,1.4250734184462281,1.986789926684441,0.0106603366445897,0.013009608257109681,0.1630763866420852,4061212.1577769537,12.596579546260271
Bldg_040_5St,Northridge_1994_Sylmar,5.0,886610.9492362948,19.765736699798776,1.0612910403555909,0.38285605262008715,0.2551718244840761,0.36074558067672874,0.8574015036543967,871.8839148829684,177322.18984725897,67561726.4654356,78967512.31225075,0.6389089160579486,0.024267970004537443,0.843,0.8309546252613713,0.3287478434080909,9.138133288190668,9.37,0.4931760280806555,0.8192,0.96220626762431,2.9015102138292668,2.369029899858997,0.26912180333483837,1.1414071976563585,1.2955212894965709,2.151951797993766,0.02297813252835072,0.027073619430999587,0.36706497479151495,8451577.496817697,22.760699959384596
Bldg_040_5St,Northridge_1994_Sylmar_scaled_0.51g,5.0,886610.9492362948,19.765736699798776,1.0612910403555909,0.38285605262008715,0.2551718244840761,0.36074558067672874,0.8574015036543967,871.8839148829684,177322.18984725897,67561726.4654356,78967512.31225075,0.6389089160579486,0.024267970004537443,0.5057999999999999,0.498572775156823,0.1972487060448539,3.289727983748639,9.37,0.49317602808065547,0.8192,0.5773237605746261,1.740906128297593,1.421417939915403,0.16147308200091423,1.1414071976564377,1.2955212894965709,2.1519517979937666,0.013786879517011387,0.016244171658599614,0.22023898487490917,5070946.498090575,13.656419975631488
Bldg_040_5St,Northridge_1994_Sylmar_scaled_1.18g,5.0,886610.9492362948,19.765736699798776,1.0612910403555909,0.38285605262008715,0.2551718244840761,0.36074558067672874,0.8574015036543967,871.8839148829684,177322.18984725897,67561726.4654356,78967512.31225075,0.6389089160579486,0.024267970004537443,1.1802,1.163336475365919,0.4602469807713281,17.910741244853703,9.37,0.4931760280806554,0.8192,1.3470887746740863,4.062114299361038,3.3166418598025937,0.37677052466878835,1.1414071976564026,1.2955212894965709,2.151951797993767,0.03216938553969225,0.03790306720339888,0.5138909647081182,11832208.495544607,31.86497994314076
Bldg_040_5St,Loma_Prieta_1989_Corralitos,5.0,886610.9492362948,19.765736699798776,1.0612910403555909,0.38285605262008715,0.2551718244840761,0.36074558067672874,0.8574015036543967,871.8839148829684,177322.18984725897,67561726.4654356,78967512.31225075,0.6389089160579486,0.024267970004537443,0.644,0.6861034364890142,0.3994006678649551,6.918654308054634,11.41,0.6811214742642783,1.0778947368421052,1.1994848507869276,2.1441644761162,2.1820166409864132,0.3353957264505051,1.8625541161287695,0.9845961800173939,1.55815237142825,0.02864450460833255,0.03186871806618844,0.4485910636891071,9948464.45068322,23.601458540988727
Bldg_040_5St,Loma_Prieta_1989_Corralitos_scaled_0.39g,5.0,886610.9492362948,19.765736699798776,1.0612910403555909,0.38285605262008715,0.2551718244840761,0.36074558067672874,0.8574015036543967,871.8839148829684,177322.18984725897,67561726.4654356,78967512.31225075,0.6389089160579486,0.024267970004537443,0.3864,0.4116620618934086,0.2396404007189732,2.4907155508996683,11.41,0.6811214742642783,1.0778947368421052,0.7196909104721871,1.2864986856697243,1.3092099845918423,0.20123743587031176,1.8625541161288486,0.9845961800173939,1.55815237142825,0.017186702765000256,0.019121230839714228,0.2691546382134767,5969078.670410295,14.160875124593755
Bldg_040_5St,Loma_Prieta_1989_Corralitos_scaled_0.90g,5.0,886610.9492362948,19.765736699798776,1.0612910403555909,0.38285605262008715,0.2551718244840761,0.36074558067672874,0.8574015036543967,871.8839148829684,177322.18984725897,67561726.4654356,78967512.31225075,0.6389089160579486,0.024267970004537443,0.9015999999999998,0.9605448110846201,0.5591609350109363,13.560562443787077,11.41,0.6811214742642782,1.0778947368421052,1.6792787911016616,3.001830266562683,3.054823297380992,0.46955401703069655,1.8625541161287287,0.9845961800173939,1.5581523714282501,0.04010230645166468,0.044616205292664926,0.6280274891647595,13927850.230956854,33.042041957393614
Bldg_040_5St,San_Fernando_1971_Pacoima,5.0,886610.9492362948,19.765736699798776,1.0612910403555909,0.38285605262008715,0.2551718244840761,0.36074558067672874,0.8574015036543967,871.8839148829684,177322.18984725897,67561726.4654356,78967512.31225075,0.6389089160579486,0.024267970004537443,1.17,1.0361741213226916,0.47368625496262196,19.729249200797177,9.42,0.461649004640927,0.28054794520547943,1.2509668362008435,2.823120338242196,5.143932107130634,0.35003354990247154,1.0692024241032851,3.782922165329987,2.2989133079168416,0.029873929029547667,0.03266178108881147,0.48513817595609626,8858279.177005013,28.406814755114436
Bldg_040_5St,San_Fernando_1971_Pacoima_scaled_0.70g,5.0,886610.9492362948,19.765736699798776,1.0612910403555909,0.38285605262008715,0.2551718244840761,0.36074558067672874,0.8574015036543967,871.8839148829684,177322.18984725897,67561726.4654356,78967512.31225075,0.6389089160579486,0.024267970004537443,0.7020000000000001,0.621704472793615,0.284211752977573,7.102529712286988,9.42,0.46164900464092706,0.28054794520547943,0.7505801017205357,1.693872202945309,3.0863592642783835,0.2100201299414912,1.069202424103327,3.782922165329987,2.298913307916841,0.017924357417729308,0.019597068653287454,0.29108290557365957,5314967.506203121,17.044088853071944
Bldg_040_5St,San_Fernando_1971_Pacoima_scaled_1.20g,5.0,886610.9492362948,19.765736699798776,1.0612910403555909,0.38285605262008715,0.2551718244840761,0.36074558067672874,0.8574015036543967,871.8839148829684,177322.18984725897,67561726.4654356,78967512.31225075,0.6389089160579486,0.024267970004537443,1.2,1.062742688536094,0.48583205637192123,20.75397680557232,9.42,0.461649004640927,0.28054794520547943,1.2830429089239475,2.895508039222729,5.275827802185301,0.3590087691307416,1.0692024241032896,3.782922165329987,2.2989133079168416,0.030639927209792608,0.03349926265519184,0.4975776163652288,9085414.540518193,29.135194620633055
Bldg_040_5St,Imperial_Valley_1979_Array6,5.0,886610.9492362948,19.765736699798776,1.0612910403555909,0.38285605262008715,0.2551718244840761,0.36074558067672874,0.8574015036543967,871.8839148829684,177322.18984725897,67561726.4654356,78967512.31225075,0.6389089160579486,0.024267970004537443,0.439,0.4470557915681539,0.20993321390578878,3.03447831967358,11.25,0.4646807553227397,0.8192,0.44081171004854564,1.2724348350860089,1.1545682282148308,0.12341165409764862,1.0041269021606962,1.2955212894965709,2.283914339466202,0.010526879978191158,0.010696792628814893,0.16353747080504466,3339220.0145320403,10.176756046251302
Bldg_040_5St,Imperial_Valley_1979_Array6_scaled_0.26g,5.0,886610.9492362948,19.765736699798776,1.0612910403555909,0.38285605262008715,0.2551718244840761,0.36074558067672874,0.8574015036543967,871.8839148829684,177322.18984725897,67561726.4654356,78967512.31225075,0.6389089160579486,0.024267970004537443,0.26339999999999997,0.26823347494089234,0.1259599283434734,1.0924121950824885,11.25,0.4646807553227397,0.8192,0.2644870260291274,0.7634609010516124,0.6927409369288953,0.07404699245858913,1.0041269021606962,1.2955212894965709,2.283914339466202,0.0063161279869146944,0.006418075577289147,0.09812248248302805,2003532.0087192901,6.1060536277515
Bldg_040_5St,Imperial_Valley_1979_Array6_scaled_0.61g,5.0,886610.9492362948,19.765736699798776,1.0612910403555909,0.38285605262008715,0.2551718244840761,0.36074558067672874,0.8574015036543967,871.8839148829684,177322.18984725897,67561726.4654356,78967512.31225075,0.6389089160579486,0.024267970004537443,0.6145999999999999,0.6258781081954151,0.2939064994681046,5.947577506560213,11.25,0.46468075532273967,0.8192,0.6171363940679503,1.7814087691204237,1.6163955195007644,0.1727763157367042,1.0041269021606742,1.2955212894965709,2.283914339466202,0.014737631969467294,0.014975509680340603,0.2289524591270594,4674908.02034478,14.247458464752807
Bldg_040_5St,Friuli_1976_Tolmezzo,5.0,886610.9492362948,19.765736699798776,1.0612910403555909,0.38285605262008715,0.2551718244840761,0.36074558067672874,0.8574015036543967,871.8839148829684,177322.18984725897,67561726.4654356,78967512.31225075,0.6389089160579486,0.024267970004537443,0.352,0.21352777719546898,0.102872191600987,1.308741949374992,10.049999999999999,0.4278323224718693,0.3250793650793651,0.25849729580942,0.897400387644605,1.1769188219897835,0.07239497021762345,0.7343673176403978,3.2647136495313585,2.48062379724798,0.006173089202582808,0.006060920767037814,0.09544009912541705,1892038.9161576019,5.803030670501607
Bldg_040_5St,Friuli_1976_Tolmezzo_scaled_0.21g,5.0,886610.9492362948,19.765736699798776,1.0612910403555909,0.38285605262008715,0.2551718244840761,0.36074558067672874,0.8574015036543967,871.8839148829684,177322.18984725897,67561726.4654356,78967512.31225075,0.6389089160579486,0.024267970004537443,0.2112,0.12811666631728136,0.0617233149605922,0.471147101774997,10.049999999999999,0.42783232247186925,0.3250793650793651,0.15509837748565644,0.5384402325867669,0.7061512931938699,0.04343698213057532,0.7343673176404187,3.2647136495313585,2.4806237972479805,0.0037038535215497903,0.0036365524602221997,0.057264059475246924,1135223.3496944085,3.4818184023010814
Bldg_040_5St,Friuli_1976_Tolmezzo_scaled_0.49g,5.0,886610.9492362948,19.765736699798776,1.0612910403555909,0.38285605262008715,0.2551718244840761,0.36074558067672874,0.8574015036543967,871.8839148829684,177322.18984725897,67561726.4654356,78967512.31225075,0.6389089160579486,0.024267970004537443,0.4927999999999999,0.2989388880736565,0.14402106824138175,2.5651342207749837,10.049999999999999,0.42783232247186936,0.3250793650793651,0.3618962141331863,1.2563605427024525,1.6476863507856896,0.10135295830467236,0.7343673176403944,3.2647136495313585,2.48062379724798,0.008642324883615889,0.008485289073852289,0.1336161387755803,2648854.4826204395,8.124242938702077
